price_id,date,admin1,admin2,market,market_id,commodity,unit,pricetype,currency,price,usdprice,usd_price_micros,source_url,downloaded_at
4643:Rice (imported):2024-09-15,2024-09-15,Androy,Ambovombe-Androy,Ambondro,4643,Rice (imported),KG,Retail,MGA,3850,0.85,850000,https://data.humdata.org/dataset/wfp-food-prices-for-madagascar,2026-09-27
4643:Rice (local):2024-09-15,2024-09-15,Androy,Ambovombe-Androy,Ambondro,4643,Rice (local),KG,Retail,MGA,3850,0.85,850000,https://data.humdata.org/dataset/wfp-food-prices-for-madagascar,2026-09-27
"4643:Oil (vegetable, packaged):2024-09-15",2024-09-15,Androy,Ambovombe-Androy,Ambondro,4643,"Oil (vegetable, packaged)",L,Retail,MGA,8000,1.76,1760000,https://data.humdata.org/dataset/wfp-food-prices-for-madagascar,2026-09-27
736:Rice (imported):2024-09-15,2024-09-15,Androy,Ambovombe-Androy,Ambovombe-androy,736,Rice (imported),KG,Retail,MGA,3150,0.69,690000,https://data.humdata.org/dataset/wfp-food-prices-for-madagascar,2026-09-27
736:Rice (local):2024-09-15,2024-09-15,Androy,Ambovombe-Androy,Ambovombe-androy,736,Rice (local),KG,Retail,MGA,3150,0.69,690000,https://data.humdata.org/dataset/wfp-food-prices-for-madagascar,2026-09-27
"736:Oil (vegetable, packaged):2024-09-15",2024-09-15,Androy,Ambovombe-Androy,Ambovombe-androy,736,"Oil (vegetable, packaged)",L,Retail,MGA,8000,1.76,1760000,https://data.humdata.org/dataset/wfp-food-prices-for-madagascar,2026-09-27
6557:Rice (imported):2024-09-15,2024-09-15,Androy,Ambovombe-Androy,Ampamata,6557,Rice (imported),KG,Retail,MGA,3850,0.85,850000,https://data.humdata.org/dataset/wfp-food-prices-for-madagascar,2026-09-27
6557:Rice (local):2024-09-15,2024-09-15,Androy,Ambovombe-Androy,Ampamata,6557,Rice (local),KG,Retail,MGA,3850,0.85,850000,https://data.humdata.org/dataset/wfp-food-prices-for-madagascar,2026-09-27
"6557:Oil (vegetable, packaged):2024-09-15",2024-09-15,Androy,Ambovombe-Androy,Ampamata,6557,"Oil (vegetable, packaged)",L,Retail,MGA,9500,2.09,2090000,https://data.humdata.org/dataset/wfp-food-prices-for-madagascar,2026-09-27
4972:Rice (imported):2024-09-15,2024-09-15,Androy,Ambovombe-Androy,Andalatanosy,4972,Rice (imported),KG,Retail,MGA,3500,0.77,770000,https://data.humdata.org/dataset/wfp-food-prices-for-madagascar,2026-09-27
4972:Rice (local):2024-09-15,2024-09-15,Androy,Ambovombe-Androy,Andalatanosy,4972,Rice (local),KG,Retail,MGA,3500,0.77,770000,https://data.humdata.org/dataset/wfp-food-prices-for-madagascar,2026-09-27
"4972:Oil (vegetable, packaged):2024-09-15",2024-09-15,Androy,Ambovombe-Androy,Andalatanosy,4972,"Oil (vegetable, packaged)",L,Retail,MGA,9000,1.98,1980000,https://data.humdata.org/dataset/wfp-food-prices-for-madagascar,2026-09-27
4644:Rice (imported):2024-09-15,2024-09-15,Androy,Ambovombe-Androy,Antanimora Atsimo,4644,Rice (imported),KG,Retail,MGA,3150,0.69,690000,https://data.humdata.org/dataset/wfp-food-prices-for-madagascar,2026-09-27
4644:Rice (local):2024-09-15,2024-09-15,Androy,Ambovombe-Androy,Antanimora Atsimo,4644,Rice (local),KG,Retail,MGA,3500,0.77,770000,https://data.humdata.org/dataset/wfp-food-prices-for-madagascar,2026-09-27
"4644:Oil (vegetable, packaged):2024-09-15",2024-09-15,Androy,Ambovombe-Androy,Antanimora Atsimo,4644,"Oil (vegetable, packaged)",L,Retail,MGA,8500,1.87,1870000,https://data.humdata.org/dataset/wfp-food-prices-for-madagascar,2026-09-27
"6558:Oil (vegetable, packaged):2024-09-15",2024-09-15,Androy,Ambovombe-Androy,Imanombo,6558,"Oil (vegetable, packaged)",L,Retail,MGA,11000,2.42,2420000,https://data.humdata.org/dataset/wfp-food-prices-for-madagascar,2026-09-27
6559:Rice (imported):2024-09-15,2024-09-15,Androy,Ambovombe-Androy,Jafaro,6559,Rice (imported),KG,Retail,MGA,3500,0.77,770000,https://data.humdata.org/dataset/wfp-food-prices-for-madagascar,2026-09-27
6559:Rice (local):2024-09-15,2024-09-15,Androy,Ambovombe-Androy,Jafaro,6559,Rice (local),KG,Retail,MGA,3500,0.77,770000,https://data.humdata.org/dataset/wfp-food-prices-for-madagascar,2026-09-27
"6559:Oil (vegetable, packaged):2024-09-15",2024-09-15,Androy,Ambovombe-Androy,Jafaro,6559,"Oil (vegetable, packaged)",L,Retail,MGA,10000,2.2,2200000,https://data.humdata.org/dataset/wfp-food-prices-for-madagascar,2026-09-27
10149:Rice (imported):2024-09-15,2024-09-15,Androy,Ambovombe-Androy,Soatsifa,10149,Rice (imported),KG,Retail,MGA,3325,0.73,730000,https://data.humdata.org/dataset/wfp-food-prices-for-madagascar,2026-09-27
10149:Rice (local):2024-09-15,2024-09-15,Androy,Ambovombe-Androy,Soatsifa,10149,Rice (local),KG,Retail,MGA,3500,0.77,770000,https://data.humdata.org/dataset/wfp-food-prices-for-madagascar,2026-09-27
"10149:Oil (vegetable, packaged):2024-09-15",2024-09-15,Androy,Ambovombe-Androy,Soatsifa,10149,"Oil (vegetable, packaged)",L,Retail,MGA,9000,1.98,1980000,https://data.humdata.org/dataset/wfp-food-prices-for-madagascar,2026-09-27
7209:Rice (imported):2024-09-15,2024-09-15,Androy,Bekily,Ambatosola,7209,Rice (imported),KG,Retail,MGA,3500,0.77,770000,https://data.humdata.org/dataset/wfp-food-prices-for-madagascar,2026-09-27
7209:Rice (local):2024-09-15,2024-09-15,Androy,Bekily,Ambatosola,7209,Rice (local),KG,Retail,MGA,3500,0.77,770000,https://data.humdata.org/dataset/wfp-food-prices-for-madagascar,2026-09-27
"7209:Oil (vegetable, packaged):2024-09-15",2024-09-15,Androy,Bekily,Ambatosola,7209,"Oil (vegetable, packaged)",L,Retail,MGA,12000,2.64,2640000,https://data.humdata.org/dataset/wfp-food-prices-for-madagascar,2026-09-27
6849:Rice (imported):2024-09-15,2024-09-15,Androy,Bekily,Bevitiky,6849,Rice (imported),KG,Retail,MGA,3850,0.85,850000,https://data.humdata.org/dataset/wfp-food-prices-for-madagascar,2026-09-27
6849:Rice (local):2024-09-15,2024-09-15,Androy,Bekily,Bevitiky,6849,Rice (local),KG,Retail,MGA,3850,0.85,850000,https://data.humdata.org/dataset/wfp-food-prices-for-madagascar,2026-09-27
"6849:Oil (vegetable, packaged):2024-09-15",2024-09-15,Androy,Bekily,Bevitiky,6849,"Oil (vegetable, packaged)",L,Retail,MGA,10000,2.2,2200000,https://data.humdata.org/dataset/wfp-food-prices-for-madagascar,2026-09-27
4645:Rice (imported):2024-09-15,2024-09-15,Androy,Bekily,Manambahy Bekitro,4645,Rice (imported),KG,Retail,MGA,3850,0.85,850000,https://data.humdata.org/dataset/wfp-food-prices-for-madagascar,2026-09-27
4645:Rice (local):2024-09-15,2024-09-15,Androy,Bekily,Manambahy Bekitro,4645,Rice (local),KG,Retail,MGA,3850,0.85,850000,https://data.humdata.org/dataset/wfp-food-prices-for-madagascar,2026-09-27
"4645:Oil (vegetable, packaged):2024-09-15",2024-09-15,Androy,Bekily,Manambahy Bekitro,4645,"Oil (vegetable, packaged)",L,Retail,MGA,12000,2.64,2640000,https://data.humdata.org/dataset/wfp-food-prices-for-madagascar,2026-09-27
"7208:Oil (vegetable, packaged):2024-09-15",2024-09-15,Androy,Bekily,Mikaikarivo Ambatomainty,7208,"Oil (vegetable, packaged)",L,Retail,MGA,12000,2.64,2640000,https://data.humdata.org/dataset/wfp-food-prices-for-madagascar,2026-09-27
738:Rice (imported):2024-09-15,2024-09-15,Androy,Bekily,Morafeno Bekily,738,Rice (imported),KG,Retail,MGA,3850,0.85,850000,https://data.humdata.org/dataset/wfp-food-prices-for-madagascar,2026-09-27
738:Rice (local):2024-09-15,2024-09-15,Androy,Bekily,Morafeno Bekily,738,Rice (local),KG,Retail,MGA,3850,0.85,850000,https://data.humdata.org/dataset/wfp-food-prices-for-madagascar,2026-09-27
"738:Oil (vegetable, packaged):2024-09-15",2024-09-15,Androy,Bekily,Morafeno Bekily,738,"Oil (vegetable, packaged)",L,Retail,MGA,11000,2.42,2420000,https://data.humdata.org/dataset/wfp-food-prices-for-madagascar,2026-09-27
735:Rice (imported):2024-09-15,2024-09-15,Androy,Tsihombe,Tsihombe,735,Rice (imported),KG,Retail,MGA,3675,0.81,810000,https://data.humdata.org/dataset/wfp-food-prices-for-madagascar,2026-09-27
735:Rice (local):2024-09-15,2024-09-15,Androy,Tsihombe,Tsihombe,735,Rice (local),KG,Retail,MGA,3675,0.81,810000,https://data.humdata.org/dataset/wfp-food-prices-for-madagascar,2026-09-27
"735:Oil (vegetable, packaged):2024-09-15",2024-09-15,Androy,Tsihombe,Tsihombe,735,"Oil (vegetable, packaged)",L,Retail,MGA,8000,1.76,1760000,https://data.humdata.org/dataset/wfp-food-prices-for-madagascar,2026-09-27
4643:Rice (imported):2024-10-15,2024-10-15,Androy,Ambovombe-Androy,Ambondro,4643,Rice (imported),KG,Retail,MGA,3850,0.84,840000,https://data.humdata.org/dataset/wfp-food-prices-for-madagascar,2026-09-27
4643:Rice (local):2024-10-15,2024-10-15,Androy,Ambovombe-Androy,Ambondro,4643,Rice (local),KG,Retail,MGA,3850,0.84,840000,https://data.humdata.org/dataset/wfp-food-prices-for-madagascar,2026-09-27
"4643:Oil (vegetable, packaged):2024-10-15",2024-10-15,Androy,Ambovombe-Androy,Ambondro,4643,"Oil (vegetable, packaged)",L,Retail,MGA,9000,1.96,1960000,https://data.humdata.org/dataset/wfp-food-prices-for-madagascar,2026-09-27
736:Rice (imported):2024-10-15,2024-10-15,Androy,Ambovombe-Androy,Ambovombe-androy,736,Rice (imported),KG,Retail,MGA,3150,0.69,690000,https://data.humdata.org/dataset/wfp-food-prices-for-madagascar,2026-09-27
736:Rice (local):2024-10-15,2024-10-15,Androy,Ambovombe-Androy,Ambovombe-androy,736,Rice (local),KG,Retail,MGA,3325,0.73,730000,https://data.humdata.org/dataset/wfp-food-prices-for-madagascar,2026-09-27
"736:Oil (vegetable, packaged):2024-10-15",2024-10-15,Androy,Ambovombe-Androy,Ambovombe-androy,736,"Oil (vegetable, packaged)",L,Retail,MGA,8000,1.74,1740000,https://data.humdata.org/dataset/wfp-food-prices-for-madagascar,2026-09-27
6557:Rice (imported):2024-10-15,2024-10-15,Androy,Ambovombe-Androy,Ampamata,6557,Rice (imported),KG,Retail,MGA,3850,0.84,840000,https://data.humdata.org/dataset/wfp-food-prices-for-madagascar,2026-09-27
"6557:Oil (vegetable, packaged):2024-10-15",2024-10-15,Androy,Ambovombe-Androy,Ampamata,6557,"Oil (vegetable, packaged)",L,Retail,MGA,10000,2.18,2180000,https://data.humdata.org/dataset/wfp-food-prices-for-madagascar,2026-09-27
4972:Rice (imported):2024-10-15,2024-10-15,Androy,Ambovombe-Androy,Andalatanosy,4972,Rice (imported),KG,Retail,MGA,3850,0.84,840000,https://data.humdata.org/dataset/wfp-food-prices-for-madagascar,2026-09-27
"4972:Oil (vegetable, packaged):2024-10-15",2024-10-15,Androy,Ambovombe-Androy,Andalatanosy,4972,"Oil (vegetable, packaged)",L,Retail,MGA,10000,2.18,2180000,https://data.humdata.org/dataset/wfp-food-prices-for-madagascar,2026-09-27
4644:Rice (imported):2024-10-15,2024-10-15,Androy,Ambovombe-Androy,Antanimora Atsimo,4644,Rice (imported),KG,Retail,MGA,3850,0.84,840000,https://data.humdata.org/dataset/wfp-food-prices-for-madagascar,2026-09-27
"4644:Oil (vegetable, packaged):2024-10-15",2024-10-15,Androy,Ambovombe-Androy,Antanimora Atsimo,4644,"Oil (vegetable, packaged)",L,Retail,MGA,10000,2.18,2180000,https://data.humdata.org/dataset/wfp-food-prices-for-madagascar,2026-09-27
"6558:Oil (vegetable, packaged):2024-10-15",2024-10-15,Androy,Ambovombe-Androy,Imanombo,6558,"Oil (vegetable, packaged)",L,Retail,MGA,10000,2.18,2180000,https://data.humdata.org/dataset/wfp-food-prices-for-madagascar,2026-09-27
"6559:Oil (vegetable, packaged):2024-10-15",2024-10-15,Androy,Ambovombe-Androy,Jafaro,6559,"Oil (vegetable, packaged)",L,Retail,MGA,10000,2.18,2180000,https://data.humdata.org/dataset/wfp-food-prices-for-madagascar,2026-09-27
10149:Rice (imported):2024-10-15,2024-10-15,Androy,Ambovombe-Androy,Soatsifa,10149,Rice (imported),KG,Retail,MGA,3500,0.76,760000,https://data.humdata.org/dataset/wfp-food-prices-for-madagascar,2026-09-27
10149:Rice (local):2024-10-15,2024-10-15,Androy,Ambovombe-Androy,Soatsifa,10149,Rice (local),KG,Retail,MGA,3500,0.76,760000,https://data.humdata.org/dataset/wfp-food-prices-for-madagascar,2026-09-27
"10149:Oil (vegetable, packaged):2024-10-15",2024-10-15,Androy,Ambovombe-Androy,Soatsifa,10149,"Oil (vegetable, packaged)",L,Retail,MGA,10000,2.18,2180000,https://data.humdata.org/dataset/wfp-food-prices-for-madagascar,2026-09-27
7209:Rice (imported):2024-10-15,2024-10-15,Androy,Bekily,Ambatosola,7209,Rice (imported),KG,Retail,MGA,3500,0.76,760000,https://data.humdata.org/dataset/wfp-food-prices-for-madagascar,2026-09-27
7209:Rice (local):2024-10-15,2024-10-15,Androy,Bekily,Ambatosola,7209,Rice (local),KG,Retail,MGA,3500,0.76,760000,https://data.humdata.org/dataset/wfp-food-prices-for-madagascar,2026-09-27
"7209:Oil (vegetable, packaged):2024-10-15",2024-10-15,Androy,Bekily,Ambatosola,7209,"Oil (vegetable, packaged)",L,Retail,MGA,12000,2.62,2620000,https://data.humdata.org/dataset/wfp-food-prices-for-madagascar,2026-09-27
6849:Rice (imported):2024-10-15,2024-10-15,Androy,Bekily,Bevitiky,6849,Rice (imported),KG,Retail,MGA,3850,0.84,840000,https://data.humdata.org/dataset/wfp-food-prices-for-madagascar,2026-09-27
6849:Rice (local):2024-10-15,2024-10-15,Androy,Bekily,Bevitiky,6849,Rice (local),KG,Retail,MGA,3850,0.84,840000,https://data.humdata.org/dataset/wfp-food-prices-for-madagascar,2026-09-27
"6849:Oil (vegetable, packaged):2024-10-15",2024-10-15,Androy,Bekily,Bevitiky,6849,"Oil (vegetable, packaged)",L,Retail,MGA,10500,2.29,2290000,https://data.humdata.org/dataset/wfp-food-prices-for-madagascar,2026-09-27
4645:Rice (imported):2024-10-15,2024-10-15,Androy,Bekily,Manambahy Bekitro,4645,Rice (imported),KG,Retail,MGA,3850,0.84,840000,https://data.humdata.org/dataset/wfp-food-prices-for-madagascar,2026-09-27
4645:Rice (local):2024-10-15,2024-10-15,Androy,Bekily,Manambahy Bekitro,4645,Rice (local),KG,Retail,MGA,3850,0.84,840000,https://data.humdata.org/dataset/wfp-food-prices-for-madagascar,2026-09-27
"4645:Oil (vegetable, packaged):2024-10-15",2024-10-15,Androy,Bekily,Manambahy Bekitro,4645,"Oil (vegetable, packaged)",L,Retail,MGA,12000,2.62,2620000,https://data.humdata.org/dataset/wfp-food-prices-for-madagascar,2026-09-27
"7208:Oil (vegetable, packaged):2024-10-15",2024-10-15,Androy,Bekily,Mikaikarivo Ambatomainty,7208,"Oil (vegetable, packaged)",L,Retail,MGA,12000,2.62,2620000,https://data.humdata.org/dataset/wfp-food-prices-for-madagascar,2026-09-27
738:Rice (imported):2024-10-15,2024-10-15,Androy,Bekily,Morafeno Bekily,738,Rice (imported),KG,Retail,MGA,3675,0.8,800000,https://data.humdata.org/dataset/wfp-food-prices-for-madagascar,2026-09-27
738:Rice (local):2024-10-15,2024-10-15,Androy,Bekily,Morafeno Bekily,738,Rice (local),KG,Retail,MGA,3675,0.8,800000,https://data.humdata.org/dataset/wfp-food-prices-for-madagascar,2026-09-27
"738:Oil (vegetable, packaged):2024-10-15",2024-10-15,Androy,Bekily,Morafeno Bekily,738,"Oil (vegetable, packaged)",L,Retail,MGA,11000,2.4,2400000,https://data.humdata.org/dataset/wfp-food-prices-for-madagascar,2026-09-27
735:Rice (imported):2024-10-15,2024-10-15,Androy,Tsihombe,Tsihombe,735,Rice (imported),KG,Retail,MGA,3675,0.8,800000,https://data.humdata.org/dataset/wfp-food-prices-for-madagascar,2026-09-27
735:Rice (local):2024-10-15,2024-10-15,Androy,Tsihombe,Tsihombe,735,Rice (local),KG,Retail,MGA,3850,0.84,840000,https://data.humdata.org/dataset/wfp-food-prices-for-madagascar,2026-09-27
"735:Oil (vegetable, packaged):2024-10-15",2024-10-15,Androy,Tsihombe,Tsihombe,735,"Oil (vegetable, packaged)",L,Retail,MGA,8000,1.74,1740000,https://data.humdata.org/dataset/wfp-food-prices-for-madagascar,2026-09-27
4643:Rice (imported):2024-11-15,2024-11-15,Androy,Ambovombe-Androy,Ambondro,4643,Rice (imported),KG,Retail,MGA,3850,0.83,830000,https://data.humdata.org/dataset/wfp-food-prices-for-madagascar,2026-09-27
4643:Rice (local):2024-11-15,2024-11-15,Androy,Ambovombe-Androy,Ambondro,4643,Rice (local),KG,Retail,MGA,3850,0.83,830000,https://data.humdata.org/dataset/wfp-food-prices-for-madagascar,2026-09-27
"4643:Oil (vegetable, packaged):2024-11-15",2024-11-15,Androy,Ambovombe-Androy,Ambondro,4643,"Oil (vegetable, packaged)",L,Retail,MGA,8000,1.71,1710000,https://data.humdata.org/dataset/wfp-food-prices-for-madagascar,2026-09-27
736:Rice (imported):2024-11-15,2024-11-15,Androy,Ambovombe-Androy,Ambovombe-androy,736,Rice (imported),KG,Retail,MGA,3150,0.68,680000,https://data.humdata.org/dataset/wfp-food-prices-for-madagascar,2026-09-27
736:Rice (local):2024-11-15,2024-11-15,Androy,Ambovombe-Androy,Ambovombe-androy,736,Rice (local),KG,Retail,MGA,3150,0.68,680000,https://data.humdata.org/dataset/wfp-food-prices-for-madagascar,2026-09-27
"736:Oil (vegetable, packaged):2024-11-15",2024-11-15,Androy,Ambovombe-Androy,Ambovombe-androy,736,"Oil (vegetable, packaged)",L,Retail,MGA,8000,1.71,1710000,https://data.humdata.org/dataset/wfp-food-prices-for-madagascar,2026-09-27
6557:Rice (imported):2024-11-15,2024-11-15,Androy,Ambovombe-Androy,Ampamata,6557,Rice (imported),KG,Retail,MGA,3850,0.83,830000,https://data.humdata.org/dataset/wfp-food-prices-for-madagascar,2026-09-27
"6557:Oil (vegetable, packaged):2024-11-15",2024-11-15,Androy,Ambovombe-Androy,Ampamata,6557,"Oil (vegetable, packaged)",L,Retail,MGA,10000,2.14,2140000,https://data.humdata.org/dataset/wfp-food-prices-for-madagascar,2026-09-27
4972:Rice (imported):2024-11-15,2024-11-15,Androy,Ambovombe-Androy,Andalatanosy,4972,Rice (imported),KG,Retail,MGA,3850,0.83,830000,https://data.humdata.org/dataset/wfp-food-prices-for-madagascar,2026-09-27
"4972:Oil (vegetable, packaged):2024-11-15",2024-11-15,Androy,Ambovombe-Androy,Andalatanosy,4972,"Oil (vegetable, packaged)",L,Retail,MGA,10000,2.14,2140000,https://data.humdata.org/dataset/wfp-food-prices-for-madagascar,2026-09-27
4644:Rice (imported):2024-11-15,2024-11-15,Androy,Ambovombe-Androy,Antanimora Atsimo,4644,Rice (imported),KG,Retail,MGA,3850,0.83,830000,https://data.humdata.org/dataset/wfp-food-prices-for-madagascar,2026-09-27
"4644:Oil (vegetable, packaged):2024-11-15",2024-11-15,Androy,Ambovombe-Androy,Antanimora Atsimo,4644,"Oil (vegetable, packaged)",L,Retail,MGA,10000,2.14,2140000,https://data.humdata.org/dataset/wfp-food-prices-for-madagascar,2026-09-27
"6558:Oil (vegetable, packaged):2024-11-15",2024-11-15,Androy,Ambovombe-Androy,Imanombo,6558,"Oil (vegetable, packaged)",L,Retail,MGA,10000,2.14,2140000,https://data.humdata.org/dataset/wfp-food-prices-for-madagascar,2026-09-27
"6559:Oil (vegetable, packaged):2024-11-15",2024-11-15,Androy,Ambovombe-Androy,Jafaro,6559,"Oil (vegetable, packaged)",L,Retail,MGA,10000,2.14,2140000,https://data.humdata.org/dataset/wfp-food-prices-for-madagascar,2026-09-27
10149:Rice (imported):2024-11-15,2024-11-15,Androy,Ambovombe-Androy,Soatsifa,10149,Rice (imported),KG,Retail,MGA,3500,0.75,750000,https://data.humdata.org/dataset/wfp-food-prices-for-madagascar,2026-09-27
10149:Rice (local):2024-11-15,2024-11-15,Androy,Ambovombe-Androy,Soatsifa,10149,Rice (local),KG,Retail,MGA,3500,0.75,750000,https://data.humdata.org/dataset/wfp-food-prices-for-madagascar,2026-09-27
"10149:Oil (vegetable, packaged):2024-11-15",2024-11-15,Androy,Ambovombe-Androy,Soatsifa,10149,"Oil (vegetable, packaged)",L,Retail,MGA,10000,2.14,2140000,https://data.humdata.org/dataset/wfp-food-prices-for-madagascar,2026-09-27
7209:Rice (imported):2024-11-15,2024-11-15,Androy,Bekily,Ambatosola,7209,Rice (imported),KG,Retail,MGA,3850,0.83,830000,https://data.humdata.org/dataset/wfp-food-prices-for-madagascar,2026-09-27
7209:Rice (local):2024-11-15,2024-11-15,Androy,Bekily,Ambatosola,7209,Rice (local),KG,Retail,MGA,3850,0.83,830000,https://data.humdata.org/dataset/wfp-food-prices-for-madagascar,2026-09-27
"7209:Oil (vegetable, packaged):2024-11-15",2024-11-15,Androy,Bekily,Ambatosola,7209,"Oil (vegetable, packaged)",L,Retail,MGA,12000,2.57,2570000,https://data.humdata.org/dataset/wfp-food-prices-for-madagascar,2026-09-27
"6849:Oil (vegetable, packaged):2024-11-15",2024-11-15,Androy,Bekily,Bevitiky,6849,"Oil (vegetable, packaged)",L,Retail,MGA,10000,2.14,2140000,https://data.humdata.org/dataset/wfp-food-prices-for-madagascar,2026-09-27
738:Rice (imported):2024-11-15,2024-11-15,Androy,Bekily,Morafeno Bekily,738,Rice (imported),KG,Retail,MGA,3850,0.83,830000,https://data.humdata.org/dataset/wfp-food-prices-for-madagascar,2026-09-27
738:Rice (local):2024-11-15,2024-11-15,Androy,Bekily,Morafeno Bekily,738,Rice (local),KG,Retail,MGA,3850,0.83,830000,https://data.humdata.org/dataset/wfp-food-prices-for-madagascar,2026-09-27
"738:Oil (vegetable, packaged):2024-11-15",2024-11-15,Androy,Bekily,Morafeno Bekily,738,"Oil (vegetable, packaged)",L,Retail,MGA,12000,2.57,2570000,https://data.humdata.org/dataset/wfp-food-prices-for-madagascar,2026-09-27
735:Rice (imported):2024-11-15,2024-11-15,Androy,Tsihombe,Tsihombe,735,Rice (imported),KG,Retail,MGA,3500,0.75,750000,https://data.humdata.org/dataset/wfp-food-prices-for-madagascar,2026-09-27
735:Rice (local):2024-11-15,2024-11-15,Androy,Tsihombe,Tsihombe,735,Rice (local),KG,Retail,MGA,3850,0.83,830000,https://data.humdata.org/dataset/wfp-food-prices-for-madagascar,2026-09-27
"735:Oil (vegetable, packaged):2024-11-15",2024-11-15,Androy,Tsihombe,Tsihombe,735,"Oil (vegetable, packaged)",L,Retail,MGA,8000,1.71,1710000,https://data.humdata.org/dataset/wfp-food-prices-for-madagascar,2026-09-27
736:Rice (imported):2024-12-15,2024-12-15,Androy,Ambovombe-Androy,Ambovombe-androy,736,Rice (imported),KG,Retail,MGA,3850,0.82,820000,https://data.humdata.org/dataset/wfp-food-prices-for-madagascar,2026-09-27
"736:Oil (vegetable, packaged):2024-12-15",2024-12-15,Androy,Ambovombe-Androy,Ambovombe-androy,736,"Oil (vegetable, packaged)",L,Retail,MGA,8000,1.69,1690000,https://data.humdata.org/dataset/wfp-food-prices-for-madagascar,2026-09-27
7209:Rice (imported):2024-12-15,2024-12-15,Androy,Bekily,Ambatosola,7209,Rice (imported),KG,Retail,MGA,3500,0.74,740000,https://data.humdata.org/dataset/wfp-food-prices-for-madagascar,2026-09-27
7209:Rice (local):2024-12-15,2024-12-15,Androy,Bekily,Ambatosola,7209,Rice (local),KG,Retail,MGA,3500,0.74,740000,https://data.humdata.org/dataset/wfp-food-prices-for-madagascar,2026-09-27
"7209:Oil (vegetable, packaged):2024-12-15",2024-12-15,Androy,Bekily,Ambatosola,7209,"Oil (vegetable, packaged)",L,Retail,MGA,12000,2.54,2540000,https://data.humdata.org/dataset/wfp-food-prices-for-madagascar,2026-09-27
"4645:Oil (vegetable, packaged):2024-12-15",2024-12-15,Androy,Bekily,Manambahy Bekitro,4645,"Oil (vegetable, packaged)",L,Retail,MGA,12000,2.54,2540000,https://data.humdata.org/dataset/wfp-food-prices-for-madagascar,2026-09-27
7208:Rice (imported):2024-12-15,2024-12-15,Androy,Bekily,Mikaikarivo Ambatomainty,7208,Rice (imported),KG,Retail,MGA,3850,0.82,820000,https://data.humdata.org/dataset/wfp-food-prices-for-madagascar,2026-09-27
7208:Rice (local):2024-12-15,2024-12-15,Androy,Bekily,Mikaikarivo Ambatomainty,7208,Rice (local),KG,Retail,MGA,3850,0.82,820000,https://data.humdata.org/dataset/wfp-food-prices-for-madagascar,2026-09-27
"7208:Oil (vegetable, packaged):2024-12-15",2024-12-15,Androy,Bekily,Mikaikarivo Ambatomainty,7208,"Oil (vegetable, packaged)",L,Retail,MGA,12000,2.54,2540000,https://data.humdata.org/dataset/wfp-food-prices-for-madagascar,2026-09-27
738:Rice (imported):2024-12-15,2024-12-15,Androy,Bekily,Morafeno Bekily,738,Rice (imported),KG,Retail,MGA,3850,0.82,820000,https://data.humdata.org/dataset/wfp-food-prices-for-madagascar,2026-09-27
738:Rice (local):2024-12-15,2024-12-15,Androy,Bekily,Morafeno Bekily,738,Rice (local),KG,Retail,MGA,3850,0.82,820000,https://data.humdata.org/dataset/wfp-food-prices-for-madagascar,2026-09-27
"738:Oil (vegetable, packaged):2024-12-15",2024-12-15,Androy,Bekily,Morafeno Bekily,738,"Oil (vegetable, packaged)",L,Retail,MGA,11000,2.33,2330000,https://data.humdata.org/dataset/wfp-food-prices-for-madagascar,2026-09-27
735:Rice (imported):2024-12-15,2024-12-15,Androy,Tsihombe,Tsihombe,735,Rice (imported),KG,Retail,MGA,3500,0.74,740000,https://data.humdata.org/dataset/wfp-food-prices-for-madagascar,2026-09-27
735:Rice (local):2024-12-15,2024-12-15,Androy,Tsihombe,Tsihombe,735,Rice (local),KG,Retail,MGA,3850,0.82,820000,https://data.humdata.org/dataset/wfp-food-prices-for-madagascar,2026-09-27
"735:Oil (vegetable, packaged):2024-12-15",2024-12-15,Androy,Tsihombe,Tsihombe,735,"Oil (vegetable, packaged)",L,Retail,MGA,10000,2.12,2120000,https://data.humdata.org/dataset/wfp-food-prices-for-madagascar,2026-09-27
4643:Rice (imported):2025-01-15,2025-01-15,Androy,Ambovombe-Androy,Ambondro,4643,Rice (imported),KG,Retail,MGA,3850,0.82,820000,https://data.humdata.org/dataset/wfp-food-prices-for-madagascar,2026-09-27
"4643:Oil (vegetable, packaged):2025-01-15",2025-01-15,Androy,Ambovombe-Androy,Ambondro,4643,"Oil (vegetable, packaged)",L,Retail,MGA,10000,2.13,2130000,https://data.humdata.org/dataset/wfp-food-prices-for-madagascar,2026-09-27
736:Rice (imported):2025-01-15,2025-01-15,Androy,Ambovombe-Androy,Ambovombe-androy,736,Rice (imported),KG,Retail,MGA,3850,0.82,820000,https://data.humdata.org/dataset/wfp-food-prices-for-madagascar,2026-09-27
"736:Oil (vegetable, packaged):2025-01-15",2025-01-15,Androy,Ambovombe-Androy,Ambovombe-androy,736,"Oil (vegetable, packaged)",L,Retail,MGA,10000,2.13,2130000,https://data.humdata.org/dataset/wfp-food-prices-for-madagascar,2026-09-27
"6557:Oil (vegetable, packaged):2025-01-15",2025-01-15,Androy,Ambovombe-Androy,Ampamata,6557,"Oil (vegetable, packaged)",L,Retail,MGA,8000,1.71,1710000,https://data.humdata.org/dataset/wfp-food-prices-for-madagascar,2026-09-27
4972:Rice (imported):2025-01-15,2025-01-15,Androy,Ambovombe-Androy,Andalatanosy,4972,Rice (imported),KG,Retail,MGA,3500,0.75,750000,https://data.humdata.org/dataset/wfp-food-prices-for-madagascar,2026-09-27
"4972:Oil (vegetable, packaged):2025-01-15",2025-01-15,Androy,Ambovombe-Androy,Andalatanosy,4972,"Oil (vegetable, packaged)",L,Retail,MGA,9000,1.92,1920000,https://data.humdata.org/dataset/wfp-food-prices-for-madagascar,2026-09-27
4644:Rice (imported):2025-01-15,2025-01-15,Androy,Ambovombe-Androy,Antanimora Atsimo,4644,Rice (imported),KG,Retail,MGA,3500,0.75,750000,https://data.humdata.org/dataset/wfp-food-prices-for-madagascar,2026-09-27
"4644:Oil (vegetable, packaged):2025-01-15",2025-01-15,Androy,Ambovombe-Androy,Antanimora Atsimo,4644,"Oil (vegetable, packaged)",L,Retail,MGA,9000,1.92,1920000,https://data.humdata.org/dataset/wfp-food-prices-for-madagascar,2026-09-27
6558:Rice (imported):2025-01-15,2025-01-15,Androy,Ambovombe-Androy,Imanombo,6558,Rice (imported),KG,Retail,MGA,3500,0.75,750000,https://data.humdata.org/dataset/wfp-food-prices-for-madagascar,2026-09-27
"6558:Oil (vegetable, packaged):2025-01-15",2025-01-15,Androy,Ambovombe-Androy,Imanombo,6558,"Oil (vegetable, packaged)",L,Retail,MGA,10500,2.24,2240000,https://data.humdata.org/dataset/wfp-food-prices-for-madagascar,2026-09-27
6559:Rice (imported):2025-01-15,2025-01-15,Androy,Ambovombe-Androy,Jafaro,6559,Rice (imported),KG,Retail,MGA,3850,0.82,820000,https://data.humdata.org/dataset/wfp-food-prices-for-madagascar,2026-09-27
"6559:Oil (vegetable, packaged):2025-01-15",2025-01-15,Androy,Ambovombe-Androy,Jafaro,6559,"Oil (vegetable, packaged)",L,Retail,MGA,10000,2.13,2130000,https://data.humdata.org/dataset/wfp-food-prices-for-madagascar,2026-09-27
7207:Rice (imported):2025-01-15,2025-01-15,Androy,Ambovombe-Androy,Maroalopoty,7207,Rice (imported),KG,Retail,MGA,3500,0.75,750000,https://data.humdata.org/dataset/wfp-food-prices-for-madagascar,2026-09-27
7207:Rice (local):2025-01-15,2025-01-15,Androy,Ambovombe-Androy,Maroalopoty,7207,Rice (local),KG,Retail,MGA,3850,0.82,820000,https://data.humdata.org/dataset/wfp-food-prices-for-madagascar,2026-09-27
"7207:Oil (vegetable, packaged):2025-01-15",2025-01-15,Androy,Ambovombe-Androy,Maroalopoty,7207,"Oil (vegetable, packaged)",L,Retail,MGA,10000,2.13,2130000,https://data.humdata.org/dataset/wfp-food-prices-for-madagascar,2026-09-27
10149:Rice (imported):2025-01-15,2025-01-15,Androy,Ambovombe-Androy,Soatsifa,10149,Rice (imported),KG,Retail,MGA,3500,0.75,750000,https://data.humdata.org/dataset/wfp-food-prices-for-madagascar,2026-09-27
10149:Rice (local):2025-01-15,2025-01-15,Androy,Ambovombe-Androy,Soatsifa,10149,Rice (local),KG,Retail,MGA,3850,0.82,820000,https://data.humdata.org/dataset/wfp-food-prices-for-madagascar,2026-09-27
"10149:Oil (vegetable, packaged):2025-01-15",2025-01-15,Androy,Ambovombe-Androy,Soatsifa,10149,"Oil (vegetable, packaged)",L,Retail,MGA,10000,2.13,2130000,https://data.humdata.org/dataset/wfp-food-prices-for-madagascar,2026-09-27
6849:Rice (imported):2025-01-15,2025-01-15,Androy,Bekily,Bevitiky,6849,Rice (imported),KG,Retail,MGA,3850,0.82,820000,https://data.humdata.org/dataset/wfp-food-prices-for-madagascar,2026-09-27
6849:Rice (local):2025-01-15,2025-01-15,Androy,Bekily,Bevitiky,6849,Rice (local),KG,Retail,MGA,3850,0.82,820000,https://data.humdata.org/dataset/wfp-food-prices-for-madagascar,2026-09-27
"6849:Oil (vegetable, packaged):2025-01-15",2025-01-15,Androy,Bekily,Bevitiky,6849,"Oil (vegetable, packaged)",L,Retail,MGA,10000,2.13,2130000,https://data.humdata.org/dataset/wfp-food-prices-for-madagascar,2026-09-27
738:Rice (imported):2025-01-15,2025-01-15,Androy,Bekily,Morafeno Bekily,738,Rice (imported),KG,Retail,MGA,3675,0.78,780000,https://data.humdata.org/dataset/wfp-food-prices-for-madagascar,2026-09-27
738:Rice (local):2025-01-15,2025-01-15,Androy,Bekily,Morafeno Bekily,738,Rice (local),KG,Retail,MGA,3675,0.78,780000,https://data.humdata.org/dataset/wfp-food-prices-for-madagascar,2026-09-27
"738:Oil (vegetable, packaged):2025-01-15",2025-01-15,Androy,Bekily,Morafeno Bekily,738,"Oil (vegetable, packaged)",L,Retail,MGA,11000,2.35,2350000,https://data.humdata.org/dataset/wfp-food-prices-for-madagascar,2026-09-27
735:Rice (imported):2025-01-15,2025-01-15,Androy,Tsihombe,Tsihombe,735,Rice (imported),KG,Retail,MGA,3500,0.75,750000,https://data.humdata.org/dataset/wfp-food-prices-for-madagascar,2026-09-27
735:Rice (local):2025-01-15,2025-01-15,Androy,Tsihombe,Tsihombe,735,Rice (local),KG,Retail,MGA,3850,0.82,820000,https://data.humdata.org/dataset/wfp-food-prices-for-madagascar,2026-09-27
"735:Oil (vegetable, packaged):2025-01-15",2025-01-15,Androy,Tsihombe,Tsihombe,735,"Oil (vegetable, packaged)",L,Retail,MGA,10000,2.13,2130000,https://data.humdata.org/dataset/wfp-food-prices-for-madagascar,2026-09-27
4643:Rice (imported):2025-02-15,2025-02-15,Androy,Ambovombe-Androy,Ambondro,4643,Rice (imported),KG,Retail,MGA,3850,0.82,820000,https://data.humdata.org/dataset/wfp-food-prices-for-madagascar,2026-09-27
"4643:Oil (vegetable, packaged):2025-02-15",2025-02-15,Androy,Ambovombe-Androy,Ambondro,4643,"Oil (vegetable, packaged)",L,Retail,MGA,10000,2.13,2130000,https://data.humdata.org/dataset/wfp-food-prices-for-madagascar,2026-09-27
736:Rice (imported):2025-02-15,2025-02-15,Androy,Ambovombe-Androy,Ambovombe-androy,736,Rice (imported),KG,Retail,MGA,3850,0.82,820000,https://data.humdata.org/dataset/wfp-food-prices-for-madagascar,2026-09-27
"736:Oil (vegetable, packaged):2025-02-15",2025-02-15,Androy,Ambovombe-Androy,Ambovombe-androy,736,"Oil (vegetable, packaged)",L,Retail,MGA,9000,1.91,1910000,https://data.humdata.org/dataset/wfp-food-prices-for-madagascar,2026-09-27
"6557:Oil (vegetable, packaged):2025-02-15",2025-02-15,Androy,Ambovombe-Androy,Ampamata,6557,"Oil (vegetable, packaged)",L,Retail,MGA,10000,2.13,2130000,https://data.humdata.org/dataset/wfp-food-prices-for-madagascar,2026-09-27
4972:Rice (imported):2025-02-15,2025-02-15,Androy,Ambovombe-Androy,Andalatanosy,4972,Rice (imported),KG,Retail,MGA,3500,0.74,740000,https://data.humdata.org/dataset/wfp-food-prices-for-madagascar,2026-09-27
"4972:Oil (vegetable, packaged):2025-02-15",2025-02-15,Androy,Ambovombe-Androy,Andalatanosy,4972,"Oil (vegetable, packaged)",L,Retail,MGA,9000,1.91,1910000,https://data.humdata.org/dataset/wfp-food-prices-for-madagascar,2026-09-27
4644:Rice (imported):2025-02-15,2025-02-15,Androy,Ambovombe-Androy,Antanimora Atsimo,4644,Rice (imported),KG,Retail,MGA,3500,0.74,740000,https://data.humdata.org/dataset/wfp-food-prices-for-madagascar,2026-09-27
"4644:Oil (vegetable, packaged):2025-02-15",2025-02-15,Androy,Ambovombe-Androy,Antanimora Atsimo,4644,"Oil (vegetable, packaged)",L,Retail,MGA,9000,1.91,1910000,https://data.humdata.org/dataset/wfp-food-prices-for-madagascar,2026-09-27
"6558:Oil (vegetable, packaged):2025-02-15",2025-02-15,Androy,Ambovombe-Androy,Imanombo,6558,"Oil (vegetable, packaged)",L,Retail,MGA,11000,2.34,2340000,https://data.humdata.org/dataset/wfp-food-prices-for-madagascar,2026-09-27
6559:Rice (imported):2025-02-15,2025-02-15,Androy,Ambovombe-Androy,Jafaro,6559,Rice (imported),KG,Retail,MGA,3850,0.82,820000,https://data.humdata.org/dataset/wfp-food-prices-for-madagascar,2026-09-27
"6559:Oil (vegetable, packaged):2025-02-15",2025-02-15,Androy,Ambovombe-Androy,Jafaro,6559,"Oil (vegetable, packaged)",L,Retail,MGA,10000,2.13,2130000,https://data.humdata.org/dataset/wfp-food-prices-for-madagascar,2026-09-27
10149:Rice (imported):2025-02-15,2025-02-15,Androy,Ambovombe-Androy,Soatsifa,10149,Rice (imported),KG,Retail,MGA,3675,0.78,780000,https://data.humdata.org/dataset/wfp-food-prices-for-madagascar,2026-09-27
10149:Rice (local):2025-02-15,2025-02-15,Androy,Ambovombe-Androy,Soatsifa,10149,Rice (local),KG,Retail,MGA,3850,0.82,820000,https://data.humdata.org/dataset/wfp-food-prices-for-madagascar,2026-09-27
"10149:Oil (vegetable, packaged):2025-02-15",2025-02-15,Androy,Ambovombe-Androy,Soatsifa,10149,"Oil (vegetable, packaged)",L,Retail,MGA,10000,2.13,2130000,https://data.humdata.org/dataset/wfp-food-prices-for-madagascar,2026-09-27
"7209:Oil (vegetable, packaged):2025-02-15",2025-02-15,Androy,Bekily,Ambatosola,7209,"Oil (vegetable, packaged)",L,Retail,MGA,12000,2.55,2550000,https://data.humdata.org/dataset/wfp-food-prices-for-madagascar,2026-09-27
738:Rice (imported):2025-02-15,2025-02-15,Androy,Bekily,Morafeno Bekily,738,Rice (imported),KG,Retail,MGA,3850,0.82,820000,https://data.humdata.org/dataset/wfp-food-prices-for-madagascar,2026-09-27
738:Rice (local):2025-02-15,2025-02-15,Androy,Bekily,Morafeno Bekily,738,Rice (local),KG,Retail,MGA,3850,0.82,820000,https://data.humdata.org/dataset/wfp-food-prices-for-madagascar,2026-09-27
"738:Oil (vegetable, packaged):2025-02-15",2025-02-15,Androy,Bekily,Morafeno Bekily,738,"Oil (vegetable, packaged)",L,Retail,MGA,12500,2.66,2660000,https://data.humdata.org/dataset/wfp-food-prices-for-madagascar,2026-09-27
735:Rice (imported):2025-02-15,2025-02-15,Androy,Tsihombe,Tsihombe,735,Rice (imported),KG,Retail,MGA,3500,0.74,740000,https://data.humdata.org/dataset/wfp-food-prices-for-madagascar,2026-09-27
"735:Oil (vegetable, packaged):2025-02-15",2025-02-15,Androy,Tsihombe,Tsihombe,735,"Oil (vegetable, packaged)",L,Retail,MGA,10000,2.13,2130000,https://data.humdata.org/dataset/wfp-food-prices-for-madagascar,2026-09-27
4643:Rice (imported):2025-03-15,2025-03-15,Androy,Ambovombe-Androy,Ambondro,4643,Rice (imported),KG,Retail,MGA,3500,0.75,750000,https://data.humdata.org/dataset/wfp-food-prices-for-madagascar,2026-09-27
"4643:Oil (vegetable, packaged):2025-03-15",2025-03-15,Androy,Ambovombe-Androy,Ambondro,4643,"Oil (vegetable, packaged)",L,Retail,MGA,10000,2.15,2150000,https://data.humdata.org/dataset/wfp-food-prices-for-madagascar,2026-09-27
736:Rice (imported):2025-03-15,2025-03-15,Androy,Ambovombe-Androy,Ambovombe-androy,736,Rice (imported),KG,Retail,MGA,3150,0.68,680000,https://data.humdata.org/dataset/wfp-food-prices-for-madagascar,2026-09-27
736:Rice (local):2025-03-15,2025-03-15,Androy,Ambovombe-Androy,Ambovombe-androy,736,Rice (local),KG,Retail,MGA,3675,0.79,790000,https://data.humdata.org/dataset/wfp-food-prices-for-madagascar,2026-09-27
"736:Oil (vegetable, packaged):2025-03-15",2025-03-15,Androy,Ambovombe-Androy,Ambovombe-androy,736,"Oil (vegetable, packaged)",L,Retail,MGA,8000,1.72,1720000,https://data.humdata.org/dataset/wfp-food-prices-for-madagascar,2026-09-27
6557:Rice (imported):2025-03-15,2025-03-15,Androy,Ambovombe-Androy,Ampamata,6557,Rice (imported),KG,Retail,MGA,3850,0.83,830000,https://data.humdata.org/dataset/wfp-food-prices-for-madagascar,2026-09-27
6557:Rice (local):2025-03-15,2025-03-15,Androy,Ambovombe-Androy,Ampamata,6557,Rice (local),KG,Retail,MGA,3850,0.83,830000,https://data.humdata.org/dataset/wfp-food-prices-for-madagascar,2026-09-27
"6557:Oil (vegetable, packaged):2025-03-15",2025-03-15,Androy,Ambovombe-Androy,Ampamata,6557,"Oil (vegetable, packaged)",L,Retail,MGA,8000,1.72,1720000,https://data.humdata.org/dataset/wfp-food-prices-for-madagascar,2026-09-27
4972:Rice (imported):2025-03-15,2025-03-15,Androy,Ambovombe-Androy,Andalatanosy,4972,Rice (imported),KG,Retail,MGA,3500,0.75,750000,https://data.humdata.org/dataset/wfp-food-prices-for-madagascar,2026-09-27
4972:Rice (local):2025-03-15,2025-03-15,Androy,Ambovombe-Androy,Andalatanosy,4972,Rice (local),KG,Retail,MGA,3500,0.75,750000,https://data.humdata.org/dataset/wfp-food-prices-for-madagascar,2026-09-27
"4972:Oil (vegetable, packaged):2025-03-15",2025-03-15,Androy,Ambovombe-Androy,Andalatanosy,4972,"Oil (vegetable, packaged)",L,Retail,MGA,10500,2.25,2250000,https://data.humdata.org/dataset/wfp-food-prices-for-madagascar,2026-09-27
4644:Rice (imported):2025-03-15,2025-03-15,Androy,Ambovombe-Androy,Antanimora Atsimo,4644,Rice (imported),KG,Retail,MGA,3500,0.75,750000,https://data.humdata.org/dataset/wfp-food-prices-for-madagascar,2026-09-27
"4644:Oil (vegetable, packaged):2025-03-15",2025-03-15,Androy,Ambovombe-Androy,Antanimora Atsimo,4644,"Oil (vegetable, packaged)",L,Retail,MGA,9000,1.93,1930000,https://data.humdata.org/dataset/wfp-food-prices-for-madagascar,2026-09-27
"6558:Oil (vegetable, packaged):2025-03-15",2025-03-15,Androy,Ambovombe-Androy,Imanombo,6558,"Oil (vegetable, packaged)",L,Retail,MGA,11500,2.47,2470000,https://data.humdata.org/dataset/wfp-food-prices-for-madagascar,2026-09-27
6559:Rice (imported):2025-03-15,2025-03-15,Androy,Ambovombe-Androy,Jafaro,6559,Rice (imported),KG,Retail,MGA,3325,0.71,710000,https://data.humdata.org/dataset/wfp-food-prices-for-madagascar,2026-09-27
"6559:Oil (vegetable, packaged):2025-03-15",2025-03-15,Androy,Ambovombe-Androy,Jafaro,6559,"Oil (vegetable, packaged)",L,Retail,MGA,10000,2.15,2150000,https://data.humdata.org/dataset/wfp-food-prices-for-madagascar,2026-09-27
10149:Rice (imported):2025-03-15,2025-03-15,Androy,Ambovombe-Androy,Soatsifa,10149,Rice (imported),KG,Retail,MGA,3500,0.75,750000,https://data.humdata.org/dataset/wfp-food-prices-for-madagascar,2026-09-27
10149:Rice (local):2025-03-15,2025-03-15,Androy,Ambovombe-Androy,Soatsifa,10149,Rice (local),KG,Retail,MGA,3675,0.79,790000,https://data.humdata.org/dataset/wfp-food-prices-for-madagascar,2026-09-27
"10149:Oil (vegetable, packaged):2025-03-15",2025-03-15,Androy,Ambovombe-Androy,Soatsifa,10149,"Oil (vegetable, packaged)",L,Retail,MGA,10000,2.15,2150000,https://data.humdata.org/dataset/wfp-food-prices-for-madagascar,2026-09-27
738:Rice (imported):2025-03-15,2025-03-15,Androy,Bekily,Morafeno Bekily,738,Rice (imported),KG,Retail,MGA,3033.33,0.65,650000,https://data.humdata.org/dataset/wfp-food-prices-for-madagascar,2026-09-27
738:Rice (local):2025-03-15,2025-03-15,Androy,Bekily,Morafeno Bekily,738,Rice (local),KG,Retail,MGA,2625,0.56,560000,https://data.humdata.org/dataset/wfp-food-prices-for-madagascar,2026-09-27
"738:Oil (vegetable, packaged):2025-03-15",2025-03-15,Androy,Bekily,Morafeno Bekily,738,"Oil (vegetable, packaged)",L,Retail,MGA,11500,2.47,2470000,https://data.humdata.org/dataset/wfp-food-prices-for-madagascar,2026-09-27
735:Rice (imported):2025-03-15,2025-03-15,Androy,Tsihombe,Tsihombe,735,Rice (imported),KG,Retail,MGA,3325,0.71,710000,https://data.humdata.org/dataset/wfp-food-prices-for-madagascar,2026-09-27
"735:Oil (vegetable, packaged):2025-03-15",2025-03-15,Androy,Tsihombe,Tsihombe,735,"Oil (vegetable, packaged)",L,Retail,MGA,10000,2.15,2150000,https://data.humdata.org/dataset/wfp-food-prices-for-madagascar,2026-09-27
10148:Rice (imported):2025-04-15,2025-04-15,Androy,Ambovombe-Androy,Ambohimalaza,10148,Rice (imported),KG,Retail,MGA,3150,0.69,690000,https://data.humdata.org/dataset/wfp-food-prices-for-madagascar,2026-09-27
10148:Rice (local):2025-04-15,2025-04-15,Androy,Ambovombe-Androy,Ambohimalaza,10148,Rice (local),KG,Retail,MGA,3500,0.77,770000,https://data.humdata.org/dataset/wfp-food-prices-for-madagascar,2026-09-27
"10148:Oil (vegetable, packaged):2025-04-15",2025-04-15,Androy,Ambovombe-Androy,Ambohimalaza,10148,"Oil (vegetable, packaged)",L,Retail,MGA,11000,2.41,2410000,https://data.humdata.org/dataset/wfp-food-prices-for-madagascar,2026-09-27
9096:Rice (imported):2025-04-15,2025-04-15,Androy,Ambovombe-Androy,Ambonaivo,9096,Rice (imported),KG,Retail,MGA,3150,0.69,690000,https://data.humdata.org/dataset/wfp-food-prices-for-madagascar,2026-09-27
9096:Rice (local):2025-04-15,2025-04-15,Androy,Ambovombe-Androy,Ambonaivo,9096,Rice (local),KG,Retail,MGA,3500,0.77,770000,https://data.humdata.org/dataset/wfp-food-prices-for-madagascar,2026-09-27
"9096:Oil (vegetable, packaged):2025-04-15",2025-04-15,Androy,Ambovombe-Androy,Ambonaivo,9096,"Oil (vegetable, packaged)",L,Retail,MGA,12000,2.63,2630000,https://data.humdata.org/dataset/wfp-food-prices-for-madagascar,2026-09-27
4643:Rice (imported):2025-04-15,2025-04-15,Androy,Ambovombe-Androy,Ambondro,4643,Rice (imported),KG,Retail,MGA,3150,0.69,690000,https://data.humdata.org/dataset/wfp-food-prices-for-madagascar,2026-09-27
4643:Rice (local):2025-04-15,2025-04-15,Androy,Ambovombe-Androy,Ambondro,4643,Rice (local),KG,Retail,MGA,3850,0.85,850000,https://data.humdata.org/dataset/wfp-food-prices-for-madagascar,2026-09-27
"4643:Oil (vegetable, packaged):2025-04-15",2025-04-15,Androy,Ambovombe-Androy,Ambondro,4643,"Oil (vegetable, packaged)",L,Retail,MGA,10000,2.19,2190000,https://data.humdata.org/dataset/wfp-food-prices-for-madagascar,2026-09-27
736:Rice (imported):2025-04-15,2025-04-15,Androy,Ambovombe-Androy,Ambovombe-androy,736,Rice (imported),KG,Retail,MGA,2756.25,0.6,600000,https://data.humdata.org/dataset/wfp-food-prices-for-madagascar,2026-09-27
736:Rice (local):2025-04-15,2025-04-15,Androy,Ambovombe-Androy,Ambovombe-androy,736,Rice (local),KG,Retail,MGA,3266.67,0.72,720000,https://data.humdata.org/dataset/wfp-food-prices-for-madagascar,2026-09-27
"736:Oil (vegetable, packaged):2025-04-15",2025-04-15,Androy,Ambovombe-Androy,Ambovombe-androy,736,"Oil (vegetable, packaged)",L,Retail,MGA,9666.67,2.12,2120000,https://data.humdata.org/dataset/wfp-food-prices-for-madagascar,2026-09-27
6557:Rice (imported):2025-04-15,2025-04-15,Androy,Ambovombe-Androy,Ampamata,6557,Rice (imported),KG,Retail,MGA,2975,0.65,650000,https://data.humdata.org/dataset/wfp-food-prices-for-madagascar,2026-09-27
6557:Rice (local):2025-04-15,2025-04-15,Androy,Ambovombe-Androy,Ampamata,6557,Rice (local),KG,Retail,MGA,2800,0.61,610000,https://data.humdata.org/dataset/wfp-food-prices-for-madagascar,2026-09-27
"6557:Oil (vegetable, packaged):2025-04-15",2025-04-15,Androy,Ambovombe-Androy,Ampamata,6557,"Oil (vegetable, packaged)",L,Retail,MGA,10000,2.19,2190000,https://data.humdata.org/dataset/wfp-food-prices-for-madagascar,2026-09-27
4972:Rice (imported):2025-04-15,2025-04-15,Androy,Ambovombe-Androy,Andalatanosy,4972,Rice (imported),KG,Retail,MGA,2975,0.65,650000,https://data.humdata.org/dataset/wfp-food-prices-for-madagascar,2026-09-27
4972:Rice (local):2025-04-15,2025-04-15,Androy,Ambovombe-Androy,Andalatanosy,4972,Rice (local),KG,Retail,MGA,2800,0.61,610000,https://data.humdata.org/dataset/wfp-food-prices-for-madagascar,2026-09-27
"4972:Oil (vegetable, packaged):2025-04-15",2025-04-15,Androy,Ambovombe-Androy,Andalatanosy,4972,"Oil (vegetable, packaged)",L,Retail,MGA,9000,1.98,1980000,https://data.humdata.org/dataset/wfp-food-prices-for-madagascar,2026-09-27
4644:Rice (imported):2025-04-15,2025-04-15,Androy,Ambovombe-Androy,Antanimora Atsimo,4644,Rice (imported),KG,Retail,MGA,3062.5,0.67,670000,https://data.humdata.org/dataset/wfp-food-prices-for-madagascar,2026-09-27
4644:Rice (local):2025-04-15,2025-04-15,Androy,Ambovombe-Androy,Antanimora Atsimo,4644,Rice (local),KG,Retail,MGA,2800,0.61,610000,https://data.humdata.org/dataset/wfp-food-prices-for-madagascar,2026-09-27
"4644:Oil (vegetable, packaged):2025-04-15",2025-04-15,Androy,Ambovombe-Androy,Antanimora Atsimo,4644,"Oil (vegetable, packaged)",L,Retail,MGA,10500,2.3,2300000,https://data.humdata.org/dataset/wfp-food-prices-for-madagascar,2026-09-27
6558:Rice (imported):2025-04-15,2025-04-15,Androy,Ambovombe-Androy,Imanombo,6558,Rice (imported),KG,Retail,MGA,3500,0.77,770000,https://data.humdata.org/dataset/wfp-food-prices-for-madagascar,2026-09-27
6558:Rice (local):2025-04-15,2025-04-15,Androy,Ambovombe-Androy,Imanombo,6558,Rice (local),KG,Retail,MGA,3500,0.77,770000,https://data.humdata.org/dataset/wfp-food-prices-for-madagascar,2026-09-27
"6558:Oil (vegetable, packaged):2025-04-15",2025-04-15,Androy,Ambovombe-Androy,Imanombo,6558,"Oil (vegetable, packaged)",L,Retail,MGA,11000,2.41,2410000,https://data.humdata.org/dataset/wfp-food-prices-for-madagascar,2026-09-27
6559:Rice (imported):2025-04-15,2025-04-15,Androy,Ambovombe-Androy,Jafaro,6559,Rice (imported),KG,Retail,MGA,3850,0.85,850000,https://data.humdata.org/dataset/wfp-food-prices-for-madagascar,2026-09-27
"6559:Oil (vegetable, packaged):2025-04-15",2025-04-15,Androy,Ambovombe-Androy,Jafaro,6559,"Oil (vegetable, packaged)",L,Retail,MGA,10000,2.19,2190000,https://data.humdata.org/dataset/wfp-food-prices-for-madagascar,2026-09-27
7207:Rice (imported):2025-04-15,2025-04-15,Androy,Ambovombe-Androy,Maroalopoty,7207,Rice (imported),KG,Retail,MGA,2800,0.61,610000,https://data.humdata.org/dataset/wfp-food-prices-for-madagascar,2026-09-27
7207:Rice (local):2025-04-15,2025-04-15,Androy,Ambovombe-Androy,Maroalopoty,7207,Rice (local),KG,Retail,MGA,3150,0.69,690000,https://data.humdata.org/dataset/wfp-food-prices-for-madagascar,2026-09-27
"7207:Oil (vegetable, packaged):2025-04-15",2025-04-15,Androy,Ambovombe-Androy,Maroalopoty,7207,"Oil (vegetable, packaged)",L,Retail,MGA,10000,2.19,2190000,https://data.humdata.org/dataset/wfp-food-prices-for-madagascar,2026-09-27
10149:Rice (imported):2025-04-15,2025-04-15,Androy,Ambovombe-Androy,Soatsifa,10149,Rice (imported),KG,Retail,MGA,2975,0.65,650000,https://data.humdata.org/dataset/wfp-food-prices-for-madagascar,2026-09-27
10149:Rice (local):2025-04-15,2025-04-15,Androy,Ambovombe-Androy,Soatsifa,10149,Rice (local),KG,Retail,MGA,3325,0.73,730000,https://data.humdata.org/dataset/wfp-food-prices-for-madagascar,2026-09-27
"10149:Oil (vegetable, packaged):2025-04-15",2025-04-15,Androy,Ambovombe-Androy,Soatsifa,10149,"Oil (vegetable, packaged)",L,Retail,MGA,10000,2.19,2190000,https://data.humdata.org/dataset/wfp-food-prices-for-madagascar,2026-09-27
10150:Rice (imported):2025-04-15,2025-04-15,Androy,Bekily,Anivorano Mitsinjo,10150,Rice (imported),KG,Retail,MGA,3500,0.77,770000,https://data.humdata.org/dataset/wfp-food-prices-for-madagascar,2026-09-27
10150:Rice (local):2025-04-15,2025-04-15,Androy,Bekily,Anivorano Mitsinjo,10150,Rice (local),KG,Retail,MGA,3500,0.77,770000,https://data.humdata.org/dataset/wfp-food-prices-for-madagascar,2026-09-27
"10150:Oil (vegetable, packaged):2025-04-15",2025-04-15,Androy,Bekily,Anivorano Mitsinjo,10150,"Oil (vegetable, packaged)",L,Retail,MGA,12000,2.63,2630000,https://data.humdata.org/dataset/wfp-food-prices-for-madagascar,2026-09-27
10151:Rice (imported):2025-04-15,2025-04-15,Androy,Bekily,Beraketa,10151,Rice (imported),KG,Retail,MGA,3150,0.69,690000,https://data.humdata.org/dataset/wfp-food-prices-for-madagascar,2026-09-27
10151:Rice (local):2025-04-15,2025-04-15,Androy,Bekily,Beraketa,10151,Rice (local),KG,Retail,MGA,3150,0.69,690000,https://data.humdata.org/dataset/wfp-food-prices-for-madagascar,2026-09-27
"10151:Oil (vegetable, packaged):2025-04-15",2025-04-15,Androy,Bekily,Beraketa,10151,"Oil (vegetable, packaged)",L,Retail,MGA,10000,2.19,2190000,https://data.humdata.org/dataset/wfp-food-prices-for-madagascar,2026-09-27
6849:Rice (imported):2025-04-15,2025-04-15,Androy,Bekily,Bevitiky,6849,Rice (imported),KG,Retail,MGA,2800,0.61,610000,https://data.humdata.org/dataset/wfp-food-prices-for-madagascar,2026-09-27
6849:Rice (local):2025-04-15,2025-04-15,Androy,Bekily,Bevitiky,6849,Rice (local),KG,Retail,MGA,2800,0.61,610000,https://data.humdata.org/dataset/wfp-food-prices-for-madagascar,2026-09-27
"6849:Oil (vegetable, packaged):2025-04-15",2025-04-15,Androy,Bekily,Bevitiky,6849,"Oil (vegetable, packaged)",L,Retail,MGA,8000,1.76,1760000,https://data.humdata.org/dataset/wfp-food-prices-for-madagascar,2026-09-27
4645:Rice (imported):2025-04-15,2025-04-15,Androy,Bekily,Manambahy Bekitro,4645,Rice (imported),KG,Retail,MGA,2800,0.61,610000,https://data.humdata.org/dataset/wfp-food-prices-for-madagascar,2026-09-27
4645:Rice (local):2025-04-15,2025-04-15,Androy,Bekily,Manambahy Bekitro,4645,Rice (local),KG,Retail,MGA,3150,0.69,690000,https://data.humdata.org/dataset/wfp-food-prices-for-madagascar,2026-09-27
"4645:Oil (vegetable, packaged):2025-04-15",2025-04-15,Androy,Bekily,Manambahy Bekitro,4645,"Oil (vegetable, packaged)",L,Retail,MGA,10000,2.19,2190000,https://data.humdata.org/dataset/wfp-food-prices-for-madagascar,2026-09-27
738:Rice (imported):2025-04-15,2025-04-15,Androy,Bekily,Morafeno Bekily,738,Rice (imported),KG,Retail,MGA,2975,0.65,650000,https://data.humdata.org/dataset/wfp-food-prices-for-madagascar,2026-09-27
738:Rice (local):2025-04-15,2025-04-15,Androy,Bekily,Morafeno Bekily,738,Rice (local),KG,Retail,MGA,2975,0.65,650000,https://data.humdata.org/dataset/wfp-food-prices-for-madagascar,2026-09-27
"738:Oil (vegetable, packaged):2025-04-15",2025-04-15,Androy,Bekily,Morafeno Bekily,738,"Oil (vegetable, packaged)",L,Retail,MGA,10000,2.19,2190000,https://data.humdata.org/dataset/wfp-food-prices-for-madagascar,2026-09-27
7210:Rice (imported):2025-04-15,2025-04-15,Androy,Bekily,Tanandava,7210,Rice (imported),KG,Retail,MGA,3150,0.69,690000,https://data.humdata.org/dataset/wfp-food-prices-for-madagascar,2026-09-27
7210:Rice (local):2025-04-15,2025-04-15,Androy,Bekily,Tanandava,7210,Rice (local),KG,Retail,MGA,3325,0.73,730000,https://data.humdata.org/dataset/wfp-food-prices-for-madagascar,2026-09-27
"7210:Oil (vegetable, packaged):2025-04-15",2025-04-15,Androy,Bekily,Tanandava,7210,"Oil (vegetable, packaged)",L,Retail,MGA,10500,2.3,2300000,https://data.humdata.org/dataset/wfp-food-prices-for-madagascar,2026-09-27
10152:Rice (imported):2025-04-15,2025-04-15,Androy,Bekily,Tsirandrany,10152,Rice (imported),KG,Retail,MGA,3500,0.77,770000,https://data.humdata.org/dataset/wfp-food-prices-for-madagascar,2026-09-27
10152:Rice (local):2025-04-15,2025-04-15,Androy,Bekily,Tsirandrany,10152,Rice (local),KG,Retail,MGA,3500,0.77,770000,https://data.humdata.org/dataset/wfp-food-prices-for-madagascar,2026-09-27
10910:Rice (imported):2025-04-15,2025-04-15,Androy,Beloha,Behabobo,10910,Rice (imported),KG,Retail,MGA,3500,0.77,770000,https://data.humdata.org/dataset/wfp-food-prices-for-madagascar,2026-09-27
10910:Rice (local):2025-04-15,2025-04-15,Androy,Beloha,Behabobo,10910,Rice (local),KG,Retail,MGA,3500,0.77,770000,https://data.humdata.org/dataset/wfp-food-prices-for-madagascar,2026-09-27
734:Rice (imported):2025-04-15,2025-04-15,Androy,Beloha,Beloha,734,Rice (imported),KG,Retail,MGA,2800,0.61,610000,https://data.humdata.org/dataset/wfp-food-prices-for-madagascar,2026-09-27
734:Rice (local):2025-04-15,2025-04-15,Androy,Beloha,Beloha,734,Rice (local),KG,Retail,MGA,2800,0.61,610000,https://data.humdata.org/dataset/wfp-food-prices-for-madagascar,2026-09-27
"734:Oil (vegetable, packaged):2025-04-15",2025-04-15,Androy,Beloha,Beloha,734,"Oil (vegetable, packaged)",L,Retail,MGA,12000,2.63,2630000,https://data.humdata.org/dataset/wfp-food-prices-for-madagascar,2026-09-27
4641:Rice (imported):2025-04-15,2025-04-15,Androy,Beloha,Tranoroa,4641,Rice (imported),KG,Retail,MGA,3150,0.69,690000,https://data.humdata.org/dataset/wfp-food-prices-for-madagascar,2026-09-27
4641:Rice (local):2025-04-15,2025-04-15,Androy,Beloha,Tranoroa,4641,Rice (local),KG,Retail,MGA,3150,0.69,690000,https://data.humdata.org/dataset/wfp-food-prices-for-madagascar,2026-09-27
"4641:Oil (vegetable, packaged):2025-04-15",2025-04-15,Androy,Beloha,Tranoroa,4641,"Oil (vegetable, packaged)",L,Retail,MGA,12000,2.63,2630000,https://data.humdata.org/dataset/wfp-food-prices-for-madagascar,2026-09-27
6866:Rice (imported):2025-04-15,2025-04-15,Androy,Beloha,Tranovaho,6866,Rice (imported),KG,Retail,MGA,3500,0.77,770000,https://data.humdata.org/dataset/wfp-food-prices-for-madagascar,2026-09-27
6866:Rice (local):2025-04-15,2025-04-15,Androy,Beloha,Tranovaho,6866,Rice (local),KG,Retail,MGA,3500,0.77,770000,https://data.humdata.org/dataset/wfp-food-prices-for-madagascar,2026-09-27
6845:Rice (imported):2025-04-15,2025-04-15,Androy,Tsihombe,Anjapaly,6845,Rice (imported),KG,Retail,MGA,2800,0.61,610000,https://data.humdata.org/dataset/wfp-food-prices-for-madagascar,2026-09-27
6845:Rice (local):2025-04-15,2025-04-15,Androy,Tsihombe,Anjapaly,6845,Rice (local),KG,Retail,MGA,2800,0.61,610000,https://data.humdata.org/dataset/wfp-food-prices-for-madagascar,2026-09-27
10154:Rice (imported):2025-04-15,2025-04-15,Androy,Tsihombe,Behazomanga,10154,Rice (imported),KG,Retail,MGA,3500,0.77,770000,https://data.humdata.org/dataset/wfp-food-prices-for-madagascar,2026-09-27
10154:Rice (local):2025-04-15,2025-04-15,Androy,Tsihombe,Behazomanga,10154,Rice (local),KG,Retail,MGA,3500,0.77,770000,https://data.humdata.org/dataset/wfp-food-prices-for-madagascar,2026-09-27
"10154:Oil (vegetable, packaged):2025-04-15",2025-04-15,Androy,Tsihombe,Behazomanga,10154,"Oil (vegetable, packaged)",L,Retail,MGA,11000,2.41,2410000,https://data.humdata.org/dataset/wfp-food-prices-for-madagascar,2026-09-27
10155:Rice (imported):2025-04-15,2025-04-15,Androy,Tsihombe,Betanty (Faux Cap),10155,Rice (imported),KG,Retail,MGA,2800,0.61,610000,https://data.humdata.org/dataset/wfp-food-prices-for-madagascar,2026-09-27
10155:Rice (local):2025-04-15,2025-04-15,Androy,Tsihombe,Betanty (Faux Cap),10155,Rice (local),KG,Retail,MGA,2800,0.61,610000,https://data.humdata.org/dataset/wfp-food-prices-for-madagascar,2026-09-27
"10155:Oil (vegetable, packaged):2025-04-15",2025-04-15,Androy,Tsihombe,Betanty (Faux Cap),10155,"Oil (vegetable, packaged)",L,Retail,MGA,10000,2.19,2190000,https://data.humdata.org/dataset/wfp-food-prices-for-madagascar,2026-09-27
10912:Rice (imported):2025-04-15,2025-04-15,Androy,Tsihombe,Nikoly,10912,Rice (imported),KG,Retail,MGA,3150,0.69,690000,https://data.humdata.org/dataset/wfp-food-prices-for-madagascar,2026-09-27
10912:Rice (local):2025-04-15,2025-04-15,Androy,Tsihombe,Nikoly,10912,Rice (local),KG,Retail,MGA,3150,0.69,690000,https://data.humdata.org/dataset/wfp-food-prices-for-madagascar,2026-09-27
"10912:Oil (vegetable, packaged):2025-04-15",2025-04-15,Androy,Tsihombe,Nikoly,10912,"Oil (vegetable, packaged)",L,Retail,MGA,10000,2.19,2190000,https://data.humdata.org/dataset/wfp-food-prices-for-madagascar,2026-09-27
735:Rice (imported):2025-04-15,2025-04-15,Androy,Tsihombe,Tsihombe,735,Rice (imported),KG,Retail,MGA,3150,0.69,690000,https://data.humdata.org/dataset/wfp-food-prices-for-madagascar,2026-09-27
735:Rice (local):2025-04-15,2025-04-15,Androy,Tsihombe,Tsihombe,735,Rice (local),KG,Retail,MGA,3500,0.77,770000,https://data.humdata.org/dataset/wfp-food-prices-for-madagascar,2026-09-27
"735:Oil (vegetable, packaged):2025-04-15",2025-04-15,Androy,Tsihombe,Tsihombe,735,"Oil (vegetable, packaged)",L,Retail,MGA,11000,2.41,2410000,https://data.humdata.org/dataset/wfp-food-prices-for-madagascar,2026-09-27
4643:Rice (imported):2025-05-15,2025-05-15,Androy,Ambovombe-Androy,Ambondro,4643,Rice (imported),KG,Retail,MGA,2975,0.66,660000,https://data.humdata.org/dataset/wfp-food-prices-for-madagascar,2026-09-27
4643:Rice (local):2025-05-15,2025-05-15,Androy,Ambovombe-Androy,Ambondro,4643,Rice (local),KG,Retail,MGA,3033.33,0.68,680000,https://data.humdata.org/dataset/wfp-food-prices-for-madagascar,2026-09-27
"4643:Oil (vegetable, packaged):2025-05-15",2025-05-15,Androy,Ambovombe-Androy,Ambondro,4643,"Oil (vegetable, packaged)",L,Retail,MGA,11000,2.45,2450000,https://data.humdata.org/dataset/wfp-food-prices-for-madagascar,2026-09-27
736:Rice (imported):2025-05-15,2025-05-15,Androy,Ambovombe-Androy,Ambovombe-androy,736,Rice (imported),KG,Retail,MGA,2625,0.58,580000,https://data.humdata.org/dataset/wfp-food-prices-for-madagascar,2026-09-27
736:Rice (local):2025-05-15,2025-05-15,Androy,Ambovombe-Androy,Ambovombe-androy,736,Rice (local),KG,Retail,MGA,2800,0.62,620000,https://data.humdata.org/dataset/wfp-food-prices-for-madagascar,2026-09-27
"736:Oil (vegetable, packaged):2025-05-15",2025-05-15,Androy,Ambovombe-Androy,Ambovombe-androy,736,"Oil (vegetable, packaged)",L,Retail,MGA,9000,2.01,2010000,https://data.humdata.org/dataset/wfp-food-prices-for-madagascar,2026-09-27
6557:Rice (imported):2025-05-15,2025-05-15,Androy,Ambovombe-Androy,Ampamata,6557,Rice (imported),KG,Retail,MGA,3150,0.7,700000,https://data.humdata.org/dataset/wfp-food-prices-for-madagascar,2026-09-27
6557:Rice (local):2025-05-15,2025-05-15,Androy,Ambovombe-Androy,Ampamata,6557,Rice (local),KG,Retail,MGA,3850,0.86,860000,https://data.humdata.org/dataset/wfp-food-prices-for-madagascar,2026-09-27
"6557:Oil (vegetable, packaged):2025-05-15",2025-05-15,Androy,Ambovombe-Androy,Ampamata,6557,"Oil (vegetable, packaged)",L,Retail,MGA,10000,2.23,2230000,https://data.humdata.org/dataset/wfp-food-prices-for-madagascar,2026-09-27
4972:Rice (imported):2025-05-15,2025-05-15,Androy,Ambovombe-Androy,Andalatanosy,4972,Rice (imported),KG,Retail,MGA,3150,0.7,700000,https://data.humdata.org/dataset/wfp-food-prices-for-madagascar,2026-09-27
4972:Rice (local):2025-05-15,2025-05-15,Androy,Ambovombe-Androy,Andalatanosy,4972,Rice (local),KG,Retail,MGA,2800,0.62,620000,https://data.humdata.org/dataset/wfp-food-prices-for-madagascar,2026-09-27
"4972:Oil (vegetable, packaged):2025-05-15",2025-05-15,Androy,Ambovombe-Androy,Andalatanosy,4972,"Oil (vegetable, packaged)",L,Retail,MGA,12000,2.67,2670000,https://data.humdata.org/dataset/wfp-food-prices-for-madagascar,2026-09-27
10836:Rice (imported):2025-05-15,2025-05-15,Androy,Ambovombe-Androy,Anjeky Ankilikira,10836,Rice (imported),KG,Retail,MGA,2450,0.55,550000,https://data.humdata.org/dataset/wfp-food-prices-for-madagascar,2026-09-27
10836:Rice (local):2025-05-15,2025-05-15,Androy,Ambovombe-Androy,Anjeky Ankilikira,10836,Rice (local),KG,Retail,MGA,2800,0.62,620000,https://data.humdata.org/dataset/wfp-food-prices-for-madagascar,2026-09-27
"10836:Oil (vegetable, packaged):2025-05-15",2025-05-15,Androy,Ambovombe-Androy,Anjeky Ankilikira,10836,"Oil (vegetable, packaged)",L,Retail,MGA,10000,2.23,2230000,https://data.humdata.org/dataset/wfp-food-prices-for-madagascar,2026-09-27
4644:Rice (imported):2025-05-15,2025-05-15,Androy,Ambovombe-Androy,Antanimora Atsimo,4644,Rice (imported),KG,Retail,MGA,2975,0.66,660000,https://data.humdata.org/dataset/wfp-food-prices-for-madagascar,2026-09-27
4644:Rice (local):2025-05-15,2025-05-15,Androy,Ambovombe-Androy,Antanimora Atsimo,4644,Rice (local),KG,Retail,MGA,3150,0.7,700000,https://data.humdata.org/dataset/wfp-food-prices-for-madagascar,2026-09-27
"4644:Oil (vegetable, packaged):2025-05-15",2025-05-15,Androy,Ambovombe-Androy,Antanimora Atsimo,4644,"Oil (vegetable, packaged)",L,Retail,MGA,10000,2.23,2230000,https://data.humdata.org/dataset/wfp-food-prices-for-madagascar,2026-09-27
6558:Rice (imported):2025-05-15,2025-05-15,Androy,Ambovombe-Androy,Imanombo,6558,Rice (imported),KG,Retail,MGA,3500,0.78,780000,https://data.humdata.org/dataset/wfp-food-prices-for-madagascar,2026-09-27
"6558:Oil (vegetable, packaged):2025-05-15",2025-05-15,Androy,Ambovombe-Androy,Imanombo,6558,"Oil (vegetable, packaged)",L,Retail,MGA,11500,2.56,2560000,https://data.humdata.org/dataset/wfp-food-prices-for-madagascar,2026-09-27
6559:Rice (imported):2025-05-15,2025-05-15,Androy,Ambovombe-Androy,Jafaro,6559,Rice (imported),KG,Retail,MGA,3675,0.82,820000,https://data.humdata.org/dataset/wfp-food-prices-for-madagascar,2026-09-27
6559:Rice (local):2025-05-15,2025-05-15,Androy,Ambovombe-Androy,Jafaro,6559,Rice (local),KG,Retail,MGA,3500,0.78,780000,https://data.humdata.org/dataset/wfp-food-prices-for-madagascar,2026-09-27
"6559:Oil (vegetable, packaged):2025-05-15",2025-05-15,Androy,Ambovombe-Androy,Jafaro,6559,"Oil (vegetable, packaged)",L,Retail,MGA,11000,2.45,2450000,https://data.humdata.org/dataset/wfp-food-prices-for-madagascar,2026-09-27
10149:Rice (imported):2025-05-15,2025-05-15,Androy,Ambovombe-Androy,Soatsifa,10149,Rice (imported),KG,Retail,MGA,2625,0.58,580000,https://data.humdata.org/dataset/wfp-food-prices-for-madagascar,2026-09-27
10149:Rice (local):2025-05-15,2025-05-15,Androy,Ambovombe-Androy,Soatsifa,10149,Rice (local),KG,Retail,MGA,3150,0.7,700000,https://data.humdata.org/dataset/wfp-food-prices-for-madagascar,2026-09-27
"10149:Oil (vegetable, packaged):2025-05-15",2025-05-15,Androy,Ambovombe-Androy,Soatsifa,10149,"Oil (vegetable, packaged)",L,Retail,MGA,9000,2.01,2010000,https://data.humdata.org/dataset/wfp-food-prices-for-madagascar,2026-09-27
6839:Rice (imported):2025-05-15,2025-05-15,Androy,Bekily,Ambahita,6839,Rice (imported),KG,Retail,MGA,2450,0.55,550000,https://data.humdata.org/dataset/wfp-food-prices-for-madagascar,2026-09-27
6839:Rice (local):2025-05-15,2025-05-15,Androy,Bekily,Ambahita,6839,Rice (local),KG,Retail,MGA,2450,0.55,550000,https://data.humdata.org/dataset/wfp-food-prices-for-madagascar,2026-09-27
"6839:Oil (vegetable, packaged):2025-05-15",2025-05-15,Androy,Bekily,Ambahita,6839,"Oil (vegetable, packaged)",L,Retail,MGA,10000,2.23,2230000,https://data.humdata.org/dataset/wfp-food-prices-for-madagascar,2026-09-27
7209:Rice (imported):2025-05-15,2025-05-15,Androy,Bekily,Ambatosola,7209,Rice (imported),KG,Retail,MGA,2450,0.55,550000,https://data.humdata.org/dataset/wfp-food-prices-for-madagascar,2026-09-27
7209:Rice (local):2025-05-15,2025-05-15,Androy,Bekily,Ambatosola,7209,Rice (local),KG,Retail,MGA,2450,0.55,550000,https://data.humdata.org/dataset/wfp-food-prices-for-madagascar,2026-09-27
"7209:Oil (vegetable, packaged):2025-05-15",2025-05-15,Androy,Bekily,Ambatosola,7209,"Oil (vegetable, packaged)",L,Retail,MGA,10000,2.23,2230000,https://data.humdata.org/dataset/wfp-food-prices-for-madagascar,2026-09-27
10150:Rice (imported):2025-05-15,2025-05-15,Androy,Bekily,Anivorano Mitsinjo,10150,Rice (imported),KG,Retail,MGA,2800,0.62,620000,https://data.humdata.org/dataset/wfp-food-prices-for-madagascar,2026-09-27
10150:Rice (local):2025-05-15,2025-05-15,Androy,Bekily,Anivorano Mitsinjo,10150,Rice (local),KG,Retail,MGA,2800,0.62,620000,https://data.humdata.org/dataset/wfp-food-prices-for-madagascar,2026-09-27
"10150:Oil (vegetable, packaged):2025-05-15",2025-05-15,Androy,Bekily,Anivorano Mitsinjo,10150,"Oil (vegetable, packaged)",L,Retail,MGA,10000,2.23,2230000,https://data.humdata.org/dataset/wfp-food-prices-for-madagascar,2026-09-27
10903:Rice (imported):2025-05-15,2025-05-15,Androy,Bekily,Anja Nord,10903,Rice (imported),KG,Retail,MGA,2800,0.62,620000,https://data.humdata.org/dataset/wfp-food-prices-for-madagascar,2026-09-27
10903:Rice (local):2025-05-15,2025-05-15,Androy,Bekily,Anja Nord,10903,Rice (local),KG,Retail,MGA,2800,0.62,620000,https://data.humdata.org/dataset/wfp-food-prices-for-madagascar,2026-09-27
"10903:Oil (vegetable, packaged):2025-05-15",2025-05-15,Androy,Bekily,Anja Nord,10903,"Oil (vegetable, packaged)",L,Retail,MGA,10000,2.23,2230000,https://data.humdata.org/dataset/wfp-food-prices-for-madagascar,2026-09-27
10905:Rice (imported):2025-05-15,2025-05-15,Androy,Bekily,Antsakoamaro,10905,Rice (imported),KG,Retail,MGA,2975,0.66,660000,https://data.humdata.org/dataset/wfp-food-prices-for-madagascar,2026-09-27
10905:Rice (local):2025-05-15,2025-05-15,Androy,Bekily,Antsakoamaro,10905,Rice (local),KG,Retail,MGA,2975,0.66,660000,https://data.humdata.org/dataset/wfp-food-prices-for-madagascar,2026-09-27
"10905:Oil (vegetable, packaged):2025-05-15",2025-05-15,Androy,Bekily,Antsakoamaro,10905,"Oil (vegetable, packaged)",L,Retail,MGA,8000,1.78,1780000,https://data.humdata.org/dataset/wfp-food-prices-for-madagascar,2026-09-27
6848:Rice (imported):2025-05-15,2025-05-15,Androy,Bekily,Belindo Mahasoa,6848,Rice (imported),KG,Retail,MGA,2800,0.62,620000,https://data.humdata.org/dataset/wfp-food-prices-for-madagascar,2026-09-27
6848:Rice (local):2025-05-15,2025-05-15,Androy,Bekily,Belindo Mahasoa,6848,Rice (local),KG,Retail,MGA,2800,0.62,620000,https://data.humdata.org/dataset/wfp-food-prices-for-madagascar,2026-09-27
"6848:Oil (vegetable, packaged):2025-05-15",2025-05-15,Androy,Bekily,Belindo Mahasoa,6848,"Oil (vegetable, packaged)",L,Retail,MGA,12000,2.67,2670000,https://data.humdata.org/dataset/wfp-food-prices-for-madagascar,2026-09-27
10151:Rice (imported):2025-05-15,2025-05-15,Androy,Bekily,Beraketa,10151,Rice (imported),KG,Retail,MGA,2800,0.62,620000,https://data.humdata.org/dataset/wfp-food-prices-for-madagascar,2026-09-27
10151:Rice (local):2025-05-15,2025-05-15,Androy,Bekily,Beraketa,10151,Rice (local),KG,Retail,MGA,2800,0.62,620000,https://data.humdata.org/dataset/wfp-food-prices-for-madagascar,2026-09-27
"10151:Oil (vegetable, packaged):2025-05-15",2025-05-15,Androy,Bekily,Beraketa,10151,"Oil (vegetable, packaged)",L,Retail,MGA,10000,2.23,2230000,https://data.humdata.org/dataset/wfp-food-prices-for-madagascar,2026-09-27
6849:Rice (imported):2025-05-15,2025-05-15,Androy,Bekily,Bevitiky,6849,Rice (imported),KG,Retail,MGA,3500,0.78,780000,https://data.humdata.org/dataset/wfp-food-prices-for-madagascar,2026-09-27
6849:Rice (local):2025-05-15,2025-05-15,Androy,Bekily,Bevitiky,6849,Rice (local),KG,Retail,MGA,3500,0.78,780000,https://data.humdata.org/dataset/wfp-food-prices-for-madagascar,2026-09-27
"6849:Oil (vegetable, packaged):2025-05-15",2025-05-15,Androy,Bekily,Bevitiky,6849,"Oil (vegetable, packaged)",L,Retail,MGA,10000,2.23,2230000,https://data.humdata.org/dataset/wfp-food-prices-for-madagascar,2026-09-27
9112:Rice (imported):2025-05-15,2025-05-15,Androy,Bekily,Manakompy,9112,Rice (imported),KG,Retail,MGA,2800,0.62,620000,https://data.humdata.org/dataset/wfp-food-prices-for-madagascar,2026-09-27
9112:Rice (local):2025-05-15,2025-05-15,Androy,Bekily,Manakompy,9112,Rice (local),KG,Retail,MGA,2800,0.62,620000,https://data.humdata.org/dataset/wfp-food-prices-for-madagascar,2026-09-27
"9112:Oil (vegetable, packaged):2025-05-15",2025-05-15,Androy,Bekily,Manakompy,9112,"Oil (vegetable, packaged)",L,Retail,MGA,10000,2.23,2230000,https://data.humdata.org/dataset/wfp-food-prices-for-madagascar,2026-09-27
4645:Rice (imported):2025-05-15,2025-05-15,Androy,Bekily,Manambahy Bekitro,4645,Rice (imported),KG,Retail,MGA,2800,0.62,620000,https://data.humdata.org/dataset/wfp-food-prices-for-madagascar,2026-09-27
4645:Rice (local):2025-05-15,2025-05-15,Androy,Bekily,Manambahy Bekitro,4645,Rice (local),KG,Retail,MGA,2800,0.62,620000,https://data.humdata.org/dataset/wfp-food-prices-for-madagascar,2026-09-27
"4645:Oil (vegetable, packaged):2025-05-15",2025-05-15,Androy,Bekily,Manambahy Bekitro,4645,"Oil (vegetable, packaged)",L,Retail,MGA,8000,1.78,1780000,https://data.humdata.org/dataset/wfp-food-prices-for-madagascar,2026-09-27
10906:Rice (imported):2025-05-15,2025-05-15,Androy,Bekily,Maroviro,10906,Rice (imported),KG,Retail,MGA,3150,0.7,700000,https://data.humdata.org/dataset/wfp-food-prices-for-madagascar,2026-09-27
10906:Rice (local):2025-05-15,2025-05-15,Androy,Bekily,Maroviro,10906,Rice (local),KG,Retail,MGA,3150,0.7,700000,https://data.humdata.org/dataset/wfp-food-prices-for-madagascar,2026-09-27
738:Rice (imported):2025-05-15,2025-05-15,Androy,Bekily,Morafeno Bekily,738,Rice (imported),KG,Retail,MGA,3033.33,0.68,680000,https://data.humdata.org/dataset/wfp-food-prices-for-madagascar,2026-09-27
738:Rice (local):2025-05-15,2025-05-15,Androy,Bekily,Morafeno Bekily,738,Rice (local),KG,Retail,MGA,3033.33,0.68,680000,https://data.humdata.org/dataset/wfp-food-prices-for-madagascar,2026-09-27
"738:Oil (vegetable, packaged):2025-05-15",2025-05-15,Androy,Bekily,Morafeno Bekily,738,"Oil (vegetable, packaged)",L,Retail,MGA,11000,2.45,2450000,https://data.humdata.org/dataset/wfp-food-prices-for-madagascar,2026-09-27
7210:Rice (imported):2025-05-15,2025-05-15,Androy,Bekily,Tanandava,7210,Rice (imported),KG,Retail,MGA,2800,0.62,620000,https://data.humdata.org/dataset/wfp-food-prices-for-madagascar,2026-09-27
7210:Rice (local):2025-05-15,2025-05-15,Androy,Bekily,Tanandava,7210,Rice (local),KG,Retail,MGA,2800,0.62,620000,https://data.humdata.org/dataset/wfp-food-prices-for-madagascar,2026-09-27
"7210:Oil (vegetable, packaged):2025-05-15",2025-05-15,Androy,Bekily,Tanandava,7210,"Oil (vegetable, packaged)",L,Retail,MGA,10000,2.23,2230000,https://data.humdata.org/dataset/wfp-food-prices-for-madagascar,2026-09-27
10908:Rice (imported):2025-05-15,2025-05-15,Androy,Bekily,Tsikolaky,10908,Rice (imported),KG,Retail,MGA,2800,0.62,620000,https://data.humdata.org/dataset/wfp-food-prices-for-madagascar,2026-09-27
10908:Rice (local):2025-05-15,2025-05-15,Androy,Bekily,Tsikolaky,10908,Rice (local),KG,Retail,MGA,2800,0.62,620000,https://data.humdata.org/dataset/wfp-food-prices-for-madagascar,2026-09-27
"10908:Oil (vegetable, packaged):2025-05-15",2025-05-15,Androy,Bekily,Tsikolaky,10908,"Oil (vegetable, packaged)",L,Retail,MGA,9000,2.01,2010000,https://data.humdata.org/dataset/wfp-food-prices-for-madagascar,2026-09-27
6866:Rice (imported):2025-05-15,2025-05-15,Androy,Beloha,Tranovaho,6866,Rice (imported),KG,Retail,MGA,2450,0.55,550000,https://data.humdata.org/dataset/wfp-food-prices-for-madagascar,2026-09-27
6866:Rice (local):2025-05-15,2025-05-15,Androy,Beloha,Tranovaho,6866,Rice (local),KG,Retail,MGA,2800,0.62,620000,https://data.humdata.org/dataset/wfp-food-prices-for-madagascar,2026-09-27
"6866:Oil (vegetable, packaged):2025-05-15",2025-05-15,Androy,Beloha,Tranovaho,6866,"Oil (vegetable, packaged)",L,Retail,MGA,10000,2.23,2230000,https://data.humdata.org/dataset/wfp-food-prices-for-madagascar,2026-09-27
6846:Rice (imported):2025-05-15,2025-05-15,Androy,Tsihombe,Antaritarika,6846,Rice (imported),KG,Retail,MGA,3500,0.78,780000,https://data.humdata.org/dataset/wfp-food-prices-for-madagascar,2026-09-27
6846:Rice (local):2025-05-15,2025-05-15,Androy,Tsihombe,Antaritarika,6846,Rice (local),KG,Retail,MGA,3500,0.78,780000,https://data.humdata.org/dataset/wfp-food-prices-for-madagascar,2026-09-27
"6846:Oil (vegetable, packaged):2025-05-15",2025-05-15,Androy,Tsihombe,Antaritarika,6846,"Oil (vegetable, packaged)",L,Retail,MGA,12000,2.67,2670000,https://data.humdata.org/dataset/wfp-food-prices-for-madagascar,2026-09-27
10912:Rice (imported):2025-05-15,2025-05-15,Androy,Tsihombe,Nikoly,10912,Rice (imported),KG,Retail,MGA,2975,0.66,660000,https://data.humdata.org/dataset/wfp-food-prices-for-madagascar,2026-09-27
10912:Rice (local):2025-05-15,2025-05-15,Androy,Tsihombe,Nikoly,10912,Rice (local),KG,Retail,MGA,2975,0.66,660000,https://data.humdata.org/dataset/wfp-food-prices-for-madagascar,2026-09-27
"10912:Oil (vegetable, packaged):2025-05-15",2025-05-15,Androy,Tsihombe,Nikoly,10912,"Oil (vegetable, packaged)",L,Retail,MGA,10000,2.23,2230000,https://data.humdata.org/dataset/wfp-food-prices-for-madagascar,2026-09-27
735:Rice (imported):2025-05-15,2025-05-15,Androy,Tsihombe,Tsihombe,735,Rice (imported),KG,Retail,MGA,2800,0.62,620000,https://data.humdata.org/dataset/wfp-food-prices-for-madagascar,2026-09-27
735:Rice (local):2025-05-15,2025-05-15,Androy,Tsihombe,Tsihombe,735,Rice (local),KG,Retail,MGA,3150,0.7,700000,https://data.humdata.org/dataset/wfp-food-prices-for-madagascar,2026-09-27
"735:Oil (vegetable, packaged):2025-05-15",2025-05-15,Androy,Tsihombe,Tsihombe,735,"Oil (vegetable, packaged)",L,Retail,MGA,10000,2.23,2230000,https://data.humdata.org/dataset/wfp-food-prices-for-madagascar,2026-09-27
4643:Rice (imported):2025-06-15,2025-06-15,Androy,Ambovombe-Androy,Ambondro,4643,Rice (imported),KG,Retail,MGA,2800,0.63,630000,https://data.humdata.org/dataset/wfp-food-prices-for-madagascar,2026-09-27
4643:Rice (local):2025-06-15,2025-06-15,Androy,Ambovombe-Androy,Ambondro,4643,Rice (local),KG,Retail,MGA,2683.33,0.6,600000,https://data.humdata.org/dataset/wfp-food-prices-for-madagascar,2026-09-27
"4643:Oil (vegetable, packaged):2025-06-15",2025-06-15,Androy,Ambovombe-Androy,Ambondro,4643,"Oil (vegetable, packaged)",L,Retail,MGA,9950,2.24,2240000,https://data.humdata.org/dataset/wfp-food-prices-for-madagascar,2026-09-27
736:Rice (imported):2025-06-15,2025-06-15,Androy,Ambovombe-Androy,Ambovombe-androy,736,Rice (imported),KG,Retail,MGA,2450,0.55,550000,https://data.humdata.org/dataset/wfp-food-prices-for-madagascar,2026-09-27
736:Rice (local):2025-06-15,2025-06-15,Androy,Ambovombe-Androy,Ambovombe-androy,736,Rice (local),KG,Retail,MGA,2975,0.67,670000,https://data.humdata.org/dataset/wfp-food-prices-for-madagascar,2026-09-27
"736:Oil (vegetable, packaged):2025-06-15",2025-06-15,Androy,Ambovombe-Androy,Ambovombe-androy,736,"Oil (vegetable, packaged)",L,Retail,MGA,8000,1.8,1800000,https://data.humdata.org/dataset/wfp-food-prices-for-madagascar,2026-09-27
6557:Rice (imported):2025-06-15,2025-06-15,Androy,Ambovombe-Androy,Ampamata,6557,Rice (imported),KG,Retail,MGA,2975,0.67,670000,https://data.humdata.org/dataset/wfp-food-prices-for-madagascar,2026-09-27
6557:Rice (local):2025-06-15,2025-06-15,Androy,Ambovombe-Androy,Ampamata,6557,Rice (local),KG,Retail,MGA,3850,0.87,870000,https://data.humdata.org/dataset/wfp-food-prices-for-madagascar,2026-09-27
"6557:Oil (vegetable, packaged):2025-06-15",2025-06-15,Androy,Ambovombe-Androy,Ampamata,6557,"Oil (vegetable, packaged)",L,Retail,MGA,10000,2.25,2250000,https://data.humdata.org/dataset/wfp-food-prices-for-madagascar,2026-09-27
4972:Rice (imported):2025-06-15,2025-06-15,Androy,Ambovombe-Androy,Andalatanosy,4972,Rice (imported),KG,Retail,MGA,3383.33,0.76,760000,https://data.humdata.org/dataset/wfp-food-prices-for-madagascar,2026-09-27
4972:Rice (local):2025-06-15,2025-06-15,Androy,Ambovombe-Androy,Andalatanosy,4972,Rice (local),KG,Retail,MGA,3150,0.71,710000,https://data.humdata.org/dataset/wfp-food-prices-for-madagascar,2026-09-27
"4972:Oil (vegetable, packaged):2025-06-15",2025-06-15,Androy,Ambovombe-Androy,Andalatanosy,4972,"Oil (vegetable, packaged)",L,Retail,MGA,11000,2.48,2480000,https://data.humdata.org/dataset/wfp-food-prices-for-madagascar,2026-09-27
10836:Rice (imported):2025-06-15,2025-06-15,Androy,Ambovombe-Androy,Anjeky Ankilikira,10836,Rice (imported),KG,Retail,MGA,2800,0.63,630000,https://data.humdata.org/dataset/wfp-food-prices-for-madagascar,2026-09-27
10836:Rice (local):2025-06-15,2025-06-15,Androy,Ambovombe-Androy,Anjeky Ankilikira,10836,Rice (local),KG,Retail,MGA,2800,0.63,630000,https://data.humdata.org/dataset/wfp-food-prices-for-madagascar,2026-09-27
"10836:Oil (vegetable, packaged):2025-06-15",2025-06-15,Androy,Ambovombe-Androy,Anjeky Ankilikira,10836,"Oil (vegetable, packaged)",L,Retail,MGA,9200,2.07,2070000,https://data.humdata.org/dataset/wfp-food-prices-for-madagascar,2026-09-27
4644:Rice (imported):2025-06-15,2025-06-15,Androy,Ambovombe-Androy,Antanimora Atsimo,4644,Rice (imported),KG,Retail,MGA,2537.5,0.57,570000,https://data.humdata.org/dataset/wfp-food-prices-for-madagascar,2026-09-27
4644:Rice (local):2025-06-15,2025-06-15,Androy,Ambovombe-Androy,Antanimora Atsimo,4644,Rice (local),KG,Retail,MGA,3675,0.83,830000,https://data.humdata.org/dataset/wfp-food-prices-for-madagascar,2026-09-27
"4644:Oil (vegetable, packaged):2025-06-15",2025-06-15,Androy,Ambovombe-Androy,Antanimora Atsimo,4644,"Oil (vegetable, packaged)",L,Retail,MGA,10333.33,2.33,2330000,https://data.humdata.org/dataset/wfp-food-prices-for-madagascar,2026-09-27
6558:Rice (imported):2025-06-15,2025-06-15,Androy,Ambovombe-Androy,Imanombo,6558,Rice (imported),KG,Retail,MGA,3500,0.79,790000,https://data.humdata.org/dataset/wfp-food-prices-for-madagascar,2026-09-27
"6558:Oil (vegetable, packaged):2025-06-15",2025-06-15,Androy,Ambovombe-Androy,Imanombo,6558,"Oil (vegetable, packaged)",L,Retail,MGA,12000,2.7,2700000,https://data.humdata.org/dataset/wfp-food-prices-for-madagascar,2026-09-27
6559:Rice (imported):2025-06-15,2025-06-15,Androy,Ambovombe-Androy,Jafaro,6559,Rice (imported),KG,Retail,MGA,3500,0.79,790000,https://data.humdata.org/dataset/wfp-food-prices-for-madagascar,2026-09-27
6559:Rice (local):2025-06-15,2025-06-15,Androy,Ambovombe-Androy,Jafaro,6559,Rice (local),KG,Retail,MGA,3150,0.71,710000,https://data.humdata.org/dataset/wfp-food-prices-for-madagascar,2026-09-27
"6559:Oil (vegetable, packaged):2025-06-15",2025-06-15,Androy,Ambovombe-Androy,Jafaro,6559,"Oil (vegetable, packaged)",L,Retail,MGA,11000,2.48,2480000,https://data.humdata.org/dataset/wfp-food-prices-for-madagascar,2026-09-27
10837:Rice (imported):2025-06-15,2025-06-15,Androy,Ambovombe-Androy,Sihanamaro,10837,Rice (imported),KG,Retail,MGA,2800,0.63,630000,https://data.humdata.org/dataset/wfp-food-prices-for-madagascar,2026-09-27
10837:Rice (local):2025-06-15,2025-06-15,Androy,Ambovombe-Androy,Sihanamaro,10837,Rice (local),KG,Retail,MGA,2800,0.63,630000,https://data.humdata.org/dataset/wfp-food-prices-for-madagascar,2026-09-27
"10837:Oil (vegetable, packaged):2025-06-15",2025-06-15,Androy,Ambovombe-Androy,Sihanamaro,10837,"Oil (vegetable, packaged)",L,Retail,MGA,10000,2.25,2250000,https://data.humdata.org/dataset/wfp-food-prices-for-madagascar,2026-09-27
10149:Rice (imported):2025-06-15,2025-06-15,Androy,Ambovombe-Androy,Soatsifa,10149,Rice (imported),KG,Retail,MGA,2800,0.63,630000,https://data.humdata.org/dataset/wfp-food-prices-for-madagascar,2026-09-27
10149:Rice (local):2025-06-15,2025-06-15,Androy,Ambovombe-Androy,Soatsifa,10149,Rice (local),KG,Retail,MGA,3500,0.79,790000,https://data.humdata.org/dataset/wfp-food-prices-for-madagascar,2026-09-27
"10149:Oil (vegetable, packaged):2025-06-15",2025-06-15,Androy,Ambovombe-Androy,Soatsifa,10149,"Oil (vegetable, packaged)",L,Retail,MGA,10000,2.25,2250000,https://data.humdata.org/dataset/wfp-food-prices-for-madagascar,2026-09-27
6839:Rice (imported):2025-06-15,2025-06-15,Androy,Bekily,Ambahita,6839,Rice (imported),KG,Retail,MGA,3150,0.71,710000,https://data.humdata.org/dataset/wfp-food-prices-for-madagascar,2026-09-27
6839:Rice (local):2025-06-15,2025-06-15,Androy,Bekily,Ambahita,6839,Rice (local),KG,Retail,MGA,3150,0.71,710000,https://data.humdata.org/dataset/wfp-food-prices-for-madagascar,2026-09-27
"6839:Oil (vegetable, packaged):2025-06-15",2025-06-15,Androy,Bekily,Ambahita,6839,"Oil (vegetable, packaged)",L,Retail,MGA,9000,2.03,2030000,https://data.humdata.org/dataset/wfp-food-prices-for-madagascar,2026-09-27
10150:Rice (imported):2025-06-15,2025-06-15,Androy,Bekily,Anivorano Mitsinjo,10150,Rice (imported),KG,Retail,MGA,2450,0.55,550000,https://data.humdata.org/dataset/wfp-food-prices-for-madagascar,2026-09-27
10150:Rice (local):2025-06-15,2025-06-15,Androy,Bekily,Anivorano Mitsinjo,10150,Rice (local),KG,Retail,MGA,2450,0.55,550000,https://data.humdata.org/dataset/wfp-food-prices-for-madagascar,2026-09-27
"10150:Oil (vegetable, packaged):2025-06-15",2025-06-15,Androy,Bekily,Anivorano Mitsinjo,10150,"Oil (vegetable, packaged)",L,Retail,MGA,8000,1.8,1800000,https://data.humdata.org/dataset/wfp-food-prices-for-madagascar,2026-09-27
10903:Rice (imported):2025-06-15,2025-06-15,Androy,Bekily,Anja Nord,10903,Rice (imported),KG,Retail,MGA,3150,0.71,710000,https://data.humdata.org/dataset/wfp-food-prices-for-madagascar,2026-09-27
10903:Rice (local):2025-06-15,2025-06-15,Androy,Bekily,Anja Nord,10903,Rice (local),KG,Retail,MGA,3150,0.71,710000,https://data.humdata.org/dataset/wfp-food-prices-for-madagascar,2026-09-27
"10903:Oil (vegetable, packaged):2025-06-15",2025-06-15,Androy,Bekily,Anja Nord,10903,"Oil (vegetable, packaged)",L,Retail,MGA,10000,2.25,2250000,https://data.humdata.org/dataset/wfp-food-prices-for-madagascar,2026-09-27
10905:Rice (imported):2025-06-15,2025-06-15,Androy,Bekily,Antsakoamaro,10905,Rice (imported),KG,Retail,MGA,2800,0.63,630000,https://data.humdata.org/dataset/wfp-food-prices-for-madagascar,2026-09-27
10905:Rice (local):2025-06-15,2025-06-15,Androy,Bekily,Antsakoamaro,10905,Rice (local),KG,Retail,MGA,2800,0.63,630000,https://data.humdata.org/dataset/wfp-food-prices-for-madagascar,2026-09-27
"10905:Oil (vegetable, packaged):2025-06-15",2025-06-15,Androy,Bekily,Antsakoamaro,10905,"Oil (vegetable, packaged)",L,Retail,MGA,10000,2.25,2250000,https://data.humdata.org/dataset/wfp-food-prices-for-madagascar,2026-09-27
6848:Rice (imported):2025-06-15,2025-06-15,Androy,Bekily,Belindo Mahasoa,6848,Rice (imported),KG,Retail,MGA,3150,0.71,710000,https://data.humdata.org/dataset/wfp-food-prices-for-madagascar,2026-09-27
6848:Rice (local):2025-06-15,2025-06-15,Androy,Bekily,Belindo Mahasoa,6848,Rice (local),KG,Retail,MGA,3150,0.71,710000,https://data.humdata.org/dataset/wfp-food-prices-for-madagascar,2026-09-27
"6848:Oil (vegetable, packaged):2025-06-15",2025-06-15,Androy,Bekily,Belindo Mahasoa,6848,"Oil (vegetable, packaged)",L,Retail,MGA,8000,1.8,1800000,https://data.humdata.org/dataset/wfp-food-prices-for-madagascar,2026-09-27
10151:Rice (imported):2025-06-15,2025-06-15,Androy,Bekily,Beraketa,10151,Rice (imported),KG,Retail,MGA,3150,0.71,710000,https://data.humdata.org/dataset/wfp-food-prices-for-madagascar,2026-09-27
10151:Rice (local):2025-06-15,2025-06-15,Androy,Bekily,Beraketa,10151,Rice (local),KG,Retail,MGA,3150,0.71,710000,https://data.humdata.org/dataset/wfp-food-prices-for-madagascar,2026-09-27
"10151:Oil (vegetable, packaged):2025-06-15",2025-06-15,Androy,Bekily,Beraketa,10151,"Oil (vegetable, packaged)",L,Retail,MGA,12000,2.7,2700000,https://data.humdata.org/dataset/wfp-food-prices-for-madagascar,2026-09-27
6849:Rice (imported):2025-06-15,2025-06-15,Androy,Bekily,Bevitiky,6849,Rice (imported),KG,Retail,MGA,2450,0.55,550000,https://data.humdata.org/dataset/wfp-food-prices-for-madagascar,2026-09-27
6849:Rice (local):2025-06-15,2025-06-15,Androy,Bekily,Bevitiky,6849,Rice (local),KG,Retail,MGA,2450,0.55,550000,https://data.humdata.org/dataset/wfp-food-prices-for-madagascar,2026-09-27
"6849:Oil (vegetable, packaged):2025-06-15",2025-06-15,Androy,Bekily,Bevitiky,6849,"Oil (vegetable, packaged)",L,Retail,MGA,10000,2.25,2250000,https://data.humdata.org/dataset/wfp-food-prices-for-madagascar,2026-09-27
9112:Rice (imported):2025-06-15,2025-06-15,Androy,Bekily,Manakompy,9112,Rice (imported),KG,Retail,MGA,3500,0.79,790000,https://data.humdata.org/dataset/wfp-food-prices-for-madagascar,2026-09-27
9112:Rice (local):2025-06-15,2025-06-15,Androy,Bekily,Manakompy,9112,Rice (local),KG,Retail,MGA,3500,0.79,790000,https://data.humdata.org/dataset/wfp-food-prices-for-madagascar,2026-09-27
"9112:Oil (vegetable, packaged):2025-06-15",2025-06-15,Androy,Bekily,Manakompy,9112,"Oil (vegetable, packaged)",L,Retail,MGA,8000,1.8,1800000,https://data.humdata.org/dataset/wfp-food-prices-for-madagascar,2026-09-27
4645:Rice (imported):2025-06-15,2025-06-15,Androy,Bekily,Manambahy Bekitro,4645,Rice (imported),KG,Retail,MGA,2712.5,0.61,610000,https://data.humdata.org/dataset/wfp-food-prices-for-madagascar,2026-09-27
4645:Rice (local):2025-06-15,2025-06-15,Androy,Bekily,Manambahy Bekitro,4645,Rice (local),KG,Retail,MGA,2887.5,0.65,650000,https://data.humdata.org/dataset/wfp-food-prices-for-madagascar,2026-09-27
"4645:Oil (vegetable, packaged):2025-06-15",2025-06-15,Androy,Bekily,Manambahy Bekitro,4645,"Oil (vegetable, packaged)",L,Retail,MGA,11000,2.48,2480000,https://data.humdata.org/dataset/wfp-food-prices-for-madagascar,2026-09-27
10906:Rice (imported):2025-06-15,2025-06-15,Androy,Bekily,Maroviro,10906,Rice (imported),KG,Retail,MGA,2800,0.63,630000,https://data.humdata.org/dataset/wfp-food-prices-for-madagascar,2026-09-27
10906:Rice (local):2025-06-15,2025-06-15,Androy,Bekily,Maroviro,10906,Rice (local),KG,Retail,MGA,2800,0.63,630000,https://data.humdata.org/dataset/wfp-food-prices-for-madagascar,2026-09-27
"10906:Oil (vegetable, packaged):2025-06-15",2025-06-15,Androy,Bekily,Maroviro,10906,"Oil (vegetable, packaged)",L,Retail,MGA,12000,2.7,2700000,https://data.humdata.org/dataset/wfp-food-prices-for-madagascar,2026-09-27
738:Rice (imported):2025-06-15,2025-06-15,Androy,Bekily,Morafeno Bekily,738,Rice (imported),KG,Retail,MGA,2800,0.63,630000,https://data.humdata.org/dataset/wfp-food-prices-for-madagascar,2026-09-27
738:Rice (local):2025-06-15,2025-06-15,Androy,Bekily,Morafeno Bekily,738,Rice (local),KG,Retail,MGA,2975,0.67,670000,https://data.humdata.org/dataset/wfp-food-prices-for-madagascar,2026-09-27
"738:Oil (vegetable, packaged):2025-06-15",2025-06-15,Androy,Bekily,Morafeno Bekily,738,"Oil (vegetable, packaged)",L,Retail,MGA,11000,2.48,2480000,https://data.humdata.org/dataset/wfp-food-prices-for-madagascar,2026-09-27
10907:Rice (imported):2025-06-15,2025-06-15,Androy,Bekily,Sarisambo,10907,Rice (imported),KG,Retail,MGA,2800,0.63,630000,https://data.humdata.org/dataset/wfp-food-prices-for-madagascar,2026-09-27
10907:Rice (local):2025-06-15,2025-06-15,Androy,Bekily,Sarisambo,10907,Rice (local),KG,Retail,MGA,2800,0.63,630000,https://data.humdata.org/dataset/wfp-food-prices-for-madagascar,2026-09-27
"10907:Oil (vegetable, packaged):2025-06-15",2025-06-15,Androy,Bekily,Sarisambo,10907,"Oil (vegetable, packaged)",L,Retail,MGA,12000,2.7,2700000,https://data.humdata.org/dataset/wfp-food-prices-for-madagascar,2026-09-27
7210:Rice (imported):2025-06-15,2025-06-15,Androy,Bekily,Tanandava,7210,Rice (imported),KG,Retail,MGA,2800,0.63,630000,https://data.humdata.org/dataset/wfp-food-prices-for-madagascar,2026-09-27
7210:Rice (local):2025-06-15,2025-06-15,Androy,Bekily,Tanandava,7210,Rice (local),KG,Retail,MGA,2800,0.63,630000,https://data.humdata.org/dataset/wfp-food-prices-for-madagascar,2026-09-27
"7210:Oil (vegetable, packaged):2025-06-15",2025-06-15,Androy,Bekily,Tanandava,7210,"Oil (vegetable, packaged)",L,Retail,MGA,8000,1.8,1800000,https://data.humdata.org/dataset/wfp-food-prices-for-madagascar,2026-09-27
10908:Rice (imported):2025-06-15,2025-06-15,Androy,Bekily,Tsikolaky,10908,Rice (imported),KG,Retail,MGA,2800,0.63,630000,https://data.humdata.org/dataset/wfp-food-prices-for-madagascar,2026-09-27
10908:Rice (local):2025-06-15,2025-06-15,Androy,Bekily,Tsikolaky,10908,Rice (local),KG,Retail,MGA,2800,0.63,630000,https://data.humdata.org/dataset/wfp-food-prices-for-madagascar,2026-09-27
6866:Rice (imported):2025-06-15,2025-06-15,Androy,Beloha,Tranovaho,6866,Rice (imported),KG,Retail,MGA,3500,0.79,790000,https://data.humdata.org/dataset/wfp-food-prices-for-madagascar,2026-09-27
6866:Rice (local):2025-06-15,2025-06-15,Androy,Beloha,Tranovaho,6866,Rice (local),KG,Retail,MGA,3500,0.79,790000,https://data.humdata.org/dataset/wfp-food-prices-for-madagascar,2026-09-27
"6866:Oil (vegetable, packaged):2025-06-15",2025-06-15,Androy,Beloha,Tranovaho,6866,"Oil (vegetable, packaged)",L,Retail,MGA,12000,2.7,2700000,https://data.humdata.org/dataset/wfp-food-prices-for-madagascar,2026-09-27
6846:Rice (imported):2025-06-15,2025-06-15,Androy,Tsihombe,Antaritarika,6846,Rice (imported),KG,Retail,MGA,3500,0.79,790000,https://data.humdata.org/dataset/wfp-food-prices-for-madagascar,2026-09-27
6846:Rice (local):2025-06-15,2025-06-15,Androy,Tsihombe,Antaritarika,6846,Rice (local),KG,Retail,MGA,3500,0.79,790000,https://data.humdata.org/dataset/wfp-food-prices-for-madagascar,2026-09-27
"6846:Oil (vegetable, packaged):2025-06-15",2025-06-15,Androy,Tsihombe,Antaritarika,6846,"Oil (vegetable, packaged)",L,Retail,MGA,12000,2.7,2700000,https://data.humdata.org/dataset/wfp-food-prices-for-madagascar,2026-09-27
10154:Rice (imported):2025-06-15,2025-06-15,Androy,Tsihombe,Behazomanga,10154,Rice (imported),KG,Retail,MGA,2100,0.47,470000,https://data.humdata.org/dataset/wfp-food-prices-for-madagascar,2026-09-27
10154:Rice (local):2025-06-15,2025-06-15,Androy,Tsihombe,Behazomanga,10154,Rice (local),KG,Retail,MGA,3500,0.79,790000,https://data.humdata.org/dataset/wfp-food-prices-for-madagascar,2026-09-27
"10154:Oil (vegetable, packaged):2025-06-15",2025-06-15,Androy,Tsihombe,Behazomanga,10154,"Oil (vegetable, packaged)",L,Retail,MGA,12000,2.7,2700000,https://data.humdata.org/dataset/wfp-food-prices-for-madagascar,2026-09-27
10155:Rice (imported):2025-06-15,2025-06-15,Androy,Tsihombe,Betanty (Faux Cap),10155,Rice (imported),KG,Retail,MGA,3500,0.79,790000,https://data.humdata.org/dataset/wfp-food-prices-for-madagascar,2026-09-27
10155:Rice (local):2025-06-15,2025-06-15,Androy,Tsihombe,Betanty (Faux Cap),10155,Rice (local),KG,Retail,MGA,3500,0.79,790000,https://data.humdata.org/dataset/wfp-food-prices-for-madagascar,2026-09-27
"10155:Oil (vegetable, packaged):2025-06-15",2025-06-15,Androy,Tsihombe,Betanty (Faux Cap),10155,"Oil (vegetable, packaged)",L,Retail,MGA,12000,2.7,2700000,https://data.humdata.org/dataset/wfp-food-prices-for-madagascar,2026-09-27
10912:Rice (imported):2025-06-15,2025-06-15,Androy,Tsihombe,Nikoly,10912,Rice (imported),KG,Retail,MGA,2800,0.63,630000,https://data.humdata.org/dataset/wfp-food-prices-for-madagascar,2026-09-27
10912:Rice (local):2025-06-15,2025-06-15,Androy,Tsihombe,Nikoly,10912,Rice (local),KG,Retail,MGA,2800,0.63,630000,https://data.humdata.org/dataset/wfp-food-prices-for-madagascar,2026-09-27
"10912:Oil (vegetable, packaged):2025-06-15",2025-06-15,Androy,Tsihombe,Nikoly,10912,"Oil (vegetable, packaged)",L,Retail,MGA,10000,2.25,2250000,https://data.humdata.org/dataset/wfp-food-prices-for-madagascar,2026-09-27
735:Rice (imported):2025-06-15,2025-06-15,Androy,Tsihombe,Tsihombe,735,Rice (imported),KG,Retail,MGA,2625,0.59,590000,https://data.humdata.org/dataset/wfp-food-prices-for-madagascar,2026-09-27
735:Rice (local):2025-06-15,2025-06-15,Androy,Tsihombe,Tsihombe,735,Rice (local),KG,Retail,MGA,2975,0.67,670000,https://data.humdata.org/dataset/wfp-food-prices-for-madagascar,2026-09-27
"735:Oil (vegetable, packaged):2025-06-15",2025-06-15,Androy,Tsihombe,Tsihombe,735,"Oil (vegetable, packaged)",L,Retail,MGA,10000,2.25,2250000,https://data.humdata.org/dataset/wfp-food-prices-for-madagascar,2026-09-27
4643:Rice (imported):2025-07-15,2025-07-15,Androy,Ambovombe-Androy,Ambondro,4643,Rice (imported),KG,Retail,MGA,2887.5,0.65,650000,https://data.humdata.org/dataset/wfp-food-prices-for-madagascar,2026-09-27
4643:Rice (local):2025-07-15,2025-07-15,Androy,Ambovombe-Androy,Ambondro,4643,Rice (local),KG,Retail,MGA,3033.33,0.68,680000,https://data.humdata.org/dataset/wfp-food-prices-for-madagascar,2026-09-27
"4643:Oil (vegetable, packaged):2025-07-15",2025-07-15,Androy,Ambovombe-Androy,Ambondro,4643,"Oil (vegetable, packaged)",L,Retail,MGA,10333.33,2.31,2310000,https://data.humdata.org/dataset/wfp-food-prices-for-madagascar,2026-09-27
736:Rice (imported):2025-07-15,2025-07-15,Androy,Ambovombe-Androy,Ambovombe-androy,736,Rice (imported),KG,Retail,MGA,2800,0.63,630000,https://data.humdata.org/dataset/wfp-food-prices-for-madagascar,2026-09-27
736:Rice (local):2025-07-15,2025-07-15,Androy,Ambovombe-Androy,Ambovombe-androy,736,Rice (local),KG,Retail,MGA,3150,0.71,710000,https://data.humdata.org/dataset/wfp-food-prices-for-madagascar,2026-09-27
"736:Oil (vegetable, packaged):2025-07-15",2025-07-15,Androy,Ambovombe-Androy,Ambovombe-androy,736,"Oil (vegetable, packaged)",L,Retail,MGA,10000,2.24,2240000,https://data.humdata.org/dataset/wfp-food-prices-for-madagascar,2026-09-27
6557:Rice (imported):2025-07-15,2025-07-15,Androy,Ambovombe-Androy,Ampamata,6557,Rice (imported),KG,Retail,MGA,2800,0.63,630000,https://data.humdata.org/dataset/wfp-food-prices-for-madagascar,2026-09-27
6557:Rice (local):2025-07-15,2025-07-15,Androy,Ambovombe-Androy,Ampamata,6557,Rice (local),KG,Retail,MGA,3150,0.71,710000,https://data.humdata.org/dataset/wfp-food-prices-for-madagascar,2026-09-27
"6557:Oil (vegetable, packaged):2025-07-15",2025-07-15,Androy,Ambovombe-Androy,Ampamata,6557,"Oil (vegetable, packaged)",L,Retail,MGA,10000,2.24,2240000,https://data.humdata.org/dataset/wfp-food-prices-for-madagascar,2026-09-27
4972:Rice (imported):2025-07-15,2025-07-15,Androy,Ambovombe-Androy,Andalatanosy,4972,Rice (imported),KG,Retail,MGA,2975,0.67,670000,https://data.humdata.org/dataset/wfp-food-prices-for-madagascar,2026-09-27
4972:Rice (local):2025-07-15,2025-07-15,Androy,Ambovombe-Androy,Andalatanosy,4972,Rice (local),KG,Retail,MGA,2800,0.63,630000,https://data.humdata.org/dataset/wfp-food-prices-for-madagascar,2026-09-27
"4972:Oil (vegetable, packaged):2025-07-15",2025-07-15,Androy,Ambovombe-Androy,Andalatanosy,4972,"Oil (vegetable, packaged)",L,Retail,MGA,11000,2.46,2460000,https://data.humdata.org/dataset/wfp-food-prices-for-madagascar,2026-09-27
10836:Rice (imported):2025-07-15,2025-07-15,Androy,Ambovombe-Androy,Anjeky Ankilikira,10836,Rice (imported),KG,Retail,MGA,2625,0.59,590000,https://data.humdata.org/dataset/wfp-food-prices-for-madagascar,2026-09-27
10836:Rice (local):2025-07-15,2025-07-15,Androy,Ambovombe-Androy,Anjeky Ankilikira,10836,Rice (local),KG,Retail,MGA,2800,0.63,630000,https://data.humdata.org/dataset/wfp-food-prices-for-madagascar,2026-09-27
"10836:Oil (vegetable, packaged):2025-07-15",2025-07-15,Androy,Ambovombe-Androy,Anjeky Ankilikira,10836,"Oil (vegetable, packaged)",L,Retail,MGA,8000,1.79,1790000,https://data.humdata.org/dataset/wfp-food-prices-for-madagascar,2026-09-27
4644:Rice (imported):2025-07-15,2025-07-15,Androy,Ambovombe-Androy,Antanimora Atsimo,4644,Rice (imported),KG,Retail,MGA,2625,0.59,590000,https://data.humdata.org/dataset/wfp-food-prices-for-madagascar,2026-09-27
4644:Rice (local):2025-07-15,2025-07-15,Androy,Ambovombe-Androy,Antanimora Atsimo,4644,Rice (local),KG,Retail,MGA,2975,0.67,670000,https://data.humdata.org/dataset/wfp-food-prices-for-madagascar,2026-09-27
"4644:Oil (vegetable, packaged):2025-07-15",2025-07-15,Androy,Ambovombe-Androy,Antanimora Atsimo,4644,"Oil (vegetable, packaged)",L,Retail,MGA,11000,2.46,2460000,https://data.humdata.org/dataset/wfp-food-prices-for-madagascar,2026-09-27
6558:Rice (imported):2025-07-15,2025-07-15,Androy,Ambovombe-Androy,Imanombo,6558,Rice (imported),KG,Retail,MGA,3500,0.78,780000,https://data.humdata.org/dataset/wfp-food-prices-for-madagascar,2026-09-27
"6558:Oil (vegetable, packaged):2025-07-15",2025-07-15,Androy,Ambovombe-Androy,Imanombo,6558,"Oil (vegetable, packaged)",L,Retail,MGA,12000,2.69,2690000,https://data.humdata.org/dataset/wfp-food-prices-for-madagascar,2026-09-27
6559:Rice (imported):2025-07-15,2025-07-15,Androy,Ambovombe-Androy,Jafaro,6559,Rice (imported),KG,Retail,MGA,2800,0.63,630000,https://data.humdata.org/dataset/wfp-food-prices-for-madagascar,2026-09-27
6559:Rice (local):2025-07-15,2025-07-15,Androy,Ambovombe-Androy,Jafaro,6559,Rice (local),KG,Retail,MGA,2800,0.63,630000,https://data.humdata.org/dataset/wfp-food-prices-for-madagascar,2026-09-27
"6559:Oil (vegetable, packaged):2025-07-15",2025-07-15,Androy,Ambovombe-Androy,Jafaro,6559,"Oil (vegetable, packaged)",L,Retail,MGA,11000,2.46,2460000,https://data.humdata.org/dataset/wfp-food-prices-for-madagascar,2026-09-27
7207:Rice (imported):2025-07-15,2025-07-15,Androy,Ambovombe-Androy,Maroalopoty,7207,Rice (imported),KG,Retail,MGA,3500,0.78,780000,https://data.humdata.org/dataset/wfp-food-prices-for-madagascar,2026-09-27
7207:Rice (local):2025-07-15,2025-07-15,Androy,Ambovombe-Androy,Maroalopoty,7207,Rice (local),KG,Retail,MGA,3850,0.86,860000,https://data.humdata.org/dataset/wfp-food-prices-for-madagascar,2026-09-27
"7207:Oil (vegetable, packaged):2025-07-15",2025-07-15,Androy,Ambovombe-Androy,Maroalopoty,7207,"Oil (vegetable, packaged)",L,Retail,MGA,12000,2.69,2690000,https://data.humdata.org/dataset/wfp-food-prices-for-madagascar,2026-09-27
10149:Rice (imported):2025-07-15,2025-07-15,Androy,Ambovombe-Androy,Soatsifa,10149,Rice (imported),KG,Retail,MGA,2625,0.59,590000,https://data.humdata.org/dataset/wfp-food-prices-for-madagascar,2026-09-27
10149:Rice (local):2025-07-15,2025-07-15,Androy,Ambovombe-Androy,Soatsifa,10149,Rice (local),KG,Retail,MGA,3150,0.71,710000,https://data.humdata.org/dataset/wfp-food-prices-for-madagascar,2026-09-27
"10149:Oil (vegetable, packaged):2025-07-15",2025-07-15,Androy,Ambovombe-Androy,Soatsifa,10149,"Oil (vegetable, packaged)",L,Retail,MGA,10000,2.24,2240000,https://data.humdata.org/dataset/wfp-food-prices-for-madagascar,2026-09-27
6839:Rice (imported):2025-07-15,2025-07-15,Androy,Bekily,Ambahita,6839,Rice (imported),KG,Retail,MGA,3150,0.71,710000,https://data.humdata.org/dataset/wfp-food-prices-for-madagascar,2026-09-27
6839:Rice (local):2025-07-15,2025-07-15,Androy,Bekily,Ambahita,6839,Rice (local),KG,Retail,MGA,3150,0.71,710000,https://data.humdata.org/dataset/wfp-food-prices-for-madagascar,2026-09-27
"6839:Oil (vegetable, packaged):2025-07-15",2025-07-15,Androy,Bekily,Ambahita,6839,"Oil (vegetable, packaged)",L,Retail,MGA,12000,2.69,2690000,https://data.humdata.org/dataset/wfp-food-prices-for-madagascar,2026-09-27
10150:Rice (imported):2025-07-15,2025-07-15,Androy,Bekily,Anivorano Mitsinjo,10150,Rice (imported),KG,Retail,MGA,2450,0.55,550000,https://data.humdata.org/dataset/wfp-food-prices-for-madagascar,2026-09-27
10150:Rice (local):2025-07-15,2025-07-15,Androy,Bekily,Anivorano Mitsinjo,10150,Rice (local),KG,Retail,MGA,2800,0.63,630000,https://data.humdata.org/dataset/wfp-food-prices-for-madagascar,2026-09-27
"10150:Oil (vegetable, packaged):2025-07-15",2025-07-15,Androy,Bekily,Anivorano Mitsinjo,10150,"Oil (vegetable, packaged)",L,Retail,MGA,8000,1.79,1790000,https://data.humdata.org/dataset/wfp-food-prices-for-madagascar,2026-09-27
10903:Rice (imported):2025-07-15,2025-07-15,Androy,Bekily,Anja Nord,10903,Rice (imported),KG,Retail,MGA,3150,0.71,710000,https://data.humdata.org/dataset/wfp-food-prices-for-madagascar,2026-09-27
10903:Rice (local):2025-07-15,2025-07-15,Androy,Bekily,Anja Nord,10903,Rice (local),KG,Retail,MGA,3500,0.78,780000,https://data.humdata.org/dataset/wfp-food-prices-for-madagascar,2026-09-27
"10903:Oil (vegetable, packaged):2025-07-15",2025-07-15,Androy,Bekily,Anja Nord,10903,"Oil (vegetable, packaged)",L,Retail,MGA,12000,2.69,2690000,https://data.humdata.org/dataset/wfp-food-prices-for-madagascar,2026-09-27
10905:Rice (imported):2025-07-15,2025-07-15,Androy,Bekily,Antsakoamaro,10905,Rice (imported),KG,Retail,MGA,3500,0.78,780000,https://data.humdata.org/dataset/wfp-food-prices-for-madagascar,2026-09-27
10905:Rice (local):2025-07-15,2025-07-15,Androy,Bekily,Antsakoamaro,10905,Rice (local),KG,Retail,MGA,3500,0.78,780000,https://data.humdata.org/dataset/wfp-food-prices-for-madagascar,2026-09-27
"10905:Oil (vegetable, packaged):2025-07-15",2025-07-15,Androy,Bekily,Antsakoamaro,10905,"Oil (vegetable, packaged)",L,Retail,MGA,12000,2.69,2690000,https://data.humdata.org/dataset/wfp-food-prices-for-madagascar,2026-09-27
6848:Rice (imported):2025-07-15,2025-07-15,Androy,Bekily,Belindo Mahasoa,6848,Rice (imported),KG,Retail,MGA,2625,0.59,590000,https://data.humdata.org/dataset/wfp-food-prices-for-madagascar,2026-09-27
6848:Rice (local):2025-07-15,2025-07-15,Androy,Bekily,Belindo Mahasoa,6848,Rice (local),KG,Retail,MGA,2625,0.59,590000,https://data.humdata.org/dataset/wfp-food-prices-for-madagascar,2026-09-27
"6848:Oil (vegetable, packaged):2025-07-15",2025-07-15,Androy,Bekily,Belindo Mahasoa,6848,"Oil (vegetable, packaged)",L,Retail,MGA,10000,2.24,2240000,https://data.humdata.org/dataset/wfp-food-prices-for-madagascar,2026-09-27
10151:Rice (imported):2025-07-15,2025-07-15,Androy,Bekily,Beraketa,10151,Rice (imported),KG,Retail,MGA,2800,0.63,630000,https://data.humdata.org/dataset/wfp-food-prices-for-madagascar,2026-09-27
10151:Rice (local):2025-07-15,2025-07-15,Androy,Bekily,Beraketa,10151,Rice (local),KG,Retail,MGA,3150,0.71,710000,https://data.humdata.org/dataset/wfp-food-prices-for-madagascar,2026-09-27
"10151:Oil (vegetable, packaged):2025-07-15",2025-07-15,Androy,Bekily,Beraketa,10151,"Oil (vegetable, packaged)",L,Retail,MGA,10000,2.24,2240000,https://data.humdata.org/dataset/wfp-food-prices-for-madagascar,2026-09-27
6849:Rice (imported):2025-07-15,2025-07-15,Androy,Bekily,Bevitiky,6849,Rice (imported),KG,Retail,MGA,2450,0.55,550000,https://data.humdata.org/dataset/wfp-food-prices-for-madagascar,2026-09-27
6849:Rice (local):2025-07-15,2025-07-15,Androy,Bekily,Bevitiky,6849,Rice (local),KG,Retail,MGA,2800,0.63,630000,https://data.humdata.org/dataset/wfp-food-prices-for-madagascar,2026-09-27
"6849:Oil (vegetable, packaged):2025-07-15",2025-07-15,Androy,Bekily,Bevitiky,6849,"Oil (vegetable, packaged)",L,Retail,MGA,12000,2.69,2690000,https://data.humdata.org/dataset/wfp-food-prices-for-madagascar,2026-09-27
9112:Rice (imported):2025-07-15,2025-07-15,Androy,Bekily,Manakompy,9112,Rice (imported),KG,Retail,MGA,3150,0.71,710000,https://data.humdata.org/dataset/wfp-food-prices-for-madagascar,2026-09-27
9112:Rice (local):2025-07-15,2025-07-15,Androy,Bekily,Manakompy,9112,Rice (local),KG,Retail,MGA,3150,0.71,710000,https://data.humdata.org/dataset/wfp-food-prices-for-madagascar,2026-09-27
"9112:Oil (vegetable, packaged):2025-07-15",2025-07-15,Androy,Bekily,Manakompy,9112,"Oil (vegetable, packaged)",L,Retail,MGA,10000,2.24,2240000,https://data.humdata.org/dataset/wfp-food-prices-for-madagascar,2026-09-27
4645:Rice (imported):2025-07-15,2025-07-15,Androy,Bekily,Manambahy Bekitro,4645,Rice (imported),KG,Retail,MGA,2975,0.67,670000,https://data.humdata.org/dataset/wfp-food-prices-for-madagascar,2026-09-27
4645:Rice (local):2025-07-15,2025-07-15,Androy,Bekily,Manambahy Bekitro,4645,Rice (local),KG,Retail,MGA,3325,0.74,740000,https://data.humdata.org/dataset/wfp-food-prices-for-madagascar,2026-09-27
"4645:Oil (vegetable, packaged):2025-07-15",2025-07-15,Androy,Bekily,Manambahy Bekitro,4645,"Oil (vegetable, packaged)",L,Retail,MGA,10000,2.24,2240000,https://data.humdata.org/dataset/wfp-food-prices-for-madagascar,2026-09-27
738:Rice (imported):2025-07-15,2025-07-15,Androy,Bekily,Morafeno Bekily,738,Rice (imported),KG,Retail,MGA,2800,0.63,630000,https://data.humdata.org/dataset/wfp-food-prices-for-madagascar,2026-09-27
738:Rice (local):2025-07-15,2025-07-15,Androy,Bekily,Morafeno Bekily,738,Rice (local),KG,Retail,MGA,2975,0.67,670000,https://data.humdata.org/dataset/wfp-food-prices-for-madagascar,2026-09-27
"738:Oil (vegetable, packaged):2025-07-15",2025-07-15,Androy,Bekily,Morafeno Bekily,738,"Oil (vegetable, packaged)",L,Retail,MGA,10000,2.24,2240000,https://data.humdata.org/dataset/wfp-food-prices-for-madagascar,2026-09-27
7210:Rice (imported):2025-07-15,2025-07-15,Androy,Bekily,Tanandava,7210,Rice (imported),KG,Retail,MGA,2800,0.63,630000,https://data.humdata.org/dataset/wfp-food-prices-for-madagascar,2026-09-27
7210:Rice (local):2025-07-15,2025-07-15,Androy,Bekily,Tanandava,7210,Rice (local),KG,Retail,MGA,2800,0.63,630000,https://data.humdata.org/dataset/wfp-food-prices-for-madagascar,2026-09-27
"7210:Oil (vegetable, packaged):2025-07-15",2025-07-15,Androy,Bekily,Tanandava,7210,"Oil (vegetable, packaged)",L,Retail,MGA,10000,2.24,2240000,https://data.humdata.org/dataset/wfp-food-prices-for-madagascar,2026-09-27
10908:Rice (imported):2025-07-15,2025-07-15,Androy,Bekily,Tsikolaky,10908,Rice (imported),KG,Retail,MGA,2625,0.59,590000,https://data.humdata.org/dataset/wfp-food-prices-for-madagascar,2026-09-27
10908:Rice (local):2025-07-15,2025-07-15,Androy,Bekily,Tsikolaky,10908,Rice (local),KG,Retail,MGA,2800,0.63,630000,https://data.humdata.org/dataset/wfp-food-prices-for-madagascar,2026-09-27
"10908:Oil (vegetable, packaged):2025-07-15",2025-07-15,Androy,Bekily,Tsikolaky,10908,"Oil (vegetable, packaged)",L,Retail,MGA,10000,2.24,2240000,https://data.humdata.org/dataset/wfp-food-prices-for-madagascar,2026-09-27
6866:Rice (imported):2025-07-15,2025-07-15,Androy,Beloha,Tranovaho,6866,Rice (imported),KG,Retail,MGA,3150,0.71,710000,https://data.humdata.org/dataset/wfp-food-prices-for-madagascar,2026-09-27
6866:Rice (local):2025-07-15,2025-07-15,Androy,Beloha,Tranovaho,6866,Rice (local),KG,Retail,MGA,3500,0.78,780000,https://data.humdata.org/dataset/wfp-food-prices-for-madagascar,2026-09-27
"6866:Oil (vegetable, packaged):2025-07-15",2025-07-15,Androy,Beloha,Tranovaho,6866,"Oil (vegetable, packaged)",L,Retail,MGA,10000,2.24,2240000,https://data.humdata.org/dataset/wfp-food-prices-for-madagascar,2026-09-27
6846:Rice (imported):2025-07-15,2025-07-15,Androy,Tsihombe,Antaritarika,6846,Rice (imported),KG,Retail,MGA,2450,0.55,550000,https://data.humdata.org/dataset/wfp-food-prices-for-madagascar,2026-09-27
6846:Rice (local):2025-07-15,2025-07-15,Androy,Tsihombe,Antaritarika,6846,Rice (local),KG,Retail,MGA,2800,0.63,630000,https://data.humdata.org/dataset/wfp-food-prices-for-madagascar,2026-09-27
"6846:Oil (vegetable, packaged):2025-07-15",2025-07-15,Androy,Tsihombe,Antaritarika,6846,"Oil (vegetable, packaged)",L,Retail,MGA,12000,2.69,2690000,https://data.humdata.org/dataset/wfp-food-prices-for-madagascar,2026-09-27
10155:Rice (imported):2025-07-15,2025-07-15,Androy,Tsihombe,Betanty (Faux Cap),10155,Rice (imported),KG,Retail,MGA,2800,0.63,630000,https://data.humdata.org/dataset/wfp-food-prices-for-madagascar,2026-09-27
10155:Rice (local):2025-07-15,2025-07-15,Androy,Tsihombe,Betanty (Faux Cap),10155,Rice (local),KG,Retail,MGA,2800,0.63,630000,https://data.humdata.org/dataset/wfp-food-prices-for-madagascar,2026-09-27
"10155:Oil (vegetable, packaged):2025-07-15",2025-07-15,Androy,Tsihombe,Betanty (Faux Cap),10155,"Oil (vegetable, packaged)",L,Retail,MGA,10000,2.24,2240000,https://data.humdata.org/dataset/wfp-food-prices-for-madagascar,2026-09-27
10912:Rice (imported):2025-07-15,2025-07-15,Androy,Tsihombe,Nikoly,10912,Rice (imported),KG,Retail,MGA,2800,0.63,630000,https://data.humdata.org/dataset/wfp-food-prices-for-madagascar,2026-09-27
10912:Rice (local):2025-07-15,2025-07-15,Androy,Tsihombe,Nikoly,10912,Rice (local),KG,Retail,MGA,3150,0.71,710000,https://data.humdata.org/dataset/wfp-food-prices-for-madagascar,2026-09-27
"10912:Oil (vegetable, packaged):2025-07-15",2025-07-15,Androy,Tsihombe,Nikoly,10912,"Oil (vegetable, packaged)",L,Retail,MGA,10000,2.24,2240000,https://data.humdata.org/dataset/wfp-food-prices-for-madagascar,2026-09-27
735:Rice (imported):2025-07-15,2025-07-15,Androy,Tsihombe,Tsihombe,735,Rice (imported),KG,Retail,MGA,2800,0.63,630000,https://data.humdata.org/dataset/wfp-food-prices-for-madagascar,2026-09-27
735:Rice (local):2025-07-15,2025-07-15,Androy,Tsihombe,Tsihombe,735,Rice (local),KG,Retail,MGA,3325,0.74,740000,https://data.humdata.org/dataset/wfp-food-prices-for-madagascar,2026-09-27
"735:Oil (vegetable, packaged):2025-07-15",2025-07-15,Androy,Tsihombe,Tsihombe,735,"Oil (vegetable, packaged)",L,Retail,MGA,11000,2.46,2460000,https://data.humdata.org/dataset/wfp-food-prices-for-madagascar,2026-09-27
4643:Rice (imported):2025-08-15,2025-08-15,Androy,Ambovombe-Androy,Ambondro,4643,Rice (imported),KG,Retail,MGA,3304.75,0.74,740000,https://data.humdata.org/dataset/wfp-food-prices-for-madagascar,2026-09-27
4643:Rice (local):2025-08-15,2025-08-15,Androy,Ambovombe-Androy,Ambondro,4643,Rice (local),KG,Retail,MGA,3356.33,0.75,750000,https://data.humdata.org/dataset/wfp-food-prices-for-madagascar,2026-09-27
"4643:Oil (vegetable, packaged):2025-08-15",2025-08-15,Androy,Ambovombe-Androy,Ambondro,4643,"Oil (vegetable, packaged)",L,Retail,MGA,10394.25,2.34,2340000,https://data.humdata.org/dataset/wfp-food-prices-for-madagascar,2026-09-27
736:Rice (imported):2025-08-15,2025-08-15,Androy,Ambovombe-Androy,Ambovombe-androy,736,Rice (imported),KG,Retail,MGA,2735.25,0.61,610000,https://data.humdata.org/dataset/wfp-food-prices-for-madagascar,2026-09-27
736:Rice (local):2025-08-15,2025-08-15,Androy,Ambovombe-Androy,Ambovombe-androy,736,Rice (local),KG,Retail,MGA,3260.25,0.73,730000,https://data.humdata.org/dataset/wfp-food-prices-for-madagascar,2026-09-27
"736:Oil (vegetable, packaged):2025-08-15",2025-08-15,Androy,Ambovombe-Androy,Ambovombe-androy,736,"Oil (vegetable, packaged)",L,Retail,MGA,9588,2.16,2160000,https://data.humdata.org/dataset/wfp-food-prices-for-madagascar,2026-09-27
6557:Rice (imported):2025-08-15,2025-08-15,Androy,Ambovombe-Androy,Ampamata,6557,Rice (imported),KG,Retail,MGA,3323.67,0.75,750000,https://data.humdata.org/dataset/wfp-food-prices-for-madagascar,2026-09-27
6557:Rice (local):2025-08-15,2025-08-15,Androy,Ambovombe-Androy,Ampamata,6557,Rice (local),KG,Retail,MGA,3557,0.8,800000,https://data.humdata.org/dataset/wfp-food-prices-for-madagascar,2026-09-27
"6557:Oil (vegetable, packaged):2025-08-15",2025-08-15,Androy,Ambovombe-Androy,Ampamata,6557,"Oil (vegetable, packaged)",L,Retail,MGA,10045.5,2.26,2260000,https://data.humdata.org/dataset/wfp-food-prices-for-madagascar,2026-09-27
4972:Rice (imported):2025-08-15,2025-08-15,Androy,Ambovombe-Androy,Andalatanosy,4972,Rice (imported),KG,Retail,MGA,3215,0.72,720000,https://data.humdata.org/dataset/wfp-food-prices-for-madagascar,2026-09-27
4972:Rice (local):2025-08-15,2025-08-15,Androy,Ambovombe-Androy,Andalatanosy,4972,Rice (local),KG,Retail,MGA,3565,0.8,800000,https://data.humdata.org/dataset/wfp-food-prices-for-madagascar,2026-09-27
"4972:Oil (vegetable, packaged):2025-08-15",2025-08-15,Androy,Ambovombe-Androy,Andalatanosy,4972,"Oil (vegetable, packaged)",L,Retail,MGA,11718,2.63,2630000,https://data.humdata.org/dataset/wfp-food-prices-for-madagascar,2026-09-27
10836:Rice (imported):2025-08-15,2025-08-15,Androy,Ambovombe-Androy,Anjeky Ankilikira,10836,Rice (imported),KG,Retail,MGA,2908,0.65,650000,https://data.humdata.org/dataset/wfp-food-prices-for-madagascar,2026-09-27
10836:Rice (local):2025-08-15,2025-08-15,Androy,Ambovombe-Androy,Anjeky Ankilikira,10836,Rice (local),KG,Retail,MGA,2908,0.65,650000,https://data.humdata.org/dataset/wfp-food-prices-for-madagascar,2026-09-27
"10836:Oil (vegetable, packaged):2025-08-15",2025-08-15,Androy,Ambovombe-Androy,Anjeky Ankilikira,10836,"Oil (vegetable, packaged)",L,Retail,MGA,10091,2.27,2270000,https://data.humdata.org/dataset/wfp-food-prices-for-madagascar,2026-09-27
4644:Rice (imported):2025-08-15,2025-08-15,Androy,Ambovombe-Androy,Antanimora Atsimo,4644,Rice (imported),KG,Retail,MGA,3124.5,0.7,700000,https://data.humdata.org/dataset/wfp-food-prices-for-madagascar,2026-09-27
4644:Rice (local):2025-08-15,2025-08-15,Androy,Ambovombe-Androy,Antanimora Atsimo,4644,Rice (local),KG,Retail,MGA,3474.5,0.78,780000,https://data.humdata.org/dataset/wfp-food-prices-for-madagascar,2026-09-27
"4644:Oil (vegetable, packaged):2025-08-15",2025-08-15,Androy,Ambovombe-Androy,Antanimora Atsimo,4644,"Oil (vegetable, packaged)",L,Retail,MGA,11852.5,2.66,2660000,https://data.humdata.org/dataset/wfp-food-prices-for-madagascar,2026-09-27
6558:Rice (imported):2025-08-15,2025-08-15,Androy,Ambovombe-Androy,Imanombo,6558,Rice (imported),KG,Retail,MGA,3514.67,0.79,790000,https://data.humdata.org/dataset/wfp-food-prices-for-madagascar,2026-09-27
6558:Rice (local):2025-08-15,2025-08-15,Androy,Ambovombe-Androy,Imanombo,6558,Rice (local),KG,Retail,MGA,3872,0.87,870000,https://data.humdata.org/dataset/wfp-food-prices-for-madagascar,2026-09-27
"6558:Oil (vegetable, packaged):2025-08-15",2025-08-15,Androy,Ambovombe-Androy,Imanombo,6558,"Oil (vegetable, packaged)",L,Retail,MGA,11703,2.63,2630000,https://data.humdata.org/dataset/wfp-food-prices-for-madagascar,2026-09-27
6559:Rice (imported):2025-08-15,2025-08-15,Androy,Ambovombe-Androy,Jafaro,6559,Rice (imported),KG,Retail,MGA,3018,0.68,680000,https://data.humdata.org/dataset/wfp-food-prices-for-madagascar,2026-09-27
6559:Rice (local):2025-08-15,2025-08-15,Androy,Ambovombe-Androy,Jafaro,6559,Rice (local),KG,Retail,MGA,3236,0.73,730000,https://data.humdata.org/dataset/wfp-food-prices-for-madagascar,2026-09-27
"6559:Oil (vegetable, packaged):2025-08-15",2025-08-15,Androy,Ambovombe-Androy,Jafaro,6559,"Oil (vegetable, packaged)",L,Retail,MGA,11718,2.63,2630000,https://data.humdata.org/dataset/wfp-food-prices-for-madagascar,2026-09-27
7207:Rice (imported):2025-08-15,2025-08-15,Androy,Ambovombe-Androy,Maroalopoty,7207,Rice (imported),KG,Retail,MGA,3717,0.84,840000,https://data.humdata.org/dataset/wfp-food-prices-for-madagascar,2026-09-27
7207:Rice (local):2025-08-15,2025-08-15,Androy,Ambovombe-Androy,Maroalopoty,7207,Rice (local),KG,Retail,MGA,3717,0.84,840000,https://data.humdata.org/dataset/wfp-food-prices-for-madagascar,2026-09-27
"7207:Oil (vegetable, packaged):2025-08-15",2025-08-15,Androy,Ambovombe-Androy,Maroalopoty,7207,"Oil (vegetable, packaged)",L,Retail,MGA,12109,2.72,2720000,https://data.humdata.org/dataset/wfp-food-prices-for-madagascar,2026-09-27
10149:Rice (imported):2025-08-15,2025-08-15,Androy,Ambovombe-Androy,Soatsifa,10149,Rice (imported),KG,Retail,MGA,2860,0.64,640000,https://data.humdata.org/dataset/wfp-food-prices-for-madagascar,2026-09-27
10149:Rice (local):2025-08-15,2025-08-15,Androy,Ambovombe-Androy,Soatsifa,10149,Rice (local),KG,Retail,MGA,3423.33,0.77,770000,https://data.humdata.org/dataset/wfp-food-prices-for-madagascar,2026-09-27
"10149:Oil (vegetable, packaged):2025-08-15",2025-08-15,Androy,Ambovombe-Androy,Soatsifa,10149,"Oil (vegetable, packaged)",L,Retail,MGA,10045.5,2.26,2260000,https://data.humdata.org/dataset/wfp-food-prices-for-madagascar,2026-09-27
6839:Rice (imported):2025-08-15,2025-08-15,Androy,Bekily,Ambahita,6839,Rice (imported),KG,Retail,MGA,3337,0.75,750000,https://data.humdata.org/dataset/wfp-food-prices-for-madagascar,2026-09-27
6839:Rice (local):2025-08-15,2025-08-15,Androy,Bekily,Ambahita,6839,Rice (local),KG,Retail,MGA,3337,0.75,750000,https://data.humdata.org/dataset/wfp-food-prices-for-madagascar,2026-09-27
"6839:Oil (vegetable, packaged):2025-08-15",2025-08-15,Androy,Bekily,Ambahita,6839,"Oil (vegetable, packaged)",L,Retail,MGA,10091,2.27,2270000,https://data.humdata.org/dataset/wfp-food-prices-for-madagascar,2026-09-27
7209:Rice (imported):2025-08-15,2025-08-15,Androy,Bekily,Ambatosola,7209,Rice (imported),KG,Retail,MGA,3150,0.71,710000,https://data.humdata.org/dataset/wfp-food-prices-for-madagascar,2026-09-27
7209:Rice (local):2025-08-15,2025-08-15,Androy,Bekily,Ambatosola,7209,Rice (local),KG,Retail,MGA,3150,0.71,710000,https://data.humdata.org/dataset/wfp-food-prices-for-madagascar,2026-09-27
"7209:Oil (vegetable, packaged):2025-08-15",2025-08-15,Androy,Bekily,Ambatosola,7209,"Oil (vegetable, packaged)",L,Retail,MGA,10000,2.25,2250000,https://data.humdata.org/dataset/wfp-food-prices-for-madagascar,2026-09-27
10150:Rice (imported):2025-08-15,2025-08-15,Androy,Bekily,Anivorano Mitsinjo,10150,Rice (imported),KG,Retail,MGA,3169,0.71,710000,https://data.humdata.org/dataset/wfp-food-prices-for-madagascar,2026-09-27
10150:Rice (local):2025-08-15,2025-08-15,Androy,Bekily,Anivorano Mitsinjo,10150,Rice (local),KG,Retail,MGA,3169,0.71,710000,https://data.humdata.org/dataset/wfp-food-prices-for-madagascar,2026-09-27
"10150:Oil (vegetable, packaged):2025-08-15",2025-08-15,Androy,Bekily,Anivorano Mitsinjo,10150,"Oil (vegetable, packaged)",L,Retail,MGA,10091,2.27,2270000,https://data.humdata.org/dataset/wfp-food-prices-for-madagascar,2026-09-27
10903:Rice (imported):2025-08-15,2025-08-15,Androy,Bekily,Anja Nord,10903,Rice (imported),KG,Retail,MGA,3472,0.78,780000,https://data.humdata.org/dataset/wfp-food-prices-for-madagascar,2026-09-27
10903:Rice (local):2025-08-15,2025-08-15,Androy,Bekily,Anja Nord,10903,Rice (local),KG,Retail,MGA,3472,0.78,780000,https://data.humdata.org/dataset/wfp-food-prices-for-madagascar,2026-09-27
"10903:Oil (vegetable, packaged):2025-08-15",2025-08-15,Androy,Bekily,Anja Nord,10903,"Oil (vegetable, packaged)",L,Retail,MGA,10091,2.27,2270000,https://data.humdata.org/dataset/wfp-food-prices-for-madagascar,2026-09-27
10905:Rice (imported):2025-08-15,2025-08-15,Androy,Bekily,Antsakoamaro,10905,Rice (imported),KG,Retail,MGA,3219,0.72,720000,https://data.humdata.org/dataset/wfp-food-prices-for-madagascar,2026-09-27
10905:Rice (local):2025-08-15,2025-08-15,Androy,Bekily,Antsakoamaro,10905,Rice (local),KG,Retail,MGA,3219,0.72,720000,https://data.humdata.org/dataset/wfp-food-prices-for-madagascar,2026-09-27
"10905:Oil (vegetable, packaged):2025-08-15",2025-08-15,Androy,Bekily,Antsakoamaro,10905,"Oil (vegetable, packaged)",L,Retail,MGA,10091,2.27,2270000,https://data.humdata.org/dataset/wfp-food-prices-for-madagascar,2026-09-27
6848:Rice (imported):2025-08-15,2025-08-15,Androy,Bekily,Belindo Mahasoa,6848,Rice (imported),KG,Retail,MGA,3085,0.69,690000,https://data.humdata.org/dataset/wfp-food-prices-for-madagascar,2026-09-27
6848:Rice (local):2025-08-15,2025-08-15,Androy,Bekily,Belindo Mahasoa,6848,Rice (local),KG,Retail,MGA,3085,0.69,690000,https://data.humdata.org/dataset/wfp-food-prices-for-madagascar,2026-09-27
"6848:Oil (vegetable, packaged):2025-08-15",2025-08-15,Androy,Bekily,Belindo Mahasoa,6848,"Oil (vegetable, packaged)",L,Retail,MGA,10091,2.27,2270000,https://data.humdata.org/dataset/wfp-food-prices-for-madagascar,2026-09-27
10151:Rice (imported):2025-08-15,2025-08-15,Androy,Bekily,Beraketa,10151,Rice (imported),KG,Retail,MGA,3219,0.72,720000,https://data.humdata.org/dataset/wfp-food-prices-for-madagascar,2026-09-27
10151:Rice (local):2025-08-15,2025-08-15,Androy,Bekily,Beraketa,10151,Rice (local),KG,Retail,MGA,3219,0.72,720000,https://data.humdata.org/dataset/wfp-food-prices-for-madagascar,2026-09-27
"10151:Oil (vegetable, packaged):2025-08-15",2025-08-15,Androy,Bekily,Beraketa,10151,"Oil (vegetable, packaged)",L,Retail,MGA,10091,2.27,2270000,https://data.humdata.org/dataset/wfp-food-prices-for-madagascar,2026-09-27
6849:Rice (imported):2025-08-15,2025-08-15,Androy,Bekily,Bevitiky,6849,Rice (imported),KG,Retail,MGA,3058.5,0.69,690000,https://data.humdata.org/dataset/wfp-food-prices-for-madagascar,2026-09-27
6849:Rice (local):2025-08-15,2025-08-15,Androy,Bekily,Bevitiky,6849,Rice (local),KG,Retail,MGA,3233.5,0.73,730000,https://data.humdata.org/dataset/wfp-food-prices-for-madagascar,2026-09-27
"6849:Oil (vegetable, packaged):2025-08-15",2025-08-15,Androy,Bekily,Bevitiky,6849,"Oil (vegetable, packaged)",L,Retail,MGA,10045.5,2.26,2260000,https://data.humdata.org/dataset/wfp-food-prices-for-madagascar,2026-09-27
9112:Rice (imported):2025-08-15,2025-08-15,Androy,Bekily,Manakompy,9112,Rice (imported),KG,Retail,MGA,3472,0.78,780000,https://data.humdata.org/dataset/wfp-food-prices-for-madagascar,2026-09-27
9112:Rice (local):2025-08-15,2025-08-15,Androy,Bekily,Manakompy,9112,Rice (local),KG,Retail,MGA,3472,0.78,780000,https://data.humdata.org/dataset/wfp-food-prices-for-madagascar,2026-09-27
"9112:Oil (vegetable, packaged):2025-08-15",2025-08-15,Androy,Bekily,Manakompy,9112,"Oil (vegetable, packaged)",L,Retail,MGA,10091,2.27,2270000,https://data.humdata.org/dataset/wfp-food-prices-for-madagascar,2026-09-27
4645:Rice (imported):2025-08-15,2025-08-15,Androy,Bekily,Manambahy Bekitro,4645,Rice (imported),KG,Retail,MGA,3456.5,0.78,780000,https://data.humdata.org/dataset/wfp-food-prices-for-madagascar,2026-09-27
4645:Rice (local):2025-08-15,2025-08-15,Androy,Bekily,Manambahy Bekitro,4645,Rice (local),KG,Retail,MGA,3456.5,0.78,780000,https://data.humdata.org/dataset/wfp-food-prices-for-madagascar,2026-09-27
"4645:Oil (vegetable, packaged):2025-08-15",2025-08-15,Androy,Bekily,Manambahy Bekitro,4645,"Oil (vegetable, packaged)",L,Retail,MGA,10045.5,2.26,2260000,https://data.humdata.org/dataset/wfp-food-prices-for-madagascar,2026-09-27
7208:Rice (imported):2025-08-15,2025-08-15,Androy,Bekily,Mikaikarivo Ambatomainty,7208,Rice (imported),KG,Retail,MGA,3150,0.71,710000,https://data.humdata.org/dataset/wfp-food-prices-for-madagascar,2026-09-27
7208:Rice (local):2025-08-15,2025-08-15,Androy,Bekily,Mikaikarivo Ambatomainty,7208,Rice (local),KG,Retail,MGA,3150,0.71,710000,https://data.humdata.org/dataset/wfp-food-prices-for-madagascar,2026-09-27
"7208:Oil (vegetable, packaged):2025-08-15",2025-08-15,Androy,Bekily,Mikaikarivo Ambatomainty,7208,"Oil (vegetable, packaged)",L,Retail,MGA,10000,2.25,2250000,https://data.humdata.org/dataset/wfp-food-prices-for-madagascar,2026-09-27
738:Rice (imported):2025-08-15,2025-08-15,Androy,Bekily,Morafeno Bekily,738,Rice (imported),KG,Retail,MGA,3079.5,0.69,690000,https://data.humdata.org/dataset/wfp-food-prices-for-madagascar,2026-09-27
738:Rice (local):2025-08-15,2025-08-15,Androy,Bekily,Morafeno Bekily,738,Rice (local),KG,Retail,MGA,3079.5,0.69,690000,https://data.humdata.org/dataset/wfp-food-prices-for-madagascar,2026-09-27
"738:Oil (vegetable, packaged):2025-08-15",2025-08-15,Androy,Bekily,Morafeno Bekily,738,"Oil (vegetable, packaged)",L,Retail,MGA,9545.5,2.15,2150000,https://data.humdata.org/dataset/wfp-food-prices-for-madagascar,2026-09-27
7210:Rice (imported):2025-08-15,2025-08-15,Androy,Bekily,Tanandava,7210,Rice (imported),KG,Retail,MGA,2832,0.64,640000,https://data.humdata.org/dataset/wfp-food-prices-for-madagascar,2026-09-27
7210:Rice (local):2025-08-15,2025-08-15,Androy,Bekily,Tanandava,7210,Rice (local),KG,Retail,MGA,2832,0.64,640000,https://data.humdata.org/dataset/wfp-food-prices-for-madagascar,2026-09-27
"7210:Oil (vegetable, packaged):2025-08-15",2025-08-15,Androy,Bekily,Tanandava,7210,"Oil (vegetable, packaged)",L,Retail,MGA,10091,2.27,2270000,https://data.humdata.org/dataset/wfp-food-prices-for-madagascar,2026-09-27
10908:Rice (imported):2025-08-15,2025-08-15,Androy,Bekily,Tsikolaky,10908,Rice (imported),KG,Retail,MGA,2967,0.67,670000,https://data.humdata.org/dataset/wfp-food-prices-for-madagascar,2026-09-27
10908:Rice (local):2025-08-15,2025-08-15,Androy,Bekily,Tsikolaky,10908,Rice (local),KG,Retail,MGA,2967,0.67,670000,https://data.humdata.org/dataset/wfp-food-prices-for-madagascar,2026-09-27
"10908:Oil (vegetable, packaged):2025-08-15",2025-08-15,Androy,Bekily,Tsikolaky,10908,"Oil (vegetable, packaged)",L,Retail,MGA,10091,2.27,2270000,https://data.humdata.org/dataset/wfp-food-prices-for-madagascar,2026-09-27
6866:Rice (imported):2025-08-15,2025-08-15,Androy,Beloha,Tranovaho,6866,Rice (imported),KG,Retail,MGA,3590,0.81,810000,https://data.humdata.org/dataset/wfp-food-prices-for-madagascar,2026-09-27
6866:Rice (local):2025-08-15,2025-08-15,Androy,Beloha,Tranovaho,6866,Rice (local),KG,Retail,MGA,3590,0.81,810000,https://data.humdata.org/dataset/wfp-food-prices-for-madagascar,2026-09-27
"6866:Oil (vegetable, packaged):2025-08-15",2025-08-15,Androy,Beloha,Tranovaho,6866,"Oil (vegetable, packaged)",L,Retail,MGA,10091,2.27,2270000,https://data.humdata.org/dataset/wfp-food-prices-for-madagascar,2026-09-27
6846:Rice (imported):2025-08-15,2025-08-15,Androy,Tsihombe,Antaritarika,6846,Rice (imported),KG,Retail,MGA,3102,0.7,700000,https://data.humdata.org/dataset/wfp-food-prices-for-madagascar,2026-09-27
6846:Rice (local):2025-08-15,2025-08-15,Androy,Tsihombe,Antaritarika,6846,Rice (local),KG,Retail,MGA,3102,0.7,700000,https://data.humdata.org/dataset/wfp-food-prices-for-madagascar,2026-09-27
"6846:Oil (vegetable, packaged):2025-08-15",2025-08-15,Androy,Tsihombe,Antaritarika,6846,"Oil (vegetable, packaged)",L,Retail,MGA,12109,2.72,2720000,https://data.humdata.org/dataset/wfp-food-prices-for-madagascar,2026-09-27
10155:Rice (imported):2025-08-15,2025-08-15,Androy,Tsihombe,Betanty (Faux Cap),10155,Rice (imported),KG,Retail,MGA,3102,0.7,700000,https://data.humdata.org/dataset/wfp-food-prices-for-madagascar,2026-09-27
10155:Rice (local):2025-08-15,2025-08-15,Androy,Tsihombe,Betanty (Faux Cap),10155,Rice (local),KG,Retail,MGA,3102,0.7,700000,https://data.humdata.org/dataset/wfp-food-prices-for-madagascar,2026-09-27
"10155:Oil (vegetable, packaged):2025-08-15",2025-08-15,Androy,Tsihombe,Betanty (Faux Cap),10155,"Oil (vegetable, packaged)",L,Retail,MGA,10091,2.27,2270000,https://data.humdata.org/dataset/wfp-food-prices-for-madagascar,2026-09-27
10912:Rice (imported):2025-08-15,2025-08-15,Androy,Tsihombe,Nikoly,10912,Rice (imported),KG,Retail,MGA,3219,0.72,720000,https://data.humdata.org/dataset/wfp-food-prices-for-madagascar,2026-09-27
10912:Rice (local):2025-08-15,2025-08-15,Androy,Tsihombe,Nikoly,10912,Rice (local),KG,Retail,MGA,3219,0.72,720000,https://data.humdata.org/dataset/wfp-food-prices-for-madagascar,2026-09-27
"10912:Oil (vegetable, packaged):2025-08-15",2025-08-15,Androy,Tsihombe,Nikoly,10912,"Oil (vegetable, packaged)",L,Retail,MGA,10091,2.27,2270000,https://data.humdata.org/dataset/wfp-food-prices-for-madagascar,2026-09-27
735:Rice (imported):2025-08-15,2025-08-15,Androy,Tsihombe,Tsihombe,735,Rice (imported),KG,Retail,MGA,2834.5,0.64,640000,https://data.humdata.org/dataset/wfp-food-prices-for-madagascar,2026-09-27
735:Rice (local):2025-08-15,2025-08-15,Androy,Tsihombe,Tsihombe,735,Rice (local),KG,Retail,MGA,3359.5,0.76,760000,https://data.humdata.org/dataset/wfp-food-prices-for-madagascar,2026-09-27
"735:Oil (vegetable, packaged):2025-08-15",2025-08-15,Androy,Tsihombe,Tsihombe,735,"Oil (vegetable, packaged)",L,Retail,MGA,10550,2.37,2370000,https://data.humdata.org/dataset/wfp-food-prices-for-madagascar,2026-09-27
4643:Rice (imported):2025-09-15,2025-09-15,Androy,Ambovombe-Androy,Ambondro,4643,Rice (imported),KG,Retail,MGA,2975,0.67,670000,https://data.humdata.org/dataset/wfp-food-prices-for-madagascar,2026-09-27
4643:Rice (local):2025-09-15,2025-09-15,Androy,Ambovombe-Androy,Ambondro,4643,Rice (local),KG,Retail,MGA,3500,0.79,790000,https://data.humdata.org/dataset/wfp-food-prices-for-madagascar,2026-09-27
"4643:Oil (vegetable, packaged):2025-09-15",2025-09-15,Androy,Ambovombe-Androy,Ambondro,4643,"Oil (vegetable, packaged)",L,Retail,MGA,9375,2.12,2120000,https://data.humdata.org/dataset/wfp-food-prices-for-madagascar,2026-09-27
736:Rice (imported):2025-09-15,2025-09-15,Androy,Ambovombe-Androy,Ambovombe-androy,736,Rice (imported),KG,Retail,MGA,3175,0.72,720000,https://data.humdata.org/dataset/wfp-food-prices-for-madagascar,2026-09-27
736:Rice (local):2025-09-15,2025-09-15,Androy,Ambovombe-Androy,Ambovombe-androy,736,Rice (local),KG,Retail,MGA,3275,0.74,740000,https://data.humdata.org/dataset/wfp-food-prices-for-madagascar,2026-09-27
"736:Oil (vegetable, packaged):2025-09-15",2025-09-15,Androy,Ambovombe-Androy,Ambovombe-androy,736,"Oil (vegetable, packaged)",L,Retail,MGA,9055.56,2.05,2050000,https://data.humdata.org/dataset/wfp-food-prices-for-madagascar,2026-09-27
6557:Rice (imported):2025-09-15,2025-09-15,Androy,Ambovombe-Androy,Ampamata,6557,Rice (imported),KG,Retail,MGA,2975,0.67,670000,https://data.humdata.org/dataset/wfp-food-prices-for-madagascar,2026-09-27
6557:Rice (local):2025-09-15,2025-09-15,Androy,Ambovombe-Androy,Ampamata,6557,Rice (local),KG,Retail,MGA,3325,0.75,750000,https://data.humdata.org/dataset/wfp-food-prices-for-madagascar,2026-09-27
"6557:Oil (vegetable, packaged):2025-09-15",2025-09-15,Androy,Ambovombe-Androy,Ampamata,6557,"Oil (vegetable, packaged)",L,Retail,MGA,10000,2.26,2260000,https://data.humdata.org/dataset/wfp-food-prices-for-madagascar,2026-09-27
4972:Rice (imported):2025-09-15,2025-09-15,Androy,Ambovombe-Androy,Andalatanosy,4972,Rice (imported),KG,Retail,MGA,2975,0.67,670000,https://data.humdata.org/dataset/wfp-food-prices-for-madagascar,2026-09-27
4972:Rice (local):2025-09-15,2025-09-15,Androy,Ambovombe-Androy,Andalatanosy,4972,Rice (local),KG,Retail,MGA,3033.33,0.69,690000,https://data.humdata.org/dataset/wfp-food-prices-for-madagascar,2026-09-27
"4972:Oil (vegetable, packaged):2025-09-15",2025-09-15,Androy,Ambovombe-Androy,Andalatanosy,4972,"Oil (vegetable, packaged)",L,Retail,MGA,10000,2.26,2260000,https://data.humdata.org/dataset/wfp-food-prices-for-madagascar,2026-09-27
10836:Rice (imported):2025-09-15,2025-09-15,Androy,Ambovombe-Androy,Anjeky Ankilikira,10836,Rice (imported),KG,Retail,MGA,2450,0.55,550000,https://data.humdata.org/dataset/wfp-food-prices-for-madagascar,2026-09-27
10836:Rice (local):2025-09-15,2025-09-15,Androy,Ambovombe-Androy,Anjeky Ankilikira,10836,Rice (local),KG,Retail,MGA,2450,0.55,550000,https://data.humdata.org/dataset/wfp-food-prices-for-madagascar,2026-09-27
4644:Rice (imported):2025-09-15,2025-09-15,Androy,Ambovombe-Androy,Antanimora Atsimo,4644,Rice (imported),KG,Retail,MGA,2975,0.67,670000,https://data.humdata.org/dataset/wfp-food-prices-for-madagascar,2026-09-27
4644:Rice (local):2025-09-15,2025-09-15,Androy,Ambovombe-Androy,Antanimora Atsimo,4644,Rice (local),KG,Retail,MGA,3150,0.71,710000,https://data.humdata.org/dataset/wfp-food-prices-for-madagascar,2026-09-27
"4644:Oil (vegetable, packaged):2025-09-15",2025-09-15,Androy,Ambovombe-Androy,Antanimora Atsimo,4644,"Oil (vegetable, packaged)",L,Retail,MGA,10000,2.26,2260000,https://data.humdata.org/dataset/wfp-food-prices-for-madagascar,2026-09-27
6558:Rice (imported):2025-09-15,2025-09-15,Androy,Ambovombe-Androy,Imanombo,6558,Rice (imported),KG,Retail,MGA,3150,0.71,710000,https://data.humdata.org/dataset/wfp-food-prices-for-madagascar,2026-09-27
6558:Rice (local):2025-09-15,2025-09-15,Androy,Ambovombe-Androy,Imanombo,6558,Rice (local),KG,Retail,MGA,2975,0.67,670000,https://data.humdata.org/dataset/wfp-food-prices-for-madagascar,2026-09-27
"6558:Oil (vegetable, packaged):2025-09-15",2025-09-15,Androy,Ambovombe-Androy,Imanombo,6558,"Oil (vegetable, packaged)",L,Retail,MGA,10500,2.37,2370000,https://data.humdata.org/dataset/wfp-food-prices-for-madagascar,2026-09-27
6559:Rice (imported):2025-09-15,2025-09-15,Androy,Ambovombe-Androy,Jafaro,6559,Rice (imported),KG,Retail,MGA,3150,0.71,710000,https://data.humdata.org/dataset/wfp-food-prices-for-madagascar,2026-09-27
6559:Rice (local):2025-09-15,2025-09-15,Androy,Ambovombe-Androy,Jafaro,6559,Rice (local),KG,Retail,MGA,3325,0.75,750000,https://data.humdata.org/dataset/wfp-food-prices-for-madagascar,2026-09-27
7207:Rice (imported):2025-09-15,2025-09-15,Androy,Ambovombe-Androy,Maroalopoty,7207,Rice (imported),KG,Retail,MGA,2800,0.63,630000,https://data.humdata.org/dataset/wfp-food-prices-for-madagascar,2026-09-27
7207:Rice (local):2025-09-15,2025-09-15,Androy,Ambovombe-Androy,Maroalopoty,7207,Rice (local),KG,Retail,MGA,2800,0.63,630000,https://data.humdata.org/dataset/wfp-food-prices-for-madagascar,2026-09-27
"7207:Oil (vegetable, packaged):2025-09-15",2025-09-15,Androy,Ambovombe-Androy,Maroalopoty,7207,"Oil (vegetable, packaged)",L,Retail,MGA,10000,2.26,2260000,https://data.humdata.org/dataset/wfp-food-prices-for-madagascar,2026-09-27
"10837:Oil (vegetable, packaged):2025-09-15",2025-09-15,Androy,Ambovombe-Androy,Sihanamaro,10837,"Oil (vegetable, packaged)",L,Retail,MGA,10000,2.26,2260000,https://data.humdata.org/dataset/wfp-food-prices-for-madagascar,2026-09-27
10149:Rice (imported):2025-09-15,2025-09-15,Androy,Ambovombe-Androy,Soatsifa,10149,Rice (imported),KG,Retail,MGA,2800,0.63,630000,https://data.humdata.org/dataset/wfp-food-prices-for-madagascar,2026-09-27
10149:Rice (local):2025-09-15,2025-09-15,Androy,Ambovombe-Androy,Soatsifa,10149,Rice (local),KG,Retail,MGA,3500,0.79,790000,https://data.humdata.org/dataset/wfp-food-prices-for-madagascar,2026-09-27
"10149:Oil (vegetable, packaged):2025-09-15",2025-09-15,Androy,Ambovombe-Androy,Soatsifa,10149,"Oil (vegetable, packaged)",L,Retail,MGA,10000,2.26,2260000,https://data.humdata.org/dataset/wfp-food-prices-for-madagascar,2026-09-27
7209:Rice (imported):2025-09-15,2025-09-15,Androy,Bekily,Ambatosola,7209,Rice (imported),KG,Retail,MGA,2800,0.63,630000,https://data.humdata.org/dataset/wfp-food-prices-for-madagascar,2026-09-27
7209:Rice (local):2025-09-15,2025-09-15,Androy,Bekily,Ambatosola,7209,Rice (local),KG,Retail,MGA,2800,0.63,630000,https://data.humdata.org/dataset/wfp-food-prices-for-madagascar,2026-09-27
"7209:Oil (vegetable, packaged):2025-09-15",2025-09-15,Androy,Bekily,Ambatosola,7209,"Oil (vegetable, packaged)",L,Retail,MGA,10000,2.26,2260000,https://data.humdata.org/dataset/wfp-food-prices-for-madagascar,2026-09-27
10151:Rice (imported):2025-09-15,2025-09-15,Androy,Bekily,Beraketa,10151,Rice (imported),KG,Retail,MGA,3500,0.79,790000,https://data.humdata.org/dataset/wfp-food-prices-for-madagascar,2026-09-27
10151:Rice (local):2025-09-15,2025-09-15,Androy,Bekily,Beraketa,10151,Rice (local),KG,Retail,MGA,3500,0.79,790000,https://data.humdata.org/dataset/wfp-food-prices-for-madagascar,2026-09-27
"10151:Oil (vegetable, packaged):2025-09-15",2025-09-15,Androy,Bekily,Beraketa,10151,"Oil (vegetable, packaged)",L,Retail,MGA,12000,2.71,2710000,https://data.humdata.org/dataset/wfp-food-prices-for-madagascar,2026-09-27
6849:Rice (imported):2025-09-15,2025-09-15,Androy,Bekily,Bevitiky,6849,Rice (imported),KG,Retail,MGA,3325,0.75,750000,https://data.humdata.org/dataset/wfp-food-prices-for-madagascar,2026-09-27
6849:Rice (local):2025-09-15,2025-09-15,Androy,Bekily,Bevitiky,6849,Rice (local),KG,Retail,MGA,3500,0.79,790000,https://data.humdata.org/dataset/wfp-food-prices-for-madagascar,2026-09-27
"6849:Oil (vegetable, packaged):2025-09-15",2025-09-15,Androy,Bekily,Bevitiky,6849,"Oil (vegetable, packaged)",L,Retail,MGA,11000,2.49,2490000,https://data.humdata.org/dataset/wfp-food-prices-for-madagascar,2026-09-27
4645:Rice (imported):2025-09-15,2025-09-15,Androy,Bekily,Manambahy Bekitro,4645,Rice (imported),KG,Retail,MGA,3150,0.71,710000,https://data.humdata.org/dataset/wfp-food-prices-for-madagascar,2026-09-27
4645:Rice (local):2025-09-15,2025-09-15,Androy,Bekily,Manambahy Bekitro,4645,Rice (local),KG,Retail,MGA,3500,0.79,790000,https://data.humdata.org/dataset/wfp-food-prices-for-madagascar,2026-09-27
"4645:Oil (vegetable, packaged):2025-09-15",2025-09-15,Androy,Bekily,Manambahy Bekitro,4645,"Oil (vegetable, packaged)",L,Retail,MGA,10000,2.26,2260000,https://data.humdata.org/dataset/wfp-food-prices-for-madagascar,2026-09-27
7208:Rice (imported):2025-09-15,2025-09-15,Androy,Bekily,Mikaikarivo Ambatomainty,7208,Rice (imported),KG,Retail,MGA,2975,0.67,670000,https://data.humdata.org/dataset/wfp-food-prices-for-madagascar,2026-09-27
7208:Rice (local):2025-09-15,2025-09-15,Androy,Bekily,Mikaikarivo Ambatomainty,7208,Rice (local),KG,Retail,MGA,3150,0.71,710000,https://data.humdata.org/dataset/wfp-food-prices-for-madagascar,2026-09-27
"7208:Oil (vegetable, packaged):2025-09-15",2025-09-15,Androy,Bekily,Mikaikarivo Ambatomainty,7208,"Oil (vegetable, packaged)",L,Retail,MGA,10000,2.26,2260000,https://data.humdata.org/dataset/wfp-food-prices-for-madagascar,2026-09-27
738:Rice (imported):2025-09-15,2025-09-15,Androy,Bekily,Morafeno Bekily,738,Rice (imported),KG,Retail,MGA,2931.25,0.66,660000,https://data.humdata.org/dataset/wfp-food-prices-for-madagascar,2026-09-27
738:Rice (local):2025-09-15,2025-09-15,Androy,Bekily,Morafeno Bekily,738,Rice (local),KG,Retail,MGA,3062.5,0.69,690000,https://data.humdata.org/dataset/wfp-food-prices-for-madagascar,2026-09-27
"738:Oil (vegetable, packaged):2025-09-15",2025-09-15,Androy,Bekily,Morafeno Bekily,738,"Oil (vegetable, packaged)",L,Retail,MGA,9750,2.21,2210000,https://data.humdata.org/dataset/wfp-food-prices-for-madagascar,2026-09-27
7210:Rice (imported):2025-09-15,2025-09-15,Androy,Bekily,Tanandava,7210,Rice (imported),KG,Retail,MGA,2800,0.63,630000,https://data.humdata.org/dataset/wfp-food-prices-for-madagascar,2026-09-27
7210:Rice (local):2025-09-15,2025-09-15,Androy,Bekily,Tanandava,7210,Rice (local),KG,Retail,MGA,2800,0.63,630000,https://data.humdata.org/dataset/wfp-food-prices-for-madagascar,2026-09-27
734:Rice (imported):2025-09-15,2025-09-15,Androy,Beloha,Beloha,734,Rice (imported),KG,Retail,MGA,3150,0.71,710000,https://data.humdata.org/dataset/wfp-food-prices-for-madagascar,2026-09-27
734:Rice (local):2025-09-15,2025-09-15,Androy,Beloha,Beloha,734,Rice (local),KG,Retail,MGA,3150,0.71,710000,https://data.humdata.org/dataset/wfp-food-prices-for-madagascar,2026-09-27
"734:Oil (vegetable, packaged):2025-09-15",2025-09-15,Androy,Beloha,Beloha,734,"Oil (vegetable, packaged)",L,Retail,MGA,10200,2.31,2310000,https://data.humdata.org/dataset/wfp-food-prices-for-madagascar,2026-09-27
6859:Rice (imported):2025-09-15,2025-09-15,Androy,Beloha,Mahahegne,6859,Rice (imported),KG,Retail,MGA,3150,0.71,710000,https://data.humdata.org/dataset/wfp-food-prices-for-madagascar,2026-09-27
6859:Rice (local):2025-09-15,2025-09-15,Androy,Beloha,Mahahegne,6859,Rice (local),KG,Retail,MGA,3150,0.71,710000,https://data.humdata.org/dataset/wfp-food-prices-for-madagascar,2026-09-27
"6859:Oil (vegetable, packaged):2025-09-15",2025-09-15,Androy,Beloha,Mahahegne,6859,"Oil (vegetable, packaged)",L,Retail,MGA,12000,2.71,2710000,https://data.humdata.org/dataset/wfp-food-prices-for-madagascar,2026-09-27
4641:Rice (imported):2025-09-15,2025-09-15,Androy,Beloha,Tranoroa,4641,Rice (imported),KG,Retail,MGA,3150,0.71,710000,https://data.humdata.org/dataset/wfp-food-prices-for-madagascar,2026-09-27
4641:Rice (local):2025-09-15,2025-09-15,Androy,Beloha,Tranoroa,4641,Rice (local),KG,Retail,MGA,3150,0.71,710000,https://data.humdata.org/dataset/wfp-food-prices-for-madagascar,2026-09-27
"4641:Oil (vegetable, packaged):2025-09-15",2025-09-15,Androy,Beloha,Tranoroa,4641,"Oil (vegetable, packaged)",L,Retail,MGA,10000,2.26,2260000,https://data.humdata.org/dataset/wfp-food-prices-for-madagascar,2026-09-27
6866:Rice (imported):2025-09-15,2025-09-15,Androy,Beloha,Tranovaho,6866,Rice (imported),KG,Retail,MGA,3325,0.75,750000,https://data.humdata.org/dataset/wfp-food-prices-for-madagascar,2026-09-27
6866:Rice (local):2025-09-15,2025-09-15,Androy,Beloha,Tranovaho,6866,Rice (local),KG,Retail,MGA,3325,0.75,750000,https://data.humdata.org/dataset/wfp-food-prices-for-madagascar,2026-09-27
"6866:Oil (vegetable, packaged):2025-09-15",2025-09-15,Androy,Beloha,Tranovaho,6866,"Oil (vegetable, packaged)",L,Retail,MGA,11000,2.49,2490000,https://data.humdata.org/dataset/wfp-food-prices-for-madagascar,2026-09-27
6846:Rice (imported):2025-09-15,2025-09-15,Androy,Tsihombe,Antaritarika,6846,Rice (imported),KG,Retail,MGA,2800,0.63,630000,https://data.humdata.org/dataset/wfp-food-prices-for-madagascar,2026-09-27
6846:Rice (local):2025-09-15,2025-09-15,Androy,Tsihombe,Antaritarika,6846,Rice (local),KG,Retail,MGA,2800,0.63,630000,https://data.humdata.org/dataset/wfp-food-prices-for-madagascar,2026-09-27
"6846:Oil (vegetable, packaged):2025-09-15",2025-09-15,Androy,Tsihombe,Antaritarika,6846,"Oil (vegetable, packaged)",L,Retail,MGA,10000,2.26,2260000,https://data.humdata.org/dataset/wfp-food-prices-for-madagascar,2026-09-27
10155:Rice (imported):2025-09-15,2025-09-15,Androy,Tsihombe,Betanty (Faux Cap),10155,Rice (imported),KG,Retail,MGA,3150,0.71,710000,https://data.humdata.org/dataset/wfp-food-prices-for-madagascar,2026-09-27
10155:Rice (local):2025-09-15,2025-09-15,Androy,Tsihombe,Betanty (Faux Cap),10155,Rice (local),KG,Retail,MGA,3150,0.71,710000,https://data.humdata.org/dataset/wfp-food-prices-for-madagascar,2026-09-27
"10155:Oil (vegetable, packaged):2025-09-15",2025-09-15,Androy,Tsihombe,Betanty (Faux Cap),10155,"Oil (vegetable, packaged)",L,Retail,MGA,12000,2.71,2710000,https://data.humdata.org/dataset/wfp-food-prices-for-madagascar,2026-09-27
10156:Rice (imported):2025-09-15,2025-09-15,Androy,Tsihombe,Imongy,10156,Rice (imported),KG,Retail,MGA,3150,0.71,710000,https://data.humdata.org/dataset/wfp-food-prices-for-madagascar,2026-09-27
10156:Rice (local):2025-09-15,2025-09-15,Androy,Tsihombe,Imongy,10156,Rice (local),KG,Retail,MGA,3150,0.71,710000,https://data.humdata.org/dataset/wfp-food-prices-for-madagascar,2026-09-27
"10156:Oil (vegetable, packaged):2025-09-15",2025-09-15,Androy,Tsihombe,Imongy,10156,"Oil (vegetable, packaged)",L,Retail,MGA,8000,1.81,1810000,https://data.humdata.org/dataset/wfp-food-prices-for-madagascar,2026-09-27
735:Rice (imported):2025-09-15,2025-09-15,Androy,Tsihombe,Tsihombe,735,Rice (imported),KG,Retail,MGA,3080,0.7,700000,https://data.humdata.org/dataset/wfp-food-prices-for-madagascar,2026-09-27
735:Rice (local):2025-09-15,2025-09-15,Androy,Tsihombe,Tsihombe,735,Rice (local),KG,Retail,MGA,3080,0.7,700000,https://data.humdata.org/dataset/wfp-food-prices-for-madagascar,2026-09-27
"735:Oil (vegetable, packaged):2025-09-15",2025-09-15,Androy,Tsihombe,Tsihombe,735,"Oil (vegetable, packaged)",L,Retail,MGA,9333.33,2.11,2110000,https://data.humdata.org/dataset/wfp-food-prices-for-madagascar,2026-09-27
9105:Rice (imported):2025-10-15,2025-10-15,Androy,Ambovombe-Androy,Ambanisarika,9105,Rice (imported),KG,Retail,MGA,3150,0.71,710000,https://data.humdata.org/dataset/wfp-food-prices-for-madagascar,2026-09-27
9105:Rice (local):2025-10-15,2025-10-15,Androy,Ambovombe-Androy,Ambanisarika,9105,Rice (local),KG,Retail,MGA,3150,0.71,710000,https://data.humdata.org/dataset/wfp-food-prices-for-madagascar,2026-09-27
"9105:Oil (vegetable, packaged):2025-10-15",2025-10-15,Androy,Ambovombe-Androy,Ambanisarika,9105,"Oil (vegetable, packaged)",L,Retail,MGA,9800,2.2,2200000,https://data.humdata.org/dataset/wfp-food-prices-for-madagascar,2026-09-27
10835:Rice (imported):2025-10-15,2025-10-15,Androy,Ambovombe-Androy,Ambazoa,10835,Rice (imported),KG,Retail,MGA,3150,0.71,710000,https://data.humdata.org/dataset/wfp-food-prices-for-madagascar,2026-09-27
10835:Rice (local):2025-10-15,2025-10-15,Androy,Ambovombe-Androy,Ambazoa,10835,Rice (local),KG,Retail,MGA,3150,0.71,710000,https://data.humdata.org/dataset/wfp-food-prices-for-madagascar,2026-09-27
"10835:Oil (vegetable, packaged):2025-10-15",2025-10-15,Androy,Ambovombe-Androy,Ambazoa,10835,"Oil (vegetable, packaged)",L,Retail,MGA,9000,2.02,2020000,https://data.humdata.org/dataset/wfp-food-prices-for-madagascar,2026-09-27
10148:Rice (imported):2025-10-15,2025-10-15,Androy,Ambovombe-Androy,Ambohimalaza,10148,Rice (imported),KG,Retail,MGA,3500,0.78,780000,https://data.humdata.org/dataset/wfp-food-prices-for-madagascar,2026-09-27
10148:Rice (local):2025-10-15,2025-10-15,Androy,Ambovombe-Androy,Ambohimalaza,10148,Rice (local),KG,Retail,MGA,3500,0.78,780000,https://data.humdata.org/dataset/wfp-food-prices-for-madagascar,2026-09-27
9096:Rice (imported):2025-10-15,2025-10-15,Androy,Ambovombe-Androy,Ambonaivo,9096,Rice (imported),KG,Retail,MGA,3325,0.74,740000,https://data.humdata.org/dataset/wfp-food-prices-for-madagascar,2026-09-27
9096:Rice (local):2025-10-15,2025-10-15,Androy,Ambovombe-Androy,Ambonaivo,9096,Rice (local),KG,Retail,MGA,3325,0.74,740000,https://data.humdata.org/dataset/wfp-food-prices-for-madagascar,2026-09-27
"9096:Oil (vegetable, packaged):2025-10-15",2025-10-15,Androy,Ambovombe-Androy,Ambonaivo,9096,"Oil (vegetable, packaged)",L,Retail,MGA,9000,2.02,2020000,https://data.humdata.org/dataset/wfp-food-prices-for-madagascar,2026-09-27
4643:Rice (imported):2025-10-15,2025-10-15,Androy,Ambovombe-Androy,Ambondro,4643,Rice (imported),KG,Retail,MGA,3383.33,0.76,760000,https://data.humdata.org/dataset/wfp-food-prices-for-madagascar,2026-09-27
4643:Rice (local):2025-10-15,2025-10-15,Androy,Ambovombe-Androy,Ambondro,4643,Rice (local),KG,Retail,MGA,3383.33,0.76,760000,https://data.humdata.org/dataset/wfp-food-prices-for-madagascar,2026-09-27
"4643:Oil (vegetable, packaged):2025-10-15",2025-10-15,Androy,Ambovombe-Androy,Ambondro,4643,"Oil (vegetable, packaged)",L,Retail,MGA,9000,2.02,2020000,https://data.humdata.org/dataset/wfp-food-prices-for-madagascar,2026-09-27
736:Rice (imported):2025-10-15,2025-10-15,Androy,Ambovombe-Androy,Ambovombe-androy,736,Rice (imported),KG,Retail,MGA,3000,0.67,670000,https://data.humdata.org/dataset/wfp-food-prices-for-madagascar,2026-09-27
736:Rice (local):2025-10-15,2025-10-15,Androy,Ambovombe-Androy,Ambovombe-androy,736,Rice (local),KG,Retail,MGA,3000,0.67,670000,https://data.humdata.org/dataset/wfp-food-prices-for-madagascar,2026-09-27
"736:Oil (vegetable, packaged):2025-10-15",2025-10-15,Androy,Ambovombe-Androy,Ambovombe-androy,736,"Oil (vegetable, packaged)",L,Retail,MGA,9085.71,2.04,2040000,https://data.humdata.org/dataset/wfp-food-prices-for-madagascar,2026-09-27
6557:Rice (imported):2025-10-15,2025-10-15,Androy,Ambovombe-Androy,Ampamata,6557,Rice (imported),KG,Retail,MGA,3091.67,0.69,690000,https://data.humdata.org/dataset/wfp-food-prices-for-madagascar,2026-09-27
6557:Rice (local):2025-10-15,2025-10-15,Androy,Ambovombe-Androy,Ampamata,6557,Rice (local),KG,Retail,MGA,3091.67,0.69,690000,https://data.humdata.org/dataset/wfp-food-prices-for-madagascar,2026-09-27
"6557:Oil (vegetable, packaged):2025-10-15",2025-10-15,Androy,Ambovombe-Androy,Ampamata,6557,"Oil (vegetable, packaged)",L,Retail,MGA,10666.67,2.39,2390000,https://data.humdata.org/dataset/wfp-food-prices-for-madagascar,2026-09-27
4972:Rice (imported):2025-10-15,2025-10-15,Androy,Ambovombe-Androy,Andalatanosy,4972,Rice (imported),KG,Retail,MGA,3125,0.7,700000,https://data.humdata.org/dataset/wfp-food-prices-for-madagascar,2026-09-27
4972:Rice (local):2025-10-15,2025-10-15,Androy,Ambovombe-Androy,Andalatanosy,4972,Rice (local),KG,Retail,MGA,3125,0.7,700000,https://data.humdata.org/dataset/wfp-food-prices-for-madagascar,2026-09-27
"4972:Oil (vegetable, packaged):2025-10-15",2025-10-15,Androy,Ambovombe-Androy,Andalatanosy,4972,"Oil (vegetable, packaged)",L,Retail,MGA,9916.67,2.22,2220000,https://data.humdata.org/dataset/wfp-food-prices-for-madagascar,2026-09-27
9104:Rice (imported):2025-10-15,2025-10-15,Androy,Ambovombe-Androy,Andragnanivo,9104,Rice (imported),KG,Retail,MGA,3150,0.71,710000,https://data.humdata.org/dataset/wfp-food-prices-for-madagascar,2026-09-27
9104:Rice (local):2025-10-15,2025-10-15,Androy,Ambovombe-Androy,Andragnanivo,9104,Rice (local),KG,Retail,MGA,3150,0.71,710000,https://data.humdata.org/dataset/wfp-food-prices-for-madagascar,2026-09-27
"9104:Oil (vegetable, packaged):2025-10-15",2025-10-15,Androy,Ambovombe-Androy,Andragnanivo,9104,"Oil (vegetable, packaged)",L,Retail,MGA,10000,2.24,2240000,https://data.humdata.org/dataset/wfp-food-prices-for-madagascar,2026-09-27
10836:Rice (imported):2025-10-15,2025-10-15,Androy,Ambovombe-Androy,Anjeky Ankilikira,10836,Rice (imported),KG,Retail,MGA,3500,0.78,780000,https://data.humdata.org/dataset/wfp-food-prices-for-madagascar,2026-09-27
10836:Rice (local):2025-10-15,2025-10-15,Androy,Ambovombe-Androy,Anjeky Ankilikira,10836,Rice (local),KG,Retail,MGA,3500,0.78,780000,https://data.humdata.org/dataset/wfp-food-prices-for-madagascar,2026-09-27
"10836:Oil (vegetable, packaged):2025-10-15",2025-10-15,Androy,Ambovombe-Androy,Anjeky Ankilikira,10836,"Oil (vegetable, packaged)",L,Retail,MGA,10800,2.42,2420000,https://data.humdata.org/dataset/wfp-food-prices-for-madagascar,2026-09-27
4644:Rice (imported):2025-10-15,2025-10-15,Androy,Ambovombe-Androy,Antanimora Atsimo,4644,Rice (imported),KG,Retail,MGA,3150,0.71,710000,https://data.humdata.org/dataset/wfp-food-prices-for-madagascar,2026-09-27
4644:Rice (local):2025-10-15,2025-10-15,Androy,Ambovombe-Androy,Antanimora Atsimo,4644,Rice (local),KG,Retail,MGA,3150,0.71,710000,https://data.humdata.org/dataset/wfp-food-prices-for-madagascar,2026-09-27
"4644:Oil (vegetable, packaged):2025-10-15",2025-10-15,Androy,Ambovombe-Androy,Antanimora Atsimo,4644,"Oil (vegetable, packaged)",L,Retail,MGA,10142.86,2.27,2270000,https://data.humdata.org/dataset/wfp-food-prices-for-madagascar,2026-09-27
9097:Rice (imported):2025-10-15,2025-10-15,Androy,Ambovombe-Androy,Erada,9097,Rice (imported),KG,Retail,MGA,3500,0.78,780000,https://data.humdata.org/dataset/wfp-food-prices-for-madagascar,2026-09-27
9097:Rice (local):2025-10-15,2025-10-15,Androy,Ambovombe-Androy,Erada,9097,Rice (local),KG,Retail,MGA,3500,0.78,780000,https://data.humdata.org/dataset/wfp-food-prices-for-madagascar,2026-09-27
"9097:Oil (vegetable, packaged):2025-10-15",2025-10-15,Androy,Ambovombe-Androy,Erada,9097,"Oil (vegetable, packaged)",L,Retail,MGA,12000,2.69,2690000,https://data.humdata.org/dataset/wfp-food-prices-for-madagascar,2026-09-27
6558:Rice (imported):2025-10-15,2025-10-15,Androy,Ambovombe-Androy,Imanombo,6558,Rice (imported),KG,Retail,MGA,3150,0.71,710000,https://data.humdata.org/dataset/wfp-food-prices-for-madagascar,2026-09-27
6558:Rice (local):2025-10-15,2025-10-15,Androy,Ambovombe-Androy,Imanombo,6558,Rice (local),KG,Retail,MGA,3150,0.71,710000,https://data.humdata.org/dataset/wfp-food-prices-for-madagascar,2026-09-27
"6558:Oil (vegetable, packaged):2025-10-15",2025-10-15,Androy,Ambovombe-Androy,Imanombo,6558,"Oil (vegetable, packaged)",L,Retail,MGA,10000,2.24,2240000,https://data.humdata.org/dataset/wfp-food-prices-for-madagascar,2026-09-27
6559:Rice (imported):2025-10-15,2025-10-15,Androy,Ambovombe-Androy,Jafaro,6559,Rice (imported),KG,Retail,MGA,3150,0.71,710000,https://data.humdata.org/dataset/wfp-food-prices-for-madagascar,2026-09-27
6559:Rice (local):2025-10-15,2025-10-15,Androy,Ambovombe-Androy,Jafaro,6559,Rice (local),KG,Retail,MGA,3150,0.71,710000,https://data.humdata.org/dataset/wfp-food-prices-for-madagascar,2026-09-27
"6559:Oil (vegetable, packaged):2025-10-15",2025-10-15,Androy,Ambovombe-Androy,Jafaro,6559,"Oil (vegetable, packaged)",L,Retail,MGA,9000,2.02,2020000,https://data.humdata.org/dataset/wfp-food-prices-for-madagascar,2026-09-27
7207:Rice (imported):2025-10-15,2025-10-15,Androy,Ambovombe-Androy,Maroalopoty,7207,Rice (imported),KG,Retail,MGA,2975,0.67,670000,https://data.humdata.org/dataset/wfp-food-prices-for-madagascar,2026-09-27
7207:Rice (local):2025-10-15,2025-10-15,Androy,Ambovombe-Androy,Maroalopoty,7207,Rice (local),KG,Retail,MGA,2975,0.67,670000,https://data.humdata.org/dataset/wfp-food-prices-for-madagascar,2026-09-27
"7207:Oil (vegetable, packaged):2025-10-15",2025-10-15,Androy,Ambovombe-Androy,Maroalopoty,7207,"Oil (vegetable, packaged)",L,Retail,MGA,11000,2.46,2460000,https://data.humdata.org/dataset/wfp-food-prices-for-madagascar,2026-09-27
10837:Rice (imported):2025-10-15,2025-10-15,Androy,Ambovombe-Androy,Sihanamaro,10837,Rice (imported),KG,Retail,MGA,3383.33,0.76,760000,https://data.humdata.org/dataset/wfp-food-prices-for-madagascar,2026-09-27
10837:Rice (local):2025-10-15,2025-10-15,Androy,Ambovombe-Androy,Sihanamaro,10837,Rice (local),KG,Retail,MGA,3383.33,0.76,760000,https://data.humdata.org/dataset/wfp-food-prices-for-madagascar,2026-09-27
"10837:Oil (vegetable, packaged):2025-10-15",2025-10-15,Androy,Ambovombe-Androy,Sihanamaro,10837,"Oil (vegetable, packaged)",L,Retail,MGA,11000,2.46,2460000,https://data.humdata.org/dataset/wfp-food-prices-for-madagascar,2026-09-27
10838:Rice (imported):2025-10-15,2025-10-15,Androy,Ambovombe-Androy,Tsimananada,10838,Rice (imported),KG,Retail,MGA,3500,0.78,780000,https://data.humdata.org/dataset/wfp-food-prices-for-madagascar,2026-09-27
10838:Rice (local):2025-10-15,2025-10-15,Androy,Ambovombe-Androy,Tsimananada,10838,Rice (local),KG,Retail,MGA,3500,0.78,780000,https://data.humdata.org/dataset/wfp-food-prices-for-madagascar,2026-09-27
"10838:Oil (vegetable, packaged):2025-10-15",2025-10-15,Androy,Ambovombe-Androy,Tsimananada,10838,"Oil (vegetable, packaged)",L,Retail,MGA,10000,2.24,2240000,https://data.humdata.org/dataset/wfp-food-prices-for-madagascar,2026-09-27
6839:Rice (imported):2025-10-15,2025-10-15,Androy,Bekily,Ambahita,6839,Rice (imported),KG,Retail,MGA,3150,0.71,710000,https://data.humdata.org/dataset/wfp-food-prices-for-madagascar,2026-09-27
6839:Rice (local):2025-10-15,2025-10-15,Androy,Bekily,Ambahita,6839,Rice (local),KG,Retail,MGA,3150,0.71,710000,https://data.humdata.org/dataset/wfp-food-prices-for-madagascar,2026-09-27
"6839:Oil (vegetable, packaged):2025-10-15",2025-10-15,Androy,Bekily,Ambahita,6839,"Oil (vegetable, packaged)",L,Retail,MGA,10000,2.24,2240000,https://data.humdata.org/dataset/wfp-food-prices-for-madagascar,2026-09-27
7209:Rice (imported):2025-10-15,2025-10-15,Androy,Bekily,Ambatosola,7209,Rice (imported),KG,Retail,MGA,3325,0.74,740000,https://data.humdata.org/dataset/wfp-food-prices-for-madagascar,2026-09-27
7209:Rice (local):2025-10-15,2025-10-15,Androy,Bekily,Ambatosola,7209,Rice (local),KG,Retail,MGA,3325,0.74,740000,https://data.humdata.org/dataset/wfp-food-prices-for-madagascar,2026-09-27
"7209:Oil (vegetable, packaged):2025-10-15",2025-10-15,Androy,Bekily,Ambatosola,7209,"Oil (vegetable, packaged)",L,Retail,MGA,10000,2.24,2240000,https://data.humdata.org/dataset/wfp-food-prices-for-madagascar,2026-09-27
10903:Rice (imported):2025-10-15,2025-10-15,Androy,Bekily,Anja Nord,10903,Rice (imported),KG,Retail,MGA,3500,0.78,780000,https://data.humdata.org/dataset/wfp-food-prices-for-madagascar,2026-09-27
10903:Rice (local):2025-10-15,2025-10-15,Androy,Bekily,Anja Nord,10903,Rice (local),KG,Retail,MGA,3500,0.78,780000,https://data.humdata.org/dataset/wfp-food-prices-for-madagascar,2026-09-27
"10903:Oil (vegetable, packaged):2025-10-15",2025-10-15,Androy,Bekily,Anja Nord,10903,"Oil (vegetable, packaged)",L,Retail,MGA,8000,1.79,1790000,https://data.humdata.org/dataset/wfp-food-prices-for-madagascar,2026-09-27
10904:Rice (imported):2025-10-15,2025-10-15,Androy,Bekily,Ankaranabo Nord,10904,Rice (imported),KG,Retail,MGA,3500,0.78,780000,https://data.humdata.org/dataset/wfp-food-prices-for-madagascar,2026-09-27
10904:Rice (local):2025-10-15,2025-10-15,Androy,Bekily,Ankaranabo Nord,10904,Rice (local),KG,Retail,MGA,3500,0.78,780000,https://data.humdata.org/dataset/wfp-food-prices-for-madagascar,2026-09-27
"10904:Oil (vegetable, packaged):2025-10-15",2025-10-15,Androy,Bekily,Ankaranabo Nord,10904,"Oil (vegetable, packaged)",L,Retail,MGA,8800,1.97,1970000,https://data.humdata.org/dataset/wfp-food-prices-for-madagascar,2026-09-27
6848:Rice (imported):2025-10-15,2025-10-15,Androy,Bekily,Belindo Mahasoa,6848,Rice (imported),KG,Retail,MGA,3500,0.78,780000,https://data.humdata.org/dataset/wfp-food-prices-for-madagascar,2026-09-27
6848:Rice (local):2025-10-15,2025-10-15,Androy,Bekily,Belindo Mahasoa,6848,Rice (local),KG,Retail,MGA,3500,0.78,780000,https://data.humdata.org/dataset/wfp-food-prices-for-madagascar,2026-09-27
"6848:Oil (vegetable, packaged):2025-10-15",2025-10-15,Androy,Bekily,Belindo Mahasoa,6848,"Oil (vegetable, packaged)",L,Retail,MGA,10000,2.24,2240000,https://data.humdata.org/dataset/wfp-food-prices-for-madagascar,2026-09-27
10151:Rice (imported):2025-10-15,2025-10-15,Androy,Bekily,Beraketa,10151,Rice (imported),KG,Retail,MGA,3150,0.71,710000,https://data.humdata.org/dataset/wfp-food-prices-for-madagascar,2026-09-27
10151:Rice (local):2025-10-15,2025-10-15,Androy,Bekily,Beraketa,10151,Rice (local),KG,Retail,MGA,3150,0.71,710000,https://data.humdata.org/dataset/wfp-food-prices-for-madagascar,2026-09-27
"10151:Oil (vegetable, packaged):2025-10-15",2025-10-15,Androy,Bekily,Beraketa,10151,"Oil (vegetable, packaged)",L,Retail,MGA,11000,2.46,2460000,https://data.humdata.org/dataset/wfp-food-prices-for-madagascar,2026-09-27
6849:Rice (imported):2025-10-15,2025-10-15,Androy,Bekily,Bevitiky,6849,Rice (imported),KG,Retail,MGA,3500,0.78,780000,https://data.humdata.org/dataset/wfp-food-prices-for-madagascar,2026-09-27
6849:Rice (local):2025-10-15,2025-10-15,Androy,Bekily,Bevitiky,6849,Rice (local),KG,Retail,MGA,3500,0.78,780000,https://data.humdata.org/dataset/wfp-food-prices-for-madagascar,2026-09-27
"6849:Oil (vegetable, packaged):2025-10-15",2025-10-15,Androy,Bekily,Bevitiky,6849,"Oil (vegetable, packaged)",L,Retail,MGA,11000,2.46,2460000,https://data.humdata.org/dataset/wfp-food-prices-for-madagascar,2026-09-27
9112:Rice (imported):2025-10-15,2025-10-15,Androy,Bekily,Manakompy,9112,Rice (imported),KG,Retail,MGA,3150,0.71,710000,https://data.humdata.org/dataset/wfp-food-prices-for-madagascar,2026-09-27
9112:Rice (local):2025-10-15,2025-10-15,Androy,Bekily,Manakompy,9112,Rice (local),KG,Retail,MGA,3150,0.71,710000,https://data.humdata.org/dataset/wfp-food-prices-for-madagascar,2026-09-27
"9112:Oil (vegetable, packaged):2025-10-15",2025-10-15,Androy,Bekily,Manakompy,9112,"Oil (vegetable, packaged)",L,Retail,MGA,10333.33,2.31,2310000,https://data.humdata.org/dataset/wfp-food-prices-for-madagascar,2026-09-27
4645:Rice (imported):2025-10-15,2025-10-15,Androy,Bekily,Manambahy Bekitro,4645,Rice (imported),KG,Retail,MGA,3150,0.71,710000,https://data.humdata.org/dataset/wfp-food-prices-for-madagascar,2026-09-27
4645:Rice (local):2025-10-15,2025-10-15,Androy,Bekily,Manambahy Bekitro,4645,Rice (local),KG,Retail,MGA,3150,0.71,710000,https://data.humdata.org/dataset/wfp-food-prices-for-madagascar,2026-09-27
"4645:Oil (vegetable, packaged):2025-10-15",2025-10-15,Androy,Bekily,Manambahy Bekitro,4645,"Oil (vegetable, packaged)",L,Retail,MGA,10166.67,2.28,2280000,https://data.humdata.org/dataset/wfp-food-prices-for-madagascar,2026-09-27
10906:Rice (imported):2025-10-15,2025-10-15,Androy,Bekily,Maroviro,10906,Rice (imported),KG,Retail,MGA,3150,0.71,710000,https://data.humdata.org/dataset/wfp-food-prices-for-madagascar,2026-09-27
10906:Rice (local):2025-10-15,2025-10-15,Androy,Bekily,Maroviro,10906,Rice (local),KG,Retail,MGA,3150,0.71,710000,https://data.humdata.org/dataset/wfp-food-prices-for-madagascar,2026-09-27
7208:Rice (imported):2025-10-15,2025-10-15,Androy,Bekily,Mikaikarivo Ambatomainty,7208,Rice (imported),KG,Retail,MGA,3150,0.71,710000,https://data.humdata.org/dataset/wfp-food-prices-for-madagascar,2026-09-27
7208:Rice (local):2025-10-15,2025-10-15,Androy,Bekily,Mikaikarivo Ambatomainty,7208,Rice (local),KG,Retail,MGA,3150,0.71,710000,https://data.humdata.org/dataset/wfp-food-prices-for-madagascar,2026-09-27
"7208:Oil (vegetable, packaged):2025-10-15",2025-10-15,Androy,Bekily,Mikaikarivo Ambatomainty,7208,"Oil (vegetable, packaged)",L,Retail,MGA,10000,2.24,2240000,https://data.humdata.org/dataset/wfp-food-prices-for-madagascar,2026-09-27
738:Rice (imported):2025-10-15,2025-10-15,Androy,Bekily,Morafeno Bekily,738,Rice (imported),KG,Retail,MGA,3247.22,0.73,730000,https://data.humdata.org/dataset/wfp-food-prices-for-madagascar,2026-09-27
738:Rice (local):2025-10-15,2025-10-15,Androy,Bekily,Morafeno Bekily,738,Rice (local),KG,Retail,MGA,3247.22,0.73,730000,https://data.humdata.org/dataset/wfp-food-prices-for-madagascar,2026-09-27
"738:Oil (vegetable, packaged):2025-10-15",2025-10-15,Androy,Bekily,Morafeno Bekily,738,"Oil (vegetable, packaged)",L,Retail,MGA,9333.33,2.09,2090000,https://data.humdata.org/dataset/wfp-food-prices-for-madagascar,2026-09-27
7210:Rice (imported):2025-10-15,2025-10-15,Androy,Bekily,Tanandava,7210,Rice (imported),KG,Retail,MGA,2730,0.61,610000,https://data.humdata.org/dataset/wfp-food-prices-for-madagascar,2026-09-27
7210:Rice (local):2025-10-15,2025-10-15,Androy,Bekily,Tanandava,7210,Rice (local),KG,Retail,MGA,2730,0.61,610000,https://data.humdata.org/dataset/wfp-food-prices-for-madagascar,2026-09-27
"7210:Oil (vegetable, packaged):2025-10-15",2025-10-15,Androy,Bekily,Tanandava,7210,"Oil (vegetable, packaged)",L,Retail,MGA,9333.33,2.09,2090000,https://data.humdata.org/dataset/wfp-food-prices-for-madagascar,2026-09-27
10908:Rice (imported):2025-10-15,2025-10-15,Androy,Bekily,Tsikolaky,10908,Rice (imported),KG,Retail,MGA,3033.33,0.68,680000,https://data.humdata.org/dataset/wfp-food-prices-for-madagascar,2026-09-27
10908:Rice (local):2025-10-15,2025-10-15,Androy,Bekily,Tsikolaky,10908,Rice (local),KG,Retail,MGA,3033.33,0.68,680000,https://data.humdata.org/dataset/wfp-food-prices-for-madagascar,2026-09-27
"10908:Oil (vegetable, packaged):2025-10-15",2025-10-15,Androy,Bekily,Tsikolaky,10908,"Oil (vegetable, packaged)",L,Retail,MGA,9000,2.02,2020000,https://data.humdata.org/dataset/wfp-food-prices-for-madagascar,2026-09-27
10153:Rice (imported):2025-10-15,2025-10-15,Androy,Beloha,Ambatotsivala,10153,Rice (imported),KG,Retail,MGA,2931.25,0.66,660000,https://data.humdata.org/dataset/wfp-food-prices-for-madagascar,2026-09-27
10153:Rice (local):2025-10-15,2025-10-15,Androy,Beloha,Ambatotsivala,10153,Rice (local),KG,Retail,MGA,2931.25,0.66,660000,https://data.humdata.org/dataset/wfp-food-prices-for-madagascar,2026-09-27
"10153:Oil (vegetable, packaged):2025-10-15",2025-10-15,Androy,Beloha,Ambatotsivala,10153,"Oil (vegetable, packaged)",L,Retail,MGA,10000,2.24,2240000,https://data.humdata.org/dataset/wfp-food-prices-for-madagascar,2026-09-27
10910:Rice (imported):2025-10-15,2025-10-15,Androy,Beloha,Behabobo,10910,Rice (imported),KG,Retail,MGA,3281.25,0.73,730000,https://data.humdata.org/dataset/wfp-food-prices-for-madagascar,2026-09-27
10910:Rice (local):2025-10-15,2025-10-15,Androy,Beloha,Behabobo,10910,Rice (local),KG,Retail,MGA,3281.25,0.73,730000,https://data.humdata.org/dataset/wfp-food-prices-for-madagascar,2026-09-27
"10910:Oil (vegetable, packaged):2025-10-15",2025-10-15,Androy,Beloha,Behabobo,10910,"Oil (vegetable, packaged)",L,Retail,MGA,11000,2.46,2460000,https://data.humdata.org/dataset/wfp-food-prices-for-madagascar,2026-09-27
734:Rice (imported):2025-10-15,2025-10-15,Androy,Beloha,Beloha,734,Rice (imported),KG,Retail,MGA,2957.5,0.66,660000,https://data.humdata.org/dataset/wfp-food-prices-for-madagascar,2026-09-27
734:Rice (local):2025-10-15,2025-10-15,Androy,Beloha,Beloha,734,Rice (local),KG,Retail,MGA,2957.5,0.66,660000,https://data.humdata.org/dataset/wfp-food-prices-for-madagascar,2026-09-27
"734:Oil (vegetable, packaged):2025-10-15",2025-10-15,Androy,Beloha,Beloha,734,"Oil (vegetable, packaged)",L,Retail,MGA,9357.14,2.1,2100000,https://data.humdata.org/dataset/wfp-food-prices-for-madagascar,2026-09-27
10911:Rice (imported):2025-10-15,2025-10-15,Androy,Beloha,Kopoky,10911,Rice (imported),KG,Retail,MGA,2800,0.63,630000,https://data.humdata.org/dataset/wfp-food-prices-for-madagascar,2026-09-27
10911:Rice (local):2025-10-15,2025-10-15,Androy,Beloha,Kopoky,10911,Rice (local),KG,Retail,MGA,2800,0.63,630000,https://data.humdata.org/dataset/wfp-food-prices-for-madagascar,2026-09-27
"10911:Oil (vegetable, packaged):2025-10-15",2025-10-15,Androy,Beloha,Kopoky,10911,"Oil (vegetable, packaged)",L,Retail,MGA,10000,2.24,2240000,https://data.humdata.org/dataset/wfp-food-prices-for-madagascar,2026-09-27
6859:Rice (imported):2025-10-15,2025-10-15,Androy,Beloha,Mahahegne,6859,Rice (imported),KG,Retail,MGA,3150,0.71,710000,https://data.humdata.org/dataset/wfp-food-prices-for-madagascar,2026-09-27
6859:Rice (local):2025-10-15,2025-10-15,Androy,Beloha,Mahahegne,6859,Rice (local),KG,Retail,MGA,3150,0.71,710000,https://data.humdata.org/dataset/wfp-food-prices-for-madagascar,2026-09-27
"6859:Oil (vegetable, packaged):2025-10-15",2025-10-15,Androy,Beloha,Mahahegne,6859,"Oil (vegetable, packaged)",L,Retail,MGA,9000,2.02,2020000,https://data.humdata.org/dataset/wfp-food-prices-for-madagascar,2026-09-27
6863:Rice (imported):2025-10-15,2025-10-15,Androy,Beloha,Marolinta,6863,Rice (imported),KG,Retail,MGA,3150,0.71,710000,https://data.humdata.org/dataset/wfp-food-prices-for-madagascar,2026-09-27
6863:Rice (local):2025-10-15,2025-10-15,Androy,Beloha,Marolinta,6863,Rice (local),KG,Retail,MGA,3150,0.71,710000,https://data.humdata.org/dataset/wfp-food-prices-for-madagascar,2026-09-27
"6863:Oil (vegetable, packaged):2025-10-15",2025-10-15,Androy,Beloha,Marolinta,6863,"Oil (vegetable, packaged)",L,Retail,MGA,10000,2.24,2240000,https://data.humdata.org/dataset/wfp-food-prices-for-madagascar,2026-09-27
4641:Rice (imported):2025-10-15,2025-10-15,Androy,Beloha,Tranoroa,4641,Rice (imported),KG,Retail,MGA,3150,0.71,710000,https://data.humdata.org/dataset/wfp-food-prices-for-madagascar,2026-09-27
4641:Rice (local):2025-10-15,2025-10-15,Androy,Beloha,Tranoroa,4641,Rice (local),KG,Retail,MGA,3150,0.71,710000,https://data.humdata.org/dataset/wfp-food-prices-for-madagascar,2026-09-27
"4641:Oil (vegetable, packaged):2025-10-15",2025-10-15,Androy,Beloha,Tranoroa,4641,"Oil (vegetable, packaged)",L,Retail,MGA,10000,2.24,2240000,https://data.humdata.org/dataset/wfp-food-prices-for-madagascar,2026-09-27
6866:Rice (imported):2025-10-15,2025-10-15,Androy,Beloha,Tranovaho,6866,Rice (imported),KG,Retail,MGA,2756.25,0.62,620000,https://data.humdata.org/dataset/wfp-food-prices-for-madagascar,2026-09-27
6866:Rice (local):2025-10-15,2025-10-15,Androy,Beloha,Tranovaho,6866,Rice (local),KG,Retail,MGA,2756.25,0.62,620000,https://data.humdata.org/dataset/wfp-food-prices-for-madagascar,2026-09-27
"6866:Oil (vegetable, packaged):2025-10-15",2025-10-15,Androy,Beloha,Tranovaho,6866,"Oil (vegetable, packaged)",L,Retail,MGA,10000,2.24,2240000,https://data.humdata.org/dataset/wfp-food-prices-for-madagascar,2026-09-27
6845:Rice (imported):2025-10-15,2025-10-15,Androy,Tsihombe,Anjapaly,6845,Rice (imported),KG,Retail,MGA,3150,0.71,710000,https://data.humdata.org/dataset/wfp-food-prices-for-madagascar,2026-09-27
6845:Rice (local):2025-10-15,2025-10-15,Androy,Tsihombe,Anjapaly,6845,Rice (local),KG,Retail,MGA,3150,0.71,710000,https://data.humdata.org/dataset/wfp-food-prices-for-madagascar,2026-09-27
"6845:Oil (vegetable, packaged):2025-10-15",2025-10-15,Androy,Tsihombe,Anjapaly,6845,"Oil (vegetable, packaged)",L,Retail,MGA,12000,2.69,2690000,https://data.humdata.org/dataset/wfp-food-prices-for-madagascar,2026-09-27
6846:Rice (imported):2025-10-15,2025-10-15,Androy,Tsihombe,Antaritarika,6846,Rice (imported),KG,Retail,MGA,3325,0.74,740000,https://data.humdata.org/dataset/wfp-food-prices-for-madagascar,2026-09-27
6846:Rice (local):2025-10-15,2025-10-15,Androy,Tsihombe,Antaritarika,6846,Rice (local),KG,Retail,MGA,3325,0.74,740000,https://data.humdata.org/dataset/wfp-food-prices-for-madagascar,2026-09-27
"6846:Oil (vegetable, packaged):2025-10-15",2025-10-15,Androy,Tsihombe,Antaritarika,6846,"Oil (vegetable, packaged)",L,Retail,MGA,10000,2.24,2240000,https://data.humdata.org/dataset/wfp-food-prices-for-madagascar,2026-09-27
10155:Rice (imported):2025-10-15,2025-10-15,Androy,Tsihombe,Betanty (Faux Cap),10155,Rice (imported),KG,Retail,MGA,3150,0.71,710000,https://data.humdata.org/dataset/wfp-food-prices-for-madagascar,2026-09-27
10155:Rice (local):2025-10-15,2025-10-15,Androy,Tsihombe,Betanty (Faux Cap),10155,Rice (local),KG,Retail,MGA,3150,0.71,710000,https://data.humdata.org/dataset/wfp-food-prices-for-madagascar,2026-09-27
"10155:Oil (vegetable, packaged):2025-10-15",2025-10-15,Androy,Tsihombe,Betanty (Faux Cap),10155,"Oil (vegetable, packaged)",L,Retail,MGA,9200,2.06,2060000,https://data.humdata.org/dataset/wfp-food-prices-for-madagascar,2026-09-27
10156:Rice (imported):2025-10-15,2025-10-15,Androy,Tsihombe,Imongy,10156,Rice (imported),KG,Retail,MGA,3150,0.71,710000,https://data.humdata.org/dataset/wfp-food-prices-for-madagascar,2026-09-27
10156:Rice (local):2025-10-15,2025-10-15,Androy,Tsihombe,Imongy,10156,Rice (local),KG,Retail,MGA,3150,0.71,710000,https://data.humdata.org/dataset/wfp-food-prices-for-madagascar,2026-09-27
"10156:Oil (vegetable, packaged):2025-10-15",2025-10-15,Androy,Tsihombe,Imongy,10156,"Oil (vegetable, packaged)",L,Retail,MGA,10000,2.24,2240000,https://data.humdata.org/dataset/wfp-food-prices-for-madagascar,2026-09-27
4642:Rice (imported):2025-10-15,2025-10-15,Androy,Tsihombe,Marovato,4642,Rice (imported),KG,Retail,MGA,3150,0.71,710000,https://data.humdata.org/dataset/wfp-food-prices-for-madagascar,2026-09-27
4642:Rice (local):2025-10-15,2025-10-15,Androy,Tsihombe,Marovato,4642,Rice (local),KG,Retail,MGA,3150,0.71,710000,https://data.humdata.org/dataset/wfp-food-prices-for-madagascar,2026-09-27
"4642:Oil (vegetable, packaged):2025-10-15",2025-10-15,Androy,Tsihombe,Marovato,4642,"Oil (vegetable, packaged)",L,Retail,MGA,10000,2.24,2240000,https://data.humdata.org/dataset/wfp-food-prices-for-madagascar,2026-09-27
10912:Rice (imported):2025-10-15,2025-10-15,Androy,Tsihombe,Nikoly,10912,Rice (imported),KG,Retail,MGA,3500,0.78,780000,https://data.humdata.org/dataset/wfp-food-prices-for-madagascar,2026-09-27
10912:Rice (local):2025-10-15,2025-10-15,Androy,Tsihombe,Nikoly,10912,Rice (local),KG,Retail,MGA,3500,0.78,780000,https://data.humdata.org/dataset/wfp-food-prices-for-madagascar,2026-09-27
"10912:Oil (vegetable, packaged):2025-10-15",2025-10-15,Androy,Tsihombe,Nikoly,10912,"Oil (vegetable, packaged)",L,Retail,MGA,10000,2.24,2240000,https://data.humdata.org/dataset/wfp-food-prices-for-madagascar,2026-09-27
735:Rice (imported):2025-10-15,2025-10-15,Androy,Tsihombe,Tsihombe,735,Rice (imported),KG,Retail,MGA,2897.22,0.65,650000,https://data.humdata.org/dataset/wfp-food-prices-for-madagascar,2026-09-27
735:Rice (local):2025-10-15,2025-10-15,Androy,Tsihombe,Tsihombe,735,Rice (local),KG,Retail,MGA,2975,0.67,670000,https://data.humdata.org/dataset/wfp-food-prices-for-madagascar,2026-09-27
"735:Oil (vegetable, packaged):2025-10-15",2025-10-15,Androy,Tsihombe,Tsihombe,735,"Oil (vegetable, packaged)",L,Retail,MGA,9857.14,2.21,2210000,https://data.humdata.org/dataset/wfp-food-prices-for-madagascar,2026-09-27
4643:Rice (imported):2025-11-15,2025-11-15,Androy,Ambovombe-Androy,Ambondro,4643,Rice (imported),KG,Retail,MGA,3500,0.78,780000,https://data.humdata.org/dataset/wfp-food-prices-for-madagascar,2026-09-27
4643:Rice (local):2025-11-15,2025-11-15,Androy,Ambovombe-Androy,Ambondro,4643,Rice (local),KG,Retail,MGA,3500,0.78,780000,https://data.humdata.org/dataset/wfp-food-prices-for-madagascar,2026-09-27
"4643:Oil (vegetable, packaged):2025-11-15",2025-11-15,Androy,Ambovombe-Androy,Ambondro,4643,"Oil (vegetable, packaged)",L,Retail,MGA,10000,2.23,2230000,https://data.humdata.org/dataset/wfp-food-prices-for-madagascar,2026-09-27
736:Rice (imported):2025-11-15,2025-11-15,Androy,Ambovombe-Androy,Ambovombe-androy,736,Rice (imported),KG,Retail,MGA,3325,0.74,740000,https://data.humdata.org/dataset/wfp-food-prices-for-madagascar,2026-09-27
736:Rice (local):2025-11-15,2025-11-15,Androy,Ambovombe-Androy,Ambovombe-androy,736,Rice (local),KG,Retail,MGA,3325,0.74,740000,https://data.humdata.org/dataset/wfp-food-prices-for-madagascar,2026-09-27
"736:Oil (vegetable, packaged):2025-11-15",2025-11-15,Androy,Ambovombe-Androy,Ambovombe-androy,736,"Oil (vegetable, packaged)",L,Retail,MGA,8000,1.79,1790000,https://data.humdata.org/dataset/wfp-food-prices-for-madagascar,2026-09-27
6557:Rice (imported):2025-11-15,2025-11-15,Androy,Ambovombe-Androy,Ampamata,6557,Rice (imported),KG,Retail,MGA,3150,0.7,700000,https://data.humdata.org/dataset/wfp-food-prices-for-madagascar,2026-09-27
6557:Rice (local):2025-11-15,2025-11-15,Androy,Ambovombe-Androy,Ampamata,6557,Rice (local),KG,Retail,MGA,3150,0.7,700000,https://data.humdata.org/dataset/wfp-food-prices-for-madagascar,2026-09-27
"6557:Oil (vegetable, packaged):2025-11-15",2025-11-15,Androy,Ambovombe-Androy,Ampamata,6557,"Oil (vegetable, packaged)",L,Retail,MGA,10000,2.23,2230000,https://data.humdata.org/dataset/wfp-food-prices-for-madagascar,2026-09-27
4972:Rice (imported):2025-11-15,2025-11-15,Androy,Ambovombe-Androy,Andalatanosy,4972,Rice (imported),KG,Retail,MGA,3500,0.78,780000,https://data.humdata.org/dataset/wfp-food-prices-for-madagascar,2026-09-27
4972:Rice (local):2025-11-15,2025-11-15,Androy,Ambovombe-Androy,Andalatanosy,4972,Rice (local),KG,Retail,MGA,3500,0.78,780000,https://data.humdata.org/dataset/wfp-food-prices-for-madagascar,2026-09-27
"4972:Oil (vegetable, packaged):2025-11-15",2025-11-15,Androy,Ambovombe-Androy,Andalatanosy,4972,"Oil (vegetable, packaged)",L,Retail,MGA,10000,2.23,2230000,https://data.humdata.org/dataset/wfp-food-prices-for-madagascar,2026-09-27
4644:Rice (imported):2025-11-15,2025-11-15,Androy,Ambovombe-Androy,Antanimora Atsimo,4644,Rice (imported),KG,Retail,MGA,3500,0.78,780000,https://data.humdata.org/dataset/wfp-food-prices-for-madagascar,2026-09-27
4644:Rice (local):2025-11-15,2025-11-15,Androy,Ambovombe-Androy,Antanimora Atsimo,4644,Rice (local),KG,Retail,MGA,3500,0.78,780000,https://data.humdata.org/dataset/wfp-food-prices-for-madagascar,2026-09-27
6558:Rice (imported):2025-11-15,2025-11-15,Androy,Ambovombe-Androy,Imanombo,6558,Rice (imported),KG,Retail,MGA,3150,0.7,700000,https://data.humdata.org/dataset/wfp-food-prices-for-madagascar,2026-09-27
6558:Rice (local):2025-11-15,2025-11-15,Androy,Ambovombe-Androy,Imanombo,6558,Rice (local),KG,Retail,MGA,3150,0.7,700000,https://data.humdata.org/dataset/wfp-food-prices-for-madagascar,2026-09-27
"6558:Oil (vegetable, packaged):2025-11-15",2025-11-15,Androy,Ambovombe-Androy,Imanombo,6558,"Oil (vegetable, packaged)",L,Retail,MGA,10000,2.23,2230000,https://data.humdata.org/dataset/wfp-food-prices-for-madagascar,2026-09-27
6559:Rice (imported):2025-11-15,2025-11-15,Androy,Ambovombe-Androy,Jafaro,6559,Rice (imported),KG,Retail,MGA,3500,0.78,780000,https://data.humdata.org/dataset/wfp-food-prices-for-madagascar,2026-09-27
6559:Rice (local):2025-11-15,2025-11-15,Androy,Ambovombe-Androy,Jafaro,6559,Rice (local),KG,Retail,MGA,3500,0.78,780000,https://data.humdata.org/dataset/wfp-food-prices-for-madagascar,2026-09-27
7207:Rice (imported):2025-11-15,2025-11-15,Androy,Ambovombe-Androy,Maroalopoty,7207,Rice (imported),KG,Retail,MGA,3150,0.7,700000,https://data.humdata.org/dataset/wfp-food-prices-for-madagascar,2026-09-27
7207:Rice (local):2025-11-15,2025-11-15,Androy,Ambovombe-Androy,Maroalopoty,7207,Rice (local),KG,Retail,MGA,3150,0.7,700000,https://data.humdata.org/dataset/wfp-food-prices-for-madagascar,2026-09-27
"7207:Oil (vegetable, packaged):2025-11-15",2025-11-15,Androy,Ambovombe-Androy,Maroalopoty,7207,"Oil (vegetable, packaged)",L,Retail,MGA,10000,2.23,2230000,https://data.humdata.org/dataset/wfp-food-prices-for-madagascar,2026-09-27
7209:Rice (imported):2025-11-15,2025-11-15,Androy,Bekily,Ambatosola,7209,Rice (imported),KG,Retail,MGA,3150,0.7,700000,https://data.humdata.org/dataset/wfp-food-prices-for-madagascar,2026-09-27
7209:Rice (local):2025-11-15,2025-11-15,Androy,Bekily,Ambatosola,7209,Rice (local),KG,Retail,MGA,3150,0.7,700000,https://data.humdata.org/dataset/wfp-food-prices-for-madagascar,2026-09-27
"7209:Oil (vegetable, packaged):2025-11-15",2025-11-15,Androy,Bekily,Ambatosola,7209,"Oil (vegetable, packaged)",L,Retail,MGA,10000,2.23,2230000,https://data.humdata.org/dataset/wfp-food-prices-for-madagascar,2026-09-27
6849:Rice (imported):2025-11-15,2025-11-15,Androy,Bekily,Bevitiky,6849,Rice (imported),KG,Retail,MGA,3675,0.82,820000,https://data.humdata.org/dataset/wfp-food-prices-for-madagascar,2026-09-27
6849:Rice (local):2025-11-15,2025-11-15,Androy,Bekily,Bevitiky,6849,Rice (local),KG,Retail,MGA,3675,0.82,820000,https://data.humdata.org/dataset/wfp-food-prices-for-madagascar,2026-09-27
"6849:Oil (vegetable, packaged):2025-11-15",2025-11-15,Androy,Bekily,Bevitiky,6849,"Oil (vegetable, packaged)",L,Retail,MGA,11000,2.46,2460000,https://data.humdata.org/dataset/wfp-food-prices-for-madagascar,2026-09-27
4645:Rice (imported):2025-11-15,2025-11-15,Androy,Bekily,Manambahy Bekitro,4645,Rice (imported),KG,Retail,MGA,3500,0.78,780000,https://data.humdata.org/dataset/wfp-food-prices-for-madagascar,2026-09-27
4645:Rice (local):2025-11-15,2025-11-15,Androy,Bekily,Manambahy Bekitro,4645,Rice (local),KG,Retail,MGA,3500,0.78,780000,https://data.humdata.org/dataset/wfp-food-prices-for-madagascar,2026-09-27
"4645:Oil (vegetable, packaged):2025-11-15",2025-11-15,Androy,Bekily,Manambahy Bekitro,4645,"Oil (vegetable, packaged)",L,Retail,MGA,10000,2.23,2230000,https://data.humdata.org/dataset/wfp-food-prices-for-madagascar,2026-09-27
7208:Rice (imported):2025-11-15,2025-11-15,Androy,Bekily,Mikaikarivo Ambatomainty,7208,Rice (imported),KG,Retail,MGA,3150,0.7,700000,https://data.humdata.org/dataset/wfp-food-prices-for-madagascar,2026-09-27
7208:Rice (local):2025-11-15,2025-11-15,Androy,Bekily,Mikaikarivo Ambatomainty,7208,Rice (local),KG,Retail,MGA,3150,0.7,700000,https://data.humdata.org/dataset/wfp-food-prices-for-madagascar,2026-09-27
"7208:Oil (vegetable, packaged):2025-11-15",2025-11-15,Androy,Bekily,Mikaikarivo Ambatomainty,7208,"Oil (vegetable, packaged)",L,Retail,MGA,10000,2.23,2230000,https://data.humdata.org/dataset/wfp-food-prices-for-madagascar,2026-09-27
738:Rice (imported):2025-11-15,2025-11-15,Androy,Bekily,Morafeno Bekily,738,Rice (imported),KG,Retail,MGA,3150,0.7,700000,https://data.humdata.org/dataset/wfp-food-prices-for-madagascar,2026-09-27
738:Rice (local):2025-11-15,2025-11-15,Androy,Bekily,Morafeno Bekily,738,Rice (local),KG,Retail,MGA,3150,0.7,700000,https://data.humdata.org/dataset/wfp-food-prices-for-madagascar,2026-09-27
"738:Oil (vegetable, packaged):2025-11-15",2025-11-15,Androy,Bekily,Morafeno Bekily,738,"Oil (vegetable, packaged)",L,Retail,MGA,10000,2.23,2230000,https://data.humdata.org/dataset/wfp-food-prices-for-madagascar,2026-09-27
735:Rice (imported):2025-11-15,2025-11-15,Androy,Tsihombe,Tsihombe,735,Rice (imported),KG,Retail,MGA,3500,0.78,780000,https://data.humdata.org/dataset/wfp-food-prices-for-madagascar,2026-09-27
735:Rice (local):2025-11-15,2025-11-15,Androy,Tsihombe,Tsihombe,735,Rice (local),KG,Retail,MGA,3500,0.78,780000,https://data.humdata.org/dataset/wfp-food-prices-for-madagascar,2026-09-27
"735:Oil (vegetable, packaged):2025-11-15",2025-11-15,Androy,Tsihombe,Tsihombe,735,"Oil (vegetable, packaged)",L,Retail,MGA,9000,2.01,2010000,https://data.humdata.org/dataset/wfp-food-prices-for-madagascar,2026-09-27
4643:Rice (imported):2025-12-15,2025-12-15,Androy,Ambovombe-Androy,Ambondro,4643,Rice (imported),KG,Retail,MGA,3500,0.77,770000,https://data.humdata.org/dataset/wfp-food-prices-for-madagascar,2026-09-27
4643:Rice (local):2025-12-15,2025-12-15,Androy,Ambovombe-Androy,Ambondro,4643,Rice (local),KG,Retail,MGA,3500,0.77,770000,https://data.humdata.org/dataset/wfp-food-prices-for-madagascar,2026-09-27
"4643:Oil (vegetable, packaged):2025-12-15",2025-12-15,Androy,Ambovombe-Androy,Ambondro,4643,"Oil (vegetable, packaged)",L,Retail,MGA,10000,2.21,2210000,https://data.humdata.org/dataset/wfp-food-prices-for-madagascar,2026-09-27
6557:Rice (imported):2025-12-15,2025-12-15,Androy,Ambovombe-Androy,Ampamata,6557,Rice (imported),KG,Retail,MGA,3500,0.77,770000,https://data.humdata.org/dataset/wfp-food-prices-for-madagascar,2026-09-27
6557:Rice (local):2025-12-15,2025-12-15,Androy,Ambovombe-Androy,Ampamata,6557,Rice (local),KG,Retail,MGA,3500,0.77,770000,https://data.humdata.org/dataset/wfp-food-prices-for-madagascar,2026-09-27
"6557:Oil (vegetable, packaged):2025-12-15",2025-12-15,Androy,Ambovombe-Androy,Ampamata,6557,"Oil (vegetable, packaged)",L,Retail,MGA,10000,2.21,2210000,https://data.humdata.org/dataset/wfp-food-prices-for-madagascar,2026-09-27
4972:Rice (imported):2025-12-15,2025-12-15,Androy,Ambovombe-Androy,Andalatanosy,4972,Rice (imported),KG,Retail,MGA,3500,0.77,770000,https://data.humdata.org/dataset/wfp-food-prices-for-madagascar,2026-09-27
4972:Rice (local):2025-12-15,2025-12-15,Androy,Ambovombe-Androy,Andalatanosy,4972,Rice (local),KG,Retail,MGA,3500,0.77,770000,https://data.humdata.org/dataset/wfp-food-prices-for-madagascar,2026-09-27
"4972:Oil (vegetable, packaged):2025-12-15",2025-12-15,Androy,Ambovombe-Androy,Andalatanosy,4972,"Oil (vegetable, packaged)",L,Retail,MGA,10000,2.21,2210000,https://data.humdata.org/dataset/wfp-food-prices-for-madagascar,2026-09-27
4644:Rice (imported):2025-12-15,2025-12-15,Androy,Ambovombe-Androy,Antanimora Atsimo,4644,Rice (imported),KG,Retail,MGA,3500,0.77,770000,https://data.humdata.org/dataset/wfp-food-prices-for-madagascar,2026-09-27
4644:Rice (local):2025-12-15,2025-12-15,Androy,Ambovombe-Androy,Antanimora Atsimo,4644,Rice (local),KG,Retail,MGA,3500,0.77,770000,https://data.humdata.org/dataset/wfp-food-prices-for-madagascar,2026-09-27
"4644:Oil (vegetable, packaged):2025-12-15",2025-12-15,Androy,Ambovombe-Androy,Antanimora Atsimo,4644,"Oil (vegetable, packaged)",L,Retail,MGA,10000,2.21,2210000,https://data.humdata.org/dataset/wfp-food-prices-for-madagascar,2026-09-27
6558:Rice (imported):2025-12-15,2025-12-15,Androy,Ambovombe-Androy,Imanombo,6558,Rice (imported),KG,Retail,MGA,3850,0.85,850000,https://data.humdata.org/dataset/wfp-food-prices-for-madagascar,2026-09-27
6558:Rice (local):2025-12-15,2025-12-15,Androy,Ambovombe-Androy,Imanombo,6558,Rice (local),KG,Retail,MGA,3850,0.85,850000,https://data.humdata.org/dataset/wfp-food-prices-for-madagascar,2026-09-27
"6558:Oil (vegetable, packaged):2025-12-15",2025-12-15,Androy,Ambovombe-Androy,Imanombo,6558,"Oil (vegetable, packaged)",L,Retail,MGA,10000,2.21,2210000,https://data.humdata.org/dataset/wfp-food-prices-for-madagascar,2026-09-27
7209:Rice (imported):2025-12-15,2025-12-15,Androy,Bekily,Ambatosola,7209,Rice (imported),KG,Retail,MGA,3150,0.7,700000,https://data.humdata.org/dataset/wfp-food-prices-for-madagascar,2026-09-27
7209:Rice (local):2025-12-15,2025-12-15,Androy,Bekily,Ambatosola,7209,Rice (local),KG,Retail,MGA,3150,0.7,700000,https://data.humdata.org/dataset/wfp-food-prices-for-madagascar,2026-09-27
"7209:Oil (vegetable, packaged):2025-12-15",2025-12-15,Androy,Bekily,Ambatosola,7209,"Oil (vegetable, packaged)",L,Retail,MGA,10000,2.21,2210000,https://data.humdata.org/dataset/wfp-food-prices-for-madagascar,2026-09-27
6849:Rice (imported):2025-12-15,2025-12-15,Androy,Bekily,Bevitiky,6849,Rice (imported),KG,Retail,MGA,3850,0.85,850000,https://data.humdata.org/dataset/wfp-food-prices-for-madagascar,2026-09-27
6849:Rice (local):2025-12-15,2025-12-15,Androy,Bekily,Bevitiky,6849,Rice (local),KG,Retail,MGA,3850,0.85,850000,https://data.humdata.org/dataset/wfp-food-prices-for-madagascar,2026-09-27
"6849:Oil (vegetable, packaged):2025-12-15",2025-12-15,Androy,Bekily,Bevitiky,6849,"Oil (vegetable, packaged)",L,Retail,MGA,12000,2.65,2650000,https://data.humdata.org/dataset/wfp-food-prices-for-madagascar,2026-09-27
4645:Rice (imported):2025-12-15,2025-12-15,Androy,Bekily,Manambahy Bekitro,4645,Rice (imported),KG,Retail,MGA,3500,0.77,770000,https://data.humdata.org/dataset/wfp-food-prices-for-madagascar,2026-09-27
4645:Rice (local):2025-12-15,2025-12-15,Androy,Bekily,Manambahy Bekitro,4645,Rice (local),KG,Retail,MGA,3500,0.77,770000,https://data.humdata.org/dataset/wfp-food-prices-for-madagascar,2026-09-27
"4645:Oil (vegetable, packaged):2025-12-15",2025-12-15,Androy,Bekily,Manambahy Bekitro,4645,"Oil (vegetable, packaged)",L,Retail,MGA,10000,2.21,2210000,https://data.humdata.org/dataset/wfp-food-prices-for-madagascar,2026-09-27
7208:Rice (imported):2025-12-15,2025-12-15,Androy,Bekily,Mikaikarivo Ambatomainty,7208,Rice (imported),KG,Retail,MGA,3150,0.7,700000,https://data.humdata.org/dataset/wfp-food-prices-for-madagascar,2026-09-27
7208:Rice (local):2025-12-15,2025-12-15,Androy,Bekily,Mikaikarivo Ambatomainty,7208,Rice (local),KG,Retail,MGA,3150,0.7,700000,https://data.humdata.org/dataset/wfp-food-prices-for-madagascar,2026-09-27
"7208:Oil (vegetable, packaged):2025-12-15",2025-12-15,Androy,Bekily,Mikaikarivo Ambatomainty,7208,"Oil (vegetable, packaged)",L,Retail,MGA,10000,2.21,2210000,https://data.humdata.org/dataset/wfp-food-prices-for-madagascar,2026-09-27
738:Rice (imported):2025-12-15,2025-12-15,Androy,Bekily,Morafeno Bekily,738,Rice (imported),KG,Retail,MGA,3150,0.7,700000,https://data.humdata.org/dataset/wfp-food-prices-for-madagascar,2026-09-27
738:Rice (local):2025-12-15,2025-12-15,Androy,Bekily,Morafeno Bekily,738,Rice (local),KG,Retail,MGA,3150,0.7,700000,https://data.humdata.org/dataset/wfp-food-prices-for-madagascar,2026-09-27
"738:Oil (vegetable, packaged):2025-12-15",2025-12-15,Androy,Bekily,Morafeno Bekily,738,"Oil (vegetable, packaged)",L,Retail,MGA,11000,2.43,2430000,https://data.humdata.org/dataset/wfp-food-prices-for-madagascar,2026-09-27
734:Rice (imported):2025-12-15,2025-12-15,Androy,Beloha,Beloha,734,Rice (imported),KG,Retail,MGA,2800,0.62,620000,https://data.humdata.org/dataset/wfp-food-prices-for-madagascar,2026-09-27
734:Rice (local):2025-12-15,2025-12-15,Androy,Beloha,Beloha,734,Rice (local),KG,Retail,MGA,3150,0.7,700000,https://data.humdata.org/dataset/wfp-food-prices-for-madagascar,2026-09-27
"734:Oil (vegetable, packaged):2025-12-15",2025-12-15,Androy,Beloha,Beloha,734,"Oil (vegetable, packaged)",L,Retail,MGA,12150,2.69,2690000,https://data.humdata.org/dataset/wfp-food-prices-for-madagascar,2026-09-27
735:Rice (imported):2025-12-15,2025-12-15,Androy,Tsihombe,Tsihombe,735,Rice (imported),KG,Retail,MGA,3500,0.77,770000,https://data.humdata.org/dataset/wfp-food-prices-for-madagascar,2026-09-27
735:Rice (local):2025-12-15,2025-12-15,Androy,Tsihombe,Tsihombe,735,Rice (local),KG,Retail,MGA,3500,0.77,770000,https://data.humdata.org/dataset/wfp-food-prices-for-madagascar,2026-09-27
"735:Oil (vegetable, packaged):2025-12-15",2025-12-15,Androy,Tsihombe,Tsihombe,735,"Oil (vegetable, packaged)",L,Retail,MGA,9000,1.99,1990000,https://data.humdata.org/dataset/wfp-food-prices-for-madagascar,2026-09-27
10148:Rice (imported):2026-01-15,2026-01-15,Androy,Ambovombe-Androy,Ambohimalaza,10148,Rice (imported),KG,Retail,MGA,2800,0.6,600000,https://data.humdata.org/dataset/wfp-food-prices-for-madagascar,2026-09-27
10148:Rice (local):2026-01-15,2026-01-15,Androy,Ambovombe-Androy,Ambohimalaza,10148,Rice (local),KG,Retail,MGA,2800,0.6,600000,https://data.humdata.org/dataset/wfp-food-prices-for-madagascar,2026-09-27
9096:Rice (imported):2026-01-15,2026-01-15,Androy,Ambovombe-Androy,Ambonaivo,9096,Rice (imported),KG,Retail,MGA,2800,0.6,600000,https://data.humdata.org/dataset/wfp-food-prices-for-madagascar,2026-09-27
9096:Rice (local):2026-01-15,2026-01-15,Androy,Ambovombe-Androy,Ambonaivo,9096,Rice (local),KG,Retail,MGA,2800,0.6,600000,https://data.humdata.org/dataset/wfp-food-prices-for-madagascar,2026-09-27
4643:Rice (imported):2026-01-15,2026-01-15,Androy,Ambovombe-Androy,Ambondro,4643,Rice (imported),KG,Retail,MGA,2625,0.56,560000,https://data.humdata.org/dataset/wfp-food-prices-for-madagascar,2026-09-27
4643:Rice (local):2026-01-15,2026-01-15,Androy,Ambovombe-Androy,Ambondro,4643,Rice (local),KG,Retail,MGA,2625,0.56,560000,https://data.humdata.org/dataset/wfp-food-prices-for-madagascar,2026-09-27
"4643:Oil (vegetable, packaged):2026-01-15",2026-01-15,Androy,Ambovombe-Androy,Ambondro,4643,"Oil (vegetable, packaged)",L,Retail,MGA,12000,2.58,2580000,https://data.humdata.org/dataset/wfp-food-prices-for-madagascar,2026-09-27
736:Rice (imported):2026-01-15,2026-01-15,Androy,Ambovombe-Androy,Ambovombe-androy,736,Rice (imported),KG,Retail,MGA,2625,0.56,560000,https://data.humdata.org/dataset/wfp-food-prices-for-madagascar,2026-09-27
736:Rice (local):2026-01-15,2026-01-15,Androy,Ambovombe-Androy,Ambovombe-androy,736,Rice (local),KG,Retail,MGA,2625,0.56,560000,https://data.humdata.org/dataset/wfp-food-prices-for-madagascar,2026-09-27
"736:Oil (vegetable, packaged):2026-01-15",2026-01-15,Androy,Ambovombe-Androy,Ambovombe-androy,736,"Oil (vegetable, packaged)",L,Retail,MGA,12000,2.58,2580000,https://data.humdata.org/dataset/wfp-food-prices-for-madagascar,2026-09-27
6557:Rice (imported):2026-01-15,2026-01-15,Androy,Ambovombe-Androy,Ampamata,6557,Rice (imported),KG,Retail,MGA,2800,0.6,600000,https://data.humdata.org/dataset/wfp-food-prices-for-madagascar,2026-09-27
6557:Rice (local):2026-01-15,2026-01-15,Androy,Ambovombe-Androy,Ampamata,6557,Rice (local),KG,Retail,MGA,2800,0.6,600000,https://data.humdata.org/dataset/wfp-food-prices-for-madagascar,2026-09-27
"6557:Oil (vegetable, packaged):2026-01-15",2026-01-15,Androy,Ambovombe-Androy,Ampamata,6557,"Oil (vegetable, packaged)",L,Retail,MGA,12000,2.58,2580000,https://data.humdata.org/dataset/wfp-food-prices-for-madagascar,2026-09-27
4972:Rice (imported):2026-01-15,2026-01-15,Androy,Ambovombe-Androy,Andalatanosy,4972,Rice (imported),KG,Retail,MGA,2800,0.6,600000,https://data.humdata.org/dataset/wfp-food-prices-for-madagascar,2026-09-27
4972:Rice (local):2026-01-15,2026-01-15,Androy,Ambovombe-Androy,Andalatanosy,4972,Rice (local),KG,Retail,MGA,2800,0.6,600000,https://data.humdata.org/dataset/wfp-food-prices-for-madagascar,2026-09-27
"4972:Oil (vegetable, packaged):2026-01-15",2026-01-15,Androy,Ambovombe-Androy,Andalatanosy,4972,"Oil (vegetable, packaged)",L,Retail,MGA,12000,2.58,2580000,https://data.humdata.org/dataset/wfp-food-prices-for-madagascar,2026-09-27
10836:Rice (imported):2026-01-15,2026-01-15,Androy,Ambovombe-Androy,Anjeky Ankilikira,10836,Rice (imported),KG,Retail,MGA,2800,0.6,600000,https://data.humdata.org/dataset/wfp-food-prices-for-madagascar,2026-09-27
10836:Rice (local):2026-01-15,2026-01-15,Androy,Ambovombe-Androy,Anjeky Ankilikira,10836,Rice (local),KG,Retail,MGA,2800,0.6,600000,https://data.humdata.org/dataset/wfp-food-prices-for-madagascar,2026-09-27
4644:Rice (imported):2026-01-15,2026-01-15,Androy,Ambovombe-Androy,Antanimora Atsimo,4644,Rice (imported),KG,Retail,MGA,2625,0.56,560000,https://data.humdata.org/dataset/wfp-food-prices-for-madagascar,2026-09-27
4644:Rice (local):2026-01-15,2026-01-15,Androy,Ambovombe-Androy,Antanimora Atsimo,4644,Rice (local),KG,Retail,MGA,2625,0.56,560000,https://data.humdata.org/dataset/wfp-food-prices-for-madagascar,2026-09-27
6558:Rice (imported):2026-01-15,2026-01-15,Androy,Ambovombe-Androy,Imanombo,6558,Rice (imported),KG,Retail,MGA,2800,0.6,600000,https://data.humdata.org/dataset/wfp-food-prices-for-madagascar,2026-09-27
6558:Rice (local):2026-01-15,2026-01-15,Androy,Ambovombe-Androy,Imanombo,6558,Rice (local),KG,Retail,MGA,2800,0.6,600000,https://data.humdata.org/dataset/wfp-food-prices-for-madagascar,2026-09-27
6559:Rice (imported):2026-01-15,2026-01-15,Androy,Ambovombe-Androy,Jafaro,6559,Rice (imported),KG,Retail,MGA,2800,0.6,600000,https://data.humdata.org/dataset/wfp-food-prices-for-madagascar,2026-09-27
6559:Rice (local):2026-01-15,2026-01-15,Androy,Ambovombe-Androy,Jafaro,6559,Rice (local),KG,Retail,MGA,2800,0.6,600000,https://data.humdata.org/dataset/wfp-food-prices-for-madagascar,2026-09-27
7207:Rice (imported):2026-01-15,2026-01-15,Androy,Ambovombe-Androy,Maroalopoty,7207,Rice (imported),KG,Retail,MGA,2450,0.53,530000,https://data.humdata.org/dataset/wfp-food-prices-for-madagascar,2026-09-27
7207:Rice (local):2026-01-15,2026-01-15,Androy,Ambovombe-Androy,Maroalopoty,7207,Rice (local),KG,Retail,MGA,2625,0.56,560000,https://data.humdata.org/dataset/wfp-food-prices-for-madagascar,2026-09-27
10837:Rice (imported):2026-01-15,2026-01-15,Androy,Ambovombe-Androy,Sihanamaro,10837,Rice (imported),KG,Retail,MGA,2800,0.6,600000,https://data.humdata.org/dataset/wfp-food-prices-for-madagascar,2026-09-27
10837:Rice (local):2026-01-15,2026-01-15,Androy,Ambovombe-Androy,Sihanamaro,10837,Rice (local),KG,Retail,MGA,2800,0.6,600000,https://data.humdata.org/dataset/wfp-food-prices-for-madagascar,2026-09-27
"10837:Oil (vegetable, packaged):2026-01-15",2026-01-15,Androy,Ambovombe-Androy,Sihanamaro,10837,"Oil (vegetable, packaged)",L,Retail,MGA,12000,2.58,2580000,https://data.humdata.org/dataset/wfp-food-prices-for-madagascar,2026-09-27
735:Rice (imported):2026-01-15,2026-01-15,Androy,Tsihombe,Tsihombe,735,Rice (imported),KG,Retail,MGA,3500,0.75,750000,https://data.humdata.org/dataset/wfp-food-prices-for-madagascar,2026-09-27
735:Rice (local):2026-01-15,2026-01-15,Androy,Tsihombe,Tsihombe,735,Rice (local),KG,Retail,MGA,3500,0.75,750000,https://data.humdata.org/dataset/wfp-food-prices-for-madagascar,2026-09-27
"735:Oil (vegetable, packaged):2026-01-15",2026-01-15,Androy,Tsihombe,Tsihombe,735,"Oil (vegetable, packaged)",L,Retail,MGA,9000,1.93,1930000,https://data.humdata.org/dataset/wfp-food-prices-for-madagascar,2026-09-27
9105:Rice (imported):2026-02-15,2026-02-15,Androy,Ambovombe-Androy,Ambanisarika,9105,Rice (imported),KG,Retail,MGA,2800,0.64,640000,https://data.humdata.org/dataset/wfp-food-prices-for-madagascar,2026-09-27
"9105:Oil (vegetable, packaged):2026-02-15",2026-02-15,Androy,Ambovombe-Androy,Ambanisarika,9105,"Oil (vegetable, packaged)",L,Retail,MGA,10000,2.29,2290000,https://data.humdata.org/dataset/wfp-food-prices-for-madagascar,2026-09-27
"9105:Beans (niebe, red):2026-02-15",2026-02-15,Androy,Ambovombe-Androy,Ambanisarika,9105,"Beans (niebe, red)",KG,Retail,MGA,2800,0.64,640000,https://data.humdata.org/dataset/wfp-food-prices-for-madagascar,2026-09-27
10835:Rice (imported):2026-02-15,2026-02-15,Androy,Ambovombe-Androy,Ambazoa,10835,Rice (imported),KG,Retail,MGA,2800,0.64,640000,https://data.humdata.org/dataset/wfp-food-prices-for-madagascar,2026-09-27
10835:Rice (local):2026-02-15,2026-02-15,Androy,Ambovombe-Androy,Ambazoa,10835,Rice (local),KG,Retail,MGA,2625,0.6,600000,https://data.humdata.org/dataset/wfp-food-prices-for-madagascar,2026-09-27
"10835:Oil (vegetable, packaged):2026-02-15",2026-02-15,Androy,Ambovombe-Androy,Ambazoa,10835,"Oil (vegetable, packaged)",L,Retail,MGA,10000,2.29,2290000,https://data.humdata.org/dataset/wfp-food-prices-for-madagascar,2026-09-27
"10835:Beans (niebe, red):2026-02-15",2026-02-15,Androy,Ambovombe-Androy,Ambazoa,10835,"Beans (niebe, red)",KG,Retail,MGA,3200,0.73,730000,https://data.humdata.org/dataset/wfp-food-prices-for-madagascar,2026-09-27
10148:Rice (imported):2026-02-15,2026-02-15,Androy,Ambovombe-Androy,Ambohimalaza,10148,Rice (imported),KG,Retail,MGA,3325,0.76,760000,https://data.humdata.org/dataset/wfp-food-prices-for-madagascar,2026-09-27
"10148:Oil (vegetable, packaged):2026-02-15",2026-02-15,Androy,Ambovombe-Androy,Ambohimalaza,10148,"Oil (vegetable, packaged)",L,Retail,MGA,11500,2.63,2630000,https://data.humdata.org/dataset/wfp-food-prices-for-madagascar,2026-09-27
"10148:Beans (niebe, red):2026-02-15",2026-02-15,Androy,Ambovombe-Androy,Ambohimalaza,10148,"Beans (niebe, red)",KG,Retail,MGA,2400,0.55,550000,https://data.humdata.org/dataset/wfp-food-prices-for-madagascar,2026-09-27
9096:Rice (imported):2026-02-15,2026-02-15,Androy,Ambovombe-Androy,Ambonaivo,9096,Rice (imported),KG,Retail,MGA,2712.5,0.62,620000,https://data.humdata.org/dataset/wfp-food-prices-for-madagascar,2026-09-27
9096:Rice (local):2026-02-15,2026-02-15,Androy,Ambovombe-Androy,Ambonaivo,9096,Rice (local),KG,Retail,MGA,3500,0.8,800000,https://data.humdata.org/dataset/wfp-food-prices-for-madagascar,2026-09-27
"9096:Oil (vegetable, packaged):2026-02-15",2026-02-15,Androy,Ambovombe-Androy,Ambonaivo,9096,"Oil (vegetable, packaged)",L,Retail,MGA,10000,2.29,2290000,https://data.humdata.org/dataset/wfp-food-prices-for-madagascar,2026-09-27
"9096:Beans (niebe, red):2026-02-15",2026-02-15,Androy,Ambovombe-Androy,Ambonaivo,9096,"Beans (niebe, red)",KG,Retail,MGA,2600,0.59,590000,https://data.humdata.org/dataset/wfp-food-prices-for-madagascar,2026-09-27
4643:Rice (imported):2026-02-15,2026-02-15,Androy,Ambovombe-Androy,Ambondro,4643,Rice (imported),KG,Retail,MGA,2712.5,0.62,620000,https://data.humdata.org/dataset/wfp-food-prices-for-madagascar,2026-09-27
"4643:Oil (vegetable, packaged):2026-02-15",2026-02-15,Androy,Ambovombe-Androy,Ambondro,4643,"Oil (vegetable, packaged)",L,Retail,MGA,10000,2.29,2290000,https://data.humdata.org/dataset/wfp-food-prices-for-madagascar,2026-09-27
"4643:Beans (niebe, red):2026-02-15",2026-02-15,Androy,Ambovombe-Androy,Ambondro,4643,"Beans (niebe, red)",KG,Retail,MGA,2600,0.59,590000,https://data.humdata.org/dataset/wfp-food-prices-for-madagascar,2026-09-27
736:Rice (imported):2026-02-15,2026-02-15,Androy,Ambovombe-Androy,Ambovombe-androy,736,Rice (imported),KG,Retail,MGA,2537.5,0.58,580000,https://data.humdata.org/dataset/wfp-food-prices-for-madagascar,2026-09-27
736:Rice (local):2026-02-15,2026-02-15,Androy,Ambovombe-Androy,Ambovombe-androy,736,Rice (local),KG,Retail,MGA,3500,0.8,800000,https://data.humdata.org/dataset/wfp-food-prices-for-madagascar,2026-09-27
"736:Oil (vegetable, packaged):2026-02-15",2026-02-15,Androy,Ambovombe-Androy,Ambovombe-androy,736,"Oil (vegetable, packaged)",L,Retail,MGA,10000,2.29,2290000,https://data.humdata.org/dataset/wfp-food-prices-for-madagascar,2026-09-27
"736:Beans (niebe, red):2026-02-15",2026-02-15,Androy,Ambovombe-Androy,Ambovombe-androy,736,"Beans (niebe, red)",KG,Retail,MGA,2400,0.55,550000,https://data.humdata.org/dataset/wfp-food-prices-for-madagascar,2026-09-27
6557:Rice (imported):2026-02-15,2026-02-15,Androy,Ambovombe-Androy,Ampamata,6557,Rice (imported),KG,Retail,MGA,2975,0.68,680000,https://data.humdata.org/dataset/wfp-food-prices-for-madagascar,2026-09-27
"6557:Oil (vegetable, packaged):2026-02-15",2026-02-15,Androy,Ambovombe-Androy,Ampamata,6557,"Oil (vegetable, packaged)",L,Retail,MGA,11500,2.63,2630000,https://data.humdata.org/dataset/wfp-food-prices-for-madagascar,2026-09-27
"6557:Beans (niebe, red):2026-02-15",2026-02-15,Androy,Ambovombe-Androy,Ampamata,6557,"Beans (niebe, red)",KG,Retail,MGA,2000,0.46,460000,https://data.humdata.org/dataset/wfp-food-prices-for-madagascar,2026-09-27
4972:Rice (imported):2026-02-15,2026-02-15,Androy,Ambovombe-Androy,Andalatanosy,4972,Rice (imported),KG,Retail,MGA,2800,0.64,640000,https://data.humdata.org/dataset/wfp-food-prices-for-madagascar,2026-09-27
4972:Rice (local):2026-02-15,2026-02-15,Androy,Ambovombe-Androy,Andalatanosy,4972,Rice (local),KG,Retail,MGA,3150,0.72,720000,https://data.humdata.org/dataset/wfp-food-prices-for-madagascar,2026-09-27
"4972:Oil (vegetable, packaged):2026-02-15",2026-02-15,Androy,Ambovombe-Androy,Andalatanosy,4972,"Oil (vegetable, packaged)",L,Retail,MGA,11500,2.63,2630000,https://data.humdata.org/dataset/wfp-food-prices-for-madagascar,2026-09-27
"4972:Beans (niebe, red):2026-02-15",2026-02-15,Androy,Ambovombe-Androy,Andalatanosy,4972,"Beans (niebe, red)",KG,Retail,MGA,2000,0.46,460000,https://data.humdata.org/dataset/wfp-food-prices-for-madagascar,2026-09-27
9104:Rice (imported):2026-02-15,2026-02-15,Androy,Ambovombe-Androy,Andragnanivo,9104,Rice (imported),KG,Retail,MGA,2800,0.64,640000,https://data.humdata.org/dataset/wfp-food-prices-for-madagascar,2026-09-27
9104:Rice (local):2026-02-15,2026-02-15,Androy,Ambovombe-Androy,Andragnanivo,9104,Rice (local),KG,Retail,MGA,2800,0.64,640000,https://data.humdata.org/dataset/wfp-food-prices-for-madagascar,2026-09-27
"9104:Oil (vegetable, packaged):2026-02-15",2026-02-15,Androy,Ambovombe-Androy,Andragnanivo,9104,"Oil (vegetable, packaged)",L,Retail,MGA,10000,2.29,2290000,https://data.humdata.org/dataset/wfp-food-prices-for-madagascar,2026-09-27
"9104:Beans (niebe, red):2026-02-15",2026-02-15,Androy,Ambovombe-Androy,Andragnanivo,9104,"Beans (niebe, red)",KG,Retail,MGA,2000,0.46,460000,https://data.humdata.org/dataset/wfp-food-prices-for-madagascar,2026-09-27
10836:Rice (imported):2026-02-15,2026-02-15,Androy,Ambovombe-Androy,Anjeky Ankilikira,10836,Rice (imported),KG,Retail,MGA,2508.33,0.57,570000,https://data.humdata.org/dataset/wfp-food-prices-for-madagascar,2026-09-27
"10836:Oil (vegetable, packaged):2026-02-15",2026-02-15,Androy,Ambovombe-Androy,Anjeky Ankilikira,10836,"Oil (vegetable, packaged)",L,Retail,MGA,10666.67,2.44,2440000,https://data.humdata.org/dataset/wfp-food-prices-for-madagascar,2026-09-27
"10836:Beans (niebe, red):2026-02-15",2026-02-15,Androy,Ambovombe-Androy,Anjeky Ankilikira,10836,"Beans (niebe, red)",KG,Retail,MGA,2800,0.64,640000,https://data.humdata.org/dataset/wfp-food-prices-for-madagascar,2026-09-27
4644:Rice (imported):2026-02-15,2026-02-15,Androy,Ambovombe-Androy,Antanimora Atsimo,4644,Rice (imported),KG,Retail,MGA,2800,0.64,640000,https://data.humdata.org/dataset/wfp-food-prices-for-madagascar,2026-09-27
4644:Rice (local):2026-02-15,2026-02-15,Androy,Ambovombe-Androy,Antanimora Atsimo,4644,Rice (local),KG,Retail,MGA,2800,0.64,640000,https://data.humdata.org/dataset/wfp-food-prices-for-madagascar,2026-09-27
"4644:Oil (vegetable, packaged):2026-02-15",2026-02-15,Androy,Ambovombe-Androy,Antanimora Atsimo,4644,"Oil (vegetable, packaged)",L,Retail,MGA,10000,2.29,2290000,https://data.humdata.org/dataset/wfp-food-prices-for-madagascar,2026-09-27
"4644:Beans (niebe, red):2026-02-15",2026-02-15,Androy,Ambovombe-Androy,Antanimora Atsimo,4644,"Beans (niebe, red)",KG,Retail,MGA,2200,0.5,500000,https://data.humdata.org/dataset/wfp-food-prices-for-madagascar,2026-09-27
9097:Rice (imported):2026-02-15,2026-02-15,Androy,Ambovombe-Androy,Erada,9097,Rice (imported),KG,Retail,MGA,2800,0.64,640000,https://data.humdata.org/dataset/wfp-food-prices-for-madagascar,2026-09-27
9097:Rice (local):2026-02-15,2026-02-15,Androy,Ambovombe-Androy,Erada,9097,Rice (local),KG,Retail,MGA,2625,0.6,600000,https://data.humdata.org/dataset/wfp-food-prices-for-madagascar,2026-09-27
"9097:Oil (vegetable, packaged):2026-02-15",2026-02-15,Androy,Ambovombe-Androy,Erada,9097,"Oil (vegetable, packaged)",L,Retail,MGA,10000,2.29,2290000,https://data.humdata.org/dataset/wfp-food-prices-for-madagascar,2026-09-27
"9097:Beans (niebe, red):2026-02-15",2026-02-15,Androy,Ambovombe-Androy,Erada,9097,"Beans (niebe, red)",KG,Retail,MGA,2600,0.59,590000,https://data.humdata.org/dataset/wfp-food-prices-for-madagascar,2026-09-27
6558:Rice (imported):2026-02-15,2026-02-15,Androy,Ambovombe-Androy,Imanombo,6558,Rice (imported),KG,Retail,MGA,3500,0.8,800000,https://data.humdata.org/dataset/wfp-food-prices-for-madagascar,2026-09-27
6558:Rice (local):2026-02-15,2026-02-15,Androy,Ambovombe-Androy,Imanombo,6558,Rice (local),KG,Retail,MGA,3500,0.8,800000,https://data.humdata.org/dataset/wfp-food-prices-for-madagascar,2026-09-27
"6558:Oil (vegetable, packaged):2026-02-15",2026-02-15,Androy,Ambovombe-Androy,Imanombo,6558,"Oil (vegetable, packaged)",L,Retail,MGA,12500,2.86,2860000,https://data.humdata.org/dataset/wfp-food-prices-for-madagascar,2026-09-27
"6558:Beans (niebe, red):2026-02-15",2026-02-15,Androy,Ambovombe-Androy,Imanombo,6558,"Beans (niebe, red)",KG,Retail,MGA,2800,0.64,640000,https://data.humdata.org/dataset/wfp-food-prices-for-madagascar,2026-09-27
6559:Rice (imported):2026-02-15,2026-02-15,Androy,Ambovombe-Androy,Jafaro,6559,Rice (imported),KG,Retail,MGA,2975,0.68,680000,https://data.humdata.org/dataset/wfp-food-prices-for-madagascar,2026-09-27
"6559:Oil (vegetable, packaged):2026-02-15",2026-02-15,Androy,Ambovombe-Androy,Jafaro,6559,"Oil (vegetable, packaged)",L,Retail,MGA,10000,2.29,2290000,https://data.humdata.org/dataset/wfp-food-prices-for-madagascar,2026-09-27
"6559:Beans (niebe, red):2026-02-15",2026-02-15,Androy,Ambovombe-Androy,Jafaro,6559,"Beans (niebe, red)",KG,Retail,MGA,2400,0.55,550000,https://data.humdata.org/dataset/wfp-food-prices-for-madagascar,2026-09-27
7537:Rice (imported):2026-02-15,2026-02-15,Androy,Ambovombe-Androy,Maroalomainty,7537,Rice (imported),KG,Retail,MGA,2712.5,0.62,620000,https://data.humdata.org/dataset/wfp-food-prices-for-madagascar,2026-09-27
"7537:Oil (vegetable, packaged):2026-02-15",2026-02-15,Androy,Ambovombe-Androy,Maroalomainty,7537,"Oil (vegetable, packaged)",L,Retail,MGA,10000,2.29,2290000,https://data.humdata.org/dataset/wfp-food-prices-for-madagascar,2026-09-27
"7537:Beans (niebe, red):2026-02-15",2026-02-15,Androy,Ambovombe-Androy,Maroalomainty,7537,"Beans (niebe, red)",KG,Retail,MGA,2400,0.55,550000,https://data.humdata.org/dataset/wfp-food-prices-for-madagascar,2026-09-27
7207:Rice (imported):2026-02-15,2026-02-15,Androy,Ambovombe-Androy,Maroalopoty,7207,Rice (imported),KG,Retail,MGA,2712.5,0.62,620000,https://data.humdata.org/dataset/wfp-food-prices-for-madagascar,2026-09-27
"7207:Oil (vegetable, packaged):2026-02-15",2026-02-15,Androy,Ambovombe-Androy,Maroalopoty,7207,"Oil (vegetable, packaged)",L,Retail,MGA,10000,2.29,2290000,https://data.humdata.org/dataset/wfp-food-prices-for-madagascar,2026-09-27
"7207:Beans (niebe, red):2026-02-15",2026-02-15,Androy,Ambovombe-Androy,Maroalopoty,7207,"Beans (niebe, red)",KG,Retail,MGA,2400,0.55,550000,https://data.humdata.org/dataset/wfp-food-prices-for-madagascar,2026-09-27
10837:Rice (imported):2026-02-15,2026-02-15,Androy,Ambovombe-Androy,Sihanamaro,10837,Rice (imported),KG,Retail,MGA,2712.5,0.62,620000,https://data.humdata.org/dataset/wfp-food-prices-for-madagascar,2026-09-27
"10837:Oil (vegetable, packaged):2026-02-15",2026-02-15,Androy,Ambovombe-Androy,Sihanamaro,10837,"Oil (vegetable, packaged)",L,Retail,MGA,10000,2.29,2290000,https://data.humdata.org/dataset/wfp-food-prices-for-madagascar,2026-09-27
"10837:Beans (niebe, red):2026-02-15",2026-02-15,Androy,Ambovombe-Androy,Sihanamaro,10837,"Beans (niebe, red)",KG,Retail,MGA,2200,0.5,500000,https://data.humdata.org/dataset/wfp-food-prices-for-madagascar,2026-09-27
10149:Rice (imported):2026-02-15,2026-02-15,Androy,Ambovombe-Androy,Soatsifa,10149,Rice (imported),KG,Retail,MGA,2625,0.6,600000,https://data.humdata.org/dataset/wfp-food-prices-for-madagascar,2026-09-27
"10149:Oil (vegetable, packaged):2026-02-15",2026-02-15,Androy,Ambovombe-Androy,Soatsifa,10149,"Oil (vegetable, packaged)",L,Retail,MGA,10000,2.29,2290000,https://data.humdata.org/dataset/wfp-food-prices-for-madagascar,2026-09-27
"10149:Beans (niebe, red):2026-02-15",2026-02-15,Androy,Ambovombe-Androy,Soatsifa,10149,"Beans (niebe, red)",KG,Retail,MGA,2400,0.55,550000,https://data.humdata.org/dataset/wfp-food-prices-for-madagascar,2026-09-27
10838:Rice (imported):2026-02-15,2026-02-15,Androy,Ambovombe-Androy,Tsimananada,10838,Rice (imported),KG,Retail,MGA,2712.5,0.62,620000,https://data.humdata.org/dataset/wfp-food-prices-for-madagascar,2026-09-27
"10838:Oil (vegetable, packaged):2026-02-15",2026-02-15,Androy,Ambovombe-Androy,Tsimananada,10838,"Oil (vegetable, packaged)",L,Retail,MGA,10000,2.29,2290000,https://data.humdata.org/dataset/wfp-food-prices-for-madagascar,2026-09-27
"10838:Beans (niebe, red):2026-02-15",2026-02-15,Androy,Ambovombe-Androy,Tsimananada,10838,"Beans (niebe, red)",KG,Retail,MGA,2400,0.55,550000,https://data.humdata.org/dataset/wfp-food-prices-for-madagascar,2026-09-27
10153:Rice (imported):2026-02-15,2026-02-15,Androy,Beloha,Ambatotsivala,10153,Rice (imported),KG,Retail,MGA,2712.5,0.62,620000,https://data.humdata.org/dataset/wfp-food-prices-for-madagascar,2026-09-27
10153:Rice (local):2026-02-15,2026-02-15,Androy,Beloha,Ambatotsivala,10153,Rice (local),KG,Retail,MGA,3325,0.76,760000,https://data.humdata.org/dataset/wfp-food-prices-for-madagascar,2026-09-27
"10153:Oil (vegetable, packaged):2026-02-15",2026-02-15,Androy,Beloha,Ambatotsivala,10153,"Oil (vegetable, packaged)",L,Retail,MGA,10000,2.29,2290000,https://data.humdata.org/dataset/wfp-food-prices-for-madagascar,2026-09-27
"10153:Beans (niebe, red):2026-02-15",2026-02-15,Androy,Beloha,Ambatotsivala,10153,"Beans (niebe, red)",KG,Retail,MGA,2800,0.64,640000,https://data.humdata.org/dataset/wfp-food-prices-for-madagascar,2026-09-27
10910:Rice (imported):2026-02-15,2026-02-15,Androy,Beloha,Behabobo,10910,Rice (imported),KG,Retail,MGA,2712.5,0.62,620000,https://data.humdata.org/dataset/wfp-food-prices-for-madagascar,2026-09-27
10910:Rice (local):2026-02-15,2026-02-15,Androy,Beloha,Behabobo,10910,Rice (local),KG,Retail,MGA,3325,0.76,760000,https://data.humdata.org/dataset/wfp-food-prices-for-madagascar,2026-09-27
"10910:Oil (vegetable, packaged):2026-02-15",2026-02-15,Androy,Beloha,Behabobo,10910,"Oil (vegetable, packaged)",L,Retail,MGA,10000,2.29,2290000,https://data.humdata.org/dataset/wfp-food-prices-for-madagascar,2026-09-27
"10910:Beans (niebe, red):2026-02-15",2026-02-15,Androy,Beloha,Behabobo,10910,"Beans (niebe, red)",KG,Retail,MGA,2800,0.64,640000,https://data.humdata.org/dataset/wfp-food-prices-for-madagascar,2026-09-27
734:Rice (imported):2026-02-15,2026-02-15,Androy,Beloha,Beloha,734,Rice (imported),KG,Retail,MGA,2712.5,0.62,620000,https://data.humdata.org/dataset/wfp-food-prices-for-madagascar,2026-09-27
734:Rice (local):2026-02-15,2026-02-15,Androy,Beloha,Beloha,734,Rice (local),KG,Retail,MGA,3150,0.72,720000,https://data.humdata.org/dataset/wfp-food-prices-for-madagascar,2026-09-27
"734:Oil (vegetable, packaged):2026-02-15",2026-02-15,Androy,Beloha,Beloha,734,"Oil (vegetable, packaged)",L,Retail,MGA,10000,2.29,2290000,https://data.humdata.org/dataset/wfp-food-prices-for-madagascar,2026-09-27
"734:Beans (niebe, red):2026-02-15",2026-02-15,Androy,Beloha,Beloha,734,"Beans (niebe, red)",KG,Retail,MGA,3200,0.73,730000,https://data.humdata.org/dataset/wfp-food-prices-for-madagascar,2026-09-27
10911:Rice (imported):2026-02-15,2026-02-15,Androy,Beloha,Kopoky,10911,Rice (imported),KG,Retail,MGA,2712.5,0.62,620000,https://data.humdata.org/dataset/wfp-food-prices-for-madagascar,2026-09-27
"10911:Oil (vegetable, packaged):2026-02-15",2026-02-15,Androy,Beloha,Kopoky,10911,"Oil (vegetable, packaged)",L,Retail,MGA,10000,2.29,2290000,https://data.humdata.org/dataset/wfp-food-prices-for-madagascar,2026-09-27
"10911:Beans (niebe, red):2026-02-15",2026-02-15,Androy,Beloha,Kopoky,10911,"Beans (niebe, red)",KG,Retail,MGA,3000,0.69,690000,https://data.humdata.org/dataset/wfp-food-prices-for-madagascar,2026-09-27
6859:Rice (imported):2026-02-15,2026-02-15,Androy,Beloha,Mahahegne,6859,Rice (imported),KG,Retail,MGA,2683.33,0.61,610000,https://data.humdata.org/dataset/wfp-food-prices-for-madagascar,2026-09-27
"6859:Oil (vegetable, packaged):2026-02-15",2026-02-15,Androy,Beloha,Mahahegne,6859,"Oil (vegetable, packaged)",L,Retail,MGA,10000,2.29,2290000,https://data.humdata.org/dataset/wfp-food-prices-for-madagascar,2026-09-27
"6859:Beans (niebe, red):2026-02-15",2026-02-15,Androy,Beloha,Mahahegne,6859,"Beans (niebe, red)",KG,Retail,MGA,2933.33,0.67,670000,https://data.humdata.org/dataset/wfp-food-prices-for-madagascar,2026-09-27
6863:Rice (imported):2026-02-15,2026-02-15,Androy,Beloha,Marolinta,6863,Rice (imported),KG,Retail,MGA,2683.33,0.61,610000,https://data.humdata.org/dataset/wfp-food-prices-for-madagascar,2026-09-27
"6863:Oil (vegetable, packaged):2026-02-15",2026-02-15,Androy,Beloha,Marolinta,6863,"Oil (vegetable, packaged)",L,Retail,MGA,10000,2.29,2290000,https://data.humdata.org/dataset/wfp-food-prices-for-madagascar,2026-09-27
"6863:Beans (niebe, red):2026-02-15",2026-02-15,Androy,Beloha,Marolinta,6863,"Beans (niebe, red)",KG,Retail,MGA,3200,0.73,730000,https://data.humdata.org/dataset/wfp-food-prices-for-madagascar,2026-09-27
11281:Rice (imported):2026-02-15,2026-02-15,Androy,Beloha,Soamagnitse,11281,Rice (imported),KG,Retail,MGA,2712.5,0.62,620000,https://data.humdata.org/dataset/wfp-food-prices-for-madagascar,2026-09-27
"11281:Oil (vegetable, packaged):2026-02-15",2026-02-15,Androy,Beloha,Soamagnitse,11281,"Oil (vegetable, packaged)",L,Retail,MGA,10000,2.29,2290000,https://data.humdata.org/dataset/wfp-food-prices-for-madagascar,2026-09-27
"11281:Beans (niebe, red):2026-02-15",2026-02-15,Androy,Beloha,Soamagnitse,11281,"Beans (niebe, red)",KG,Retail,MGA,3200,0.73,730000,https://data.humdata.org/dataset/wfp-food-prices-for-madagascar,2026-09-27
4641:Rice (imported):2026-02-15,2026-02-15,Androy,Beloha,Tranoroa,4641,Rice (imported),KG,Retail,MGA,2712.5,0.62,620000,https://data.humdata.org/dataset/wfp-food-prices-for-madagascar,2026-09-27
"4641:Oil (vegetable, packaged):2026-02-15",2026-02-15,Androy,Beloha,Tranoroa,4641,"Oil (vegetable, packaged)",L,Retail,MGA,10000,2.29,2290000,https://data.humdata.org/dataset/wfp-food-prices-for-madagascar,2026-09-27
"4641:Beans (niebe, red):2026-02-15",2026-02-15,Androy,Beloha,Tranoroa,4641,"Beans (niebe, red)",KG,Retail,MGA,3200,0.73,730000,https://data.humdata.org/dataset/wfp-food-prices-for-madagascar,2026-09-27
6866:Rice (imported):2026-02-15,2026-02-15,Androy,Beloha,Tranovaho,6866,Rice (imported),KG,Retail,MGA,2683.33,0.61,610000,https://data.humdata.org/dataset/wfp-food-prices-for-madagascar,2026-09-27
"6866:Oil (vegetable, packaged):2026-02-15",2026-02-15,Androy,Beloha,Tranovaho,6866,"Oil (vegetable, packaged)",L,Retail,MGA,10000,2.29,2290000,https://data.humdata.org/dataset/wfp-food-prices-for-madagascar,2026-09-27
"6866:Beans (niebe, red):2026-02-15",2026-02-15,Androy,Beloha,Tranovaho,6866,"Beans (niebe, red)",KG,Retail,MGA,3200,0.73,730000,https://data.humdata.org/dataset/wfp-food-prices-for-madagascar,2026-09-27
9105:Rice (imported):2026-03-15,2026-03-15,Androy,Ambovombe-Androy,Ambanisarika,9105,Rice (imported),KG,Retail,MGA,2450,0.59,590000,https://data.humdata.org/dataset/wfp-food-prices-for-madagascar,2026-09-27
"9105:Oil (vegetable, packaged):2026-03-15",2026-03-15,Androy,Ambovombe-Androy,Ambanisarika,9105,"Oil (vegetable, packaged)",L,Retail,MGA,10000,2.41,2410000,https://data.humdata.org/dataset/wfp-food-prices-for-madagascar,2026-09-27
"9105:Beans (niebe, red):2026-03-15",2026-03-15,Androy,Ambovombe-Androy,Ambanisarika,9105,"Beans (niebe, red)",KG,Retail,MGA,2000,0.48,480000,https://data.humdata.org/dataset/wfp-food-prices-for-madagascar,2026-09-27
10835:Rice (imported):2026-03-15,2026-03-15,Androy,Ambovombe-Androy,Ambazoa,10835,Rice (imported),KG,Retail,MGA,2450,0.59,590000,https://data.humdata.org/dataset/wfp-food-prices-for-madagascar,2026-09-27
"10835:Oil (vegetable, packaged):2026-03-15",2026-03-15,Androy,Ambovombe-Androy,Ambazoa,10835,"Oil (vegetable, packaged)",L,Retail,MGA,10000,2.41,2410000,https://data.humdata.org/dataset/wfp-food-prices-for-madagascar,2026-09-27
"10835:Beans (niebe, red):2026-03-15",2026-03-15,Androy,Ambovombe-Androy,Ambazoa,10835,"Beans (niebe, red)",KG,Retail,MGA,3000,0.72,720000,https://data.humdata.org/dataset/wfp-food-prices-for-madagascar,2026-09-27
10148:Rice (imported):2026-03-15,2026-03-15,Androy,Ambovombe-Androy,Ambohimalaza,10148,Rice (imported),KG,Retail,MGA,2450,0.59,590000,https://data.humdata.org/dataset/wfp-food-prices-for-madagascar,2026-09-27
10148:Rice (local):2026-03-15,2026-03-15,Androy,Ambovombe-Androy,Ambohimalaza,10148,Rice (local),KG,Retail,MGA,2800,0.67,670000,https://data.humdata.org/dataset/wfp-food-prices-for-madagascar,2026-09-27
"10148:Oil (vegetable, packaged):2026-03-15",2026-03-15,Androy,Ambovombe-Androy,Ambohimalaza,10148,"Oil (vegetable, packaged)",L,Retail,MGA,10000,2.41,2410000,https://data.humdata.org/dataset/wfp-food-prices-for-madagascar,2026-09-27
"10148:Beans (niebe, red):2026-03-15",2026-03-15,Androy,Ambovombe-Androy,Ambohimalaza,10148,"Beans (niebe, red)",KG,Retail,MGA,2000,0.48,480000,https://data.humdata.org/dataset/wfp-food-prices-for-madagascar,2026-09-27
9096:Rice (imported):2026-03-15,2026-03-15,Androy,Ambovombe-Androy,Ambonaivo,9096,Rice (imported),KG,Retail,MGA,2800,0.67,670000,https://data.humdata.org/dataset/wfp-food-prices-for-madagascar,2026-09-27
"9096:Oil (vegetable, packaged):2026-03-15",2026-03-15,Androy,Ambovombe-Androy,Ambonaivo,9096,"Oil (vegetable, packaged)",L,Retail,MGA,9999,2.41,2410000,https://data.humdata.org/dataset/wfp-food-prices-for-madagascar,2026-09-27
"9096:Beans (niebe, red):2026-03-15",2026-03-15,Androy,Ambovombe-Androy,Ambonaivo,9096,"Beans (niebe, red)",KG,Retail,MGA,2000,0.48,480000,https://data.humdata.org/dataset/wfp-food-prices-for-madagascar,2026-09-27
4643:Rice (imported):2026-03-15,2026-03-15,Androy,Ambovombe-Androy,Ambondro,4643,Rice (imported),KG,Retail,MGA,2800,0.67,670000,https://data.humdata.org/dataset/wfp-food-prices-for-madagascar,2026-09-27
"4643:Oil (vegetable, packaged):2026-03-15",2026-03-15,Androy,Ambovombe-Androy,Ambondro,4643,"Oil (vegetable, packaged)",L,Retail,MGA,10000,2.41,2410000,https://data.humdata.org/dataset/wfp-food-prices-for-madagascar,2026-09-27
"4643:Beans (niebe, red):2026-03-15",2026-03-15,Androy,Ambovombe-Androy,Ambondro,4643,"Beans (niebe, red)",KG,Retail,MGA,2000,0.48,480000,https://data.humdata.org/dataset/wfp-food-prices-for-madagascar,2026-09-27
736:Rice (imported):2026-03-15,2026-03-15,Androy,Ambovombe-Androy,Ambovombe-androy,736,Rice (imported),KG,Retail,MGA,2800,0.67,670000,https://data.humdata.org/dataset/wfp-food-prices-for-madagascar,2026-09-27
736:Rice (local):2026-03-15,2026-03-15,Androy,Ambovombe-Androy,Ambovombe-androy,736,Rice (local),KG,Retail,MGA,3500,0.84,840000,https://data.humdata.org/dataset/wfp-food-prices-for-madagascar,2026-09-27
"736:Oil (vegetable, packaged):2026-03-15",2026-03-15,Androy,Ambovombe-Androy,Ambovombe-androy,736,"Oil (vegetable, packaged)",L,Retail,MGA,11200,2.7,2700000,https://data.humdata.org/dataset/wfp-food-prices-for-madagascar,2026-09-27
"736:Beans (niebe, red):2026-03-15",2026-03-15,Androy,Ambovombe-Androy,Ambovombe-androy,736,"Beans (niebe, red)",KG,Retail,MGA,2000,0.48,480000,https://data.humdata.org/dataset/wfp-food-prices-for-madagascar,2026-09-27
6557:Rice (imported):2026-03-15,2026-03-15,Androy,Ambovombe-Androy,Ampamata,6557,Rice (imported),KG,Retail,MGA,2800,0.67,670000,https://data.humdata.org/dataset/wfp-food-prices-for-madagascar,2026-09-27
"6557:Oil (vegetable, packaged):2026-03-15",2026-03-15,Androy,Ambovombe-Androy,Ampamata,6557,"Oil (vegetable, packaged)",L,Retail,MGA,10000,2.41,2410000,https://data.humdata.org/dataset/wfp-food-prices-for-madagascar,2026-09-27
"6557:Beans (niebe, red):2026-03-15",2026-03-15,Androy,Ambovombe-Androy,Ampamata,6557,"Beans (niebe, red)",KG,Retail,MGA,2000,0.48,480000,https://data.humdata.org/dataset/wfp-food-prices-for-madagascar,2026-09-27
4972:Rice (imported):2026-03-15,2026-03-15,Androy,Ambovombe-Androy,Andalatanosy,4972,Rice (imported),KG,Retail,MGA,2800,0.67,670000,https://data.humdata.org/dataset/wfp-food-prices-for-madagascar,2026-09-27
4972:Rice (local):2026-03-15,2026-03-15,Androy,Ambovombe-Androy,Andalatanosy,4972,Rice (local),KG,Retail,MGA,3500,0.84,840000,https://data.humdata.org/dataset/wfp-food-prices-for-madagascar,2026-09-27
"4972:Oil (vegetable, packaged):2026-03-15",2026-03-15,Androy,Ambovombe-Androy,Andalatanosy,4972,"Oil (vegetable, packaged)",L,Retail,MGA,10000,2.41,2410000,https://data.humdata.org/dataset/wfp-food-prices-for-madagascar,2026-09-27
"4972:Beans (niebe, red):2026-03-15",2026-03-15,Androy,Ambovombe-Androy,Andalatanosy,4972,"Beans (niebe, red)",KG,Retail,MGA,2000,0.48,480000,https://data.humdata.org/dataset/wfp-food-prices-for-madagascar,2026-09-27
10836:Rice (imported):2026-03-15,2026-03-15,Androy,Ambovombe-Androy,Anjeky Ankilikira,10836,Rice (imported),KG,Retail,MGA,2800,0.67,670000,https://data.humdata.org/dataset/wfp-food-prices-for-madagascar,2026-09-27
"10836:Oil (vegetable, packaged):2026-03-15",2026-03-15,Androy,Ambovombe-Androy,Anjeky Ankilikira,10836,"Oil (vegetable, packaged)",L,Retail,MGA,10000,2.41,2410000,https://data.humdata.org/dataset/wfp-food-prices-for-madagascar,2026-09-27
"10836:Beans (niebe, red):2026-03-15",2026-03-15,Androy,Ambovombe-Androy,Anjeky Ankilikira,10836,"Beans (niebe, red)",KG,Retail,MGA,2000,0.48,480000,https://data.humdata.org/dataset/wfp-food-prices-for-madagascar,2026-09-27
4644:Rice (imported):2026-03-15,2026-03-15,Androy,Ambovombe-Androy,Antanimora Atsimo,4644,Rice (imported),KG,Retail,MGA,2800,0.67,670000,https://data.humdata.org/dataset/wfp-food-prices-for-madagascar,2026-09-27
4644:Rice (local):2026-03-15,2026-03-15,Androy,Ambovombe-Androy,Antanimora Atsimo,4644,Rice (local),KG,Retail,MGA,2975,0.72,720000,https://data.humdata.org/dataset/wfp-food-prices-for-madagascar,2026-09-27
"4644:Oil (vegetable, packaged):2026-03-15",2026-03-15,Androy,Ambovombe-Androy,Antanimora Atsimo,4644,"Oil (vegetable, packaged)",L,Retail,MGA,10000,2.41,2410000,https://data.humdata.org/dataset/wfp-food-prices-for-madagascar,2026-09-27
"4644:Beans (niebe, red):2026-03-15",2026-03-15,Androy,Ambovombe-Androy,Antanimora Atsimo,4644,"Beans (niebe, red)",KG,Retail,MGA,2100,0.51,510000,https://data.humdata.org/dataset/wfp-food-prices-for-madagascar,2026-09-27
9097:Rice (imported):2026-03-15,2026-03-15,Androy,Ambovombe-Androy,Erada,9097,Rice (imported),KG,Retail,MGA,2800,0.67,670000,https://data.humdata.org/dataset/wfp-food-prices-for-madagascar,2026-09-27
"9097:Oil (vegetable, packaged):2026-03-15",2026-03-15,Androy,Ambovombe-Androy,Erada,9097,"Oil (vegetable, packaged)",L,Retail,MGA,10000,2.41,2410000,https://data.humdata.org/dataset/wfp-food-prices-for-madagascar,2026-09-27
"9097:Beans (niebe, red):2026-03-15",2026-03-15,Androy,Ambovombe-Androy,Erada,9097,"Beans (niebe, red)",KG,Retail,MGA,2000,0.48,480000,https://data.humdata.org/dataset/wfp-food-prices-for-madagascar,2026-09-27
6558:Rice (imported):2026-03-15,2026-03-15,Androy,Ambovombe-Androy,Imanombo,6558,Rice (imported),KG,Retail,MGA,2800,0.67,670000,https://data.humdata.org/dataset/wfp-food-prices-for-madagascar,2026-09-27
"6558:Oil (vegetable, packaged):2026-03-15",2026-03-15,Androy,Ambovombe-Androy,Imanombo,6558,"Oil (vegetable, packaged)",L,Retail,MGA,10000,2.41,2410000,https://data.humdata.org/dataset/wfp-food-prices-for-madagascar,2026-09-27
"6558:Beans (niebe, red):2026-03-15",2026-03-15,Androy,Ambovombe-Androy,Imanombo,6558,"Beans (niebe, red)",KG,Retail,MGA,2000,0.48,480000,https://data.humdata.org/dataset/wfp-food-prices-for-madagascar,2026-09-27
6559:Rice (imported):2026-03-15,2026-03-15,Androy,Ambovombe-Androy,Jafaro,6559,Rice (imported),KG,Retail,MGA,2800,0.67,670000,https://data.humdata.org/dataset/wfp-food-prices-for-madagascar,2026-09-27
"6559:Oil (vegetable, packaged):2026-03-15",2026-03-15,Androy,Ambovombe-Androy,Jafaro,6559,"Oil (vegetable, packaged)",L,Retail,MGA,10000,2.41,2410000,https://data.humdata.org/dataset/wfp-food-prices-for-madagascar,2026-09-27
"6559:Beans (niebe, red):2026-03-15",2026-03-15,Androy,Ambovombe-Androy,Jafaro,6559,"Beans (niebe, red)",KG,Retail,MGA,2000,0.48,480000,https://data.humdata.org/dataset/wfp-food-prices-for-madagascar,2026-09-27
7537:Rice (imported):2026-03-15,2026-03-15,Androy,Ambovombe-Androy,Maroalomainty,7537,Rice (imported),KG,Retail,MGA,2800,0.67,670000,https://data.humdata.org/dataset/wfp-food-prices-for-madagascar,2026-09-27
"7537:Oil (vegetable, packaged):2026-03-15",2026-03-15,Androy,Ambovombe-Androy,Maroalomainty,7537,"Oil (vegetable, packaged)",L,Retail,MGA,10000,2.41,2410000,https://data.humdata.org/dataset/wfp-food-prices-for-madagascar,2026-09-27
"7537:Beans (niebe, red):2026-03-15",2026-03-15,Androy,Ambovombe-Androy,Maroalomainty,7537,"Beans (niebe, red)",KG,Retail,MGA,2000,0.48,480000,https://data.humdata.org/dataset/wfp-food-prices-for-madagascar,2026-09-27
7207:Rice (imported):2026-03-15,2026-03-15,Androy,Ambovombe-Androy,Maroalopoty,7207,Rice (imported),KG,Retail,MGA,2450,0.59,590000,https://data.humdata.org/dataset/wfp-food-prices-for-madagascar,2026-09-27
"7207:Beans (niebe, red):2026-03-15",2026-03-15,Androy,Ambovombe-Androy,Maroalopoty,7207,"Beans (niebe, red)",KG,Retail,MGA,2000,0.48,480000,https://data.humdata.org/dataset/wfp-food-prices-for-madagascar,2026-09-27
10837:Rice (imported):2026-03-15,2026-03-15,Androy,Ambovombe-Androy,Sihanamaro,10837,Rice (imported),KG,Retail,MGA,2800,0.67,670000,https://data.humdata.org/dataset/wfp-food-prices-for-madagascar,2026-09-27
10837:Rice (local):2026-03-15,2026-03-15,Androy,Ambovombe-Androy,Sihanamaro,10837,Rice (local),KG,Retail,MGA,3500,0.84,840000,https://data.humdata.org/dataset/wfp-food-prices-for-madagascar,2026-09-27
"10837:Oil (vegetable, packaged):2026-03-15",2026-03-15,Androy,Ambovombe-Androy,Sihanamaro,10837,"Oil (vegetable, packaged)",L,Retail,MGA,10000,2.41,2410000,https://data.humdata.org/dataset/wfp-food-prices-for-madagascar,2026-09-27
"10837:Beans (niebe, red):2026-03-15",2026-03-15,Androy,Ambovombe-Androy,Sihanamaro,10837,"Beans (niebe, red)",KG,Retail,MGA,2000,0.48,480000,https://data.humdata.org/dataset/wfp-food-prices-for-madagascar,2026-09-27
10149:Rice (imported):2026-03-15,2026-03-15,Androy,Ambovombe-Androy,Soatsifa,10149,Rice (imported),KG,Retail,MGA,2450,0.59,590000,https://data.humdata.org/dataset/wfp-food-prices-for-madagascar,2026-09-27
"10149:Beans (niebe, red):2026-03-15",2026-03-15,Androy,Ambovombe-Androy,Soatsifa,10149,"Beans (niebe, red)",KG,Retail,MGA,2000,0.48,480000,https://data.humdata.org/dataset/wfp-food-prices-for-madagascar,2026-09-27
10153:Rice (imported):2026-03-15,2026-03-15,Androy,Beloha,Ambatotsivala,10153,Rice (imported),KG,Retail,MGA,2450,0.59,590000,https://data.humdata.org/dataset/wfp-food-prices-for-madagascar,2026-09-27
10153:Rice (local):2026-03-15,2026-03-15,Androy,Beloha,Ambatotsivala,10153,Rice (local),KG,Retail,MGA,3500,0.84,840000,https://data.humdata.org/dataset/wfp-food-prices-for-madagascar,2026-09-27
"10153:Oil (vegetable, packaged):2026-03-15",2026-03-15,Androy,Beloha,Ambatotsivala,10153,"Oil (vegetable, packaged)",L,Retail,MGA,10000,2.41,2410000,https://data.humdata.org/dataset/wfp-food-prices-for-madagascar,2026-09-27
"10153:Beans (niebe, red):2026-03-15",2026-03-15,Androy,Beloha,Ambatotsivala,10153,"Beans (niebe, red)",KG,Retail,MGA,2000,0.48,480000,https://data.humdata.org/dataset/wfp-food-prices-for-madagascar,2026-09-27
10910:Rice (imported):2026-03-15,2026-03-15,Androy,Beloha,Behabobo,10910,Rice (imported),KG,Retail,MGA,2450,0.59,590000,https://data.humdata.org/dataset/wfp-food-prices-for-madagascar,2026-09-27
10910:Rice (local):2026-03-15,2026-03-15,Androy,Beloha,Behabobo,10910,Rice (local),KG,Retail,MGA,3500,0.84,840000,https://data.humdata.org/dataset/wfp-food-prices-for-madagascar,2026-09-27
"10910:Oil (vegetable, packaged):2026-03-15",2026-03-15,Androy,Beloha,Behabobo,10910,"Oil (vegetable, packaged)",L,Retail,MGA,10000,2.41,2410000,https://data.humdata.org/dataset/wfp-food-prices-for-madagascar,2026-09-27
"10910:Beans (niebe, red):2026-03-15",2026-03-15,Androy,Beloha,Behabobo,10910,"Beans (niebe, red)",KG,Retail,MGA,2000,0.48,480000,https://data.humdata.org/dataset/wfp-food-prices-for-madagascar,2026-09-27
734:Rice (imported):2026-03-15,2026-03-15,Androy,Beloha,Beloha,734,Rice (imported),KG,Retail,MGA,2450,0.59,590000,https://data.humdata.org/dataset/wfp-food-prices-for-madagascar,2026-09-27
734:Rice (local):2026-03-15,2026-03-15,Androy,Beloha,Beloha,734,Rice (local),KG,Retail,MGA,3500,0.84,840000,https://data.humdata.org/dataset/wfp-food-prices-for-madagascar,2026-09-27
"734:Oil (vegetable, packaged):2026-03-15",2026-03-15,Androy,Beloha,Beloha,734,"Oil (vegetable, packaged)",L,Retail,MGA,10000,2.41,2410000,https://data.humdata.org/dataset/wfp-food-prices-for-madagascar,2026-09-27
"734:Beans (niebe, red):2026-03-15",2026-03-15,Androy,Beloha,Beloha,734,"Beans (niebe, red)",KG,Retail,MGA,2000,0.48,480000,https://data.humdata.org/dataset/wfp-food-prices-for-madagascar,2026-09-27
10911:Rice (imported):2026-03-15,2026-03-15,Androy,Beloha,Kopoky,10911,Rice (imported),KG,Retail,MGA,2450,0.59,590000,https://data.humdata.org/dataset/wfp-food-prices-for-madagascar,2026-09-27
10911:Rice (local):2026-03-15,2026-03-15,Androy,Beloha,Kopoky,10911,Rice (local),KG,Retail,MGA,3500,0.84,840000,https://data.humdata.org/dataset/wfp-food-prices-for-madagascar,2026-09-27
"10911:Oil (vegetable, packaged):2026-03-15",2026-03-15,Androy,Beloha,Kopoky,10911,"Oil (vegetable, packaged)",L,Retail,MGA,10000,2.41,2410000,https://data.humdata.org/dataset/wfp-food-prices-for-madagascar,2026-09-27
"10911:Beans (niebe, red):2026-03-15",2026-03-15,Androy,Beloha,Kopoky,10911,"Beans (niebe, red)",KG,Retail,MGA,2000,0.48,480000,https://data.humdata.org/dataset/wfp-food-prices-for-madagascar,2026-09-27
6859:Rice (imported):2026-03-15,2026-03-15,Androy,Beloha,Mahahegne,6859,Rice (imported),KG,Retail,MGA,2450,0.59,590000,https://data.humdata.org/dataset/wfp-food-prices-for-madagascar,2026-09-27
6859:Rice (local):2026-03-15,2026-03-15,Androy,Beloha,Mahahegne,6859,Rice (local),KG,Retail,MGA,3500,0.84,840000,https://data.humdata.org/dataset/wfp-food-prices-for-madagascar,2026-09-27
"6859:Oil (vegetable, packaged):2026-03-15",2026-03-15,Androy,Beloha,Mahahegne,6859,"Oil (vegetable, packaged)",L,Retail,MGA,10000,2.41,2410000,https://data.humdata.org/dataset/wfp-food-prices-for-madagascar,2026-09-27
"6859:Beans (niebe, red):2026-03-15",2026-03-15,Androy,Beloha,Mahahegne,6859,"Beans (niebe, red)",KG,Retail,MGA,2000,0.48,480000,https://data.humdata.org/dataset/wfp-food-prices-for-madagascar,2026-09-27
6863:Rice (imported):2026-03-15,2026-03-15,Androy,Beloha,Marolinta,6863,Rice (imported),KG,Retail,MGA,2450,0.59,590000,https://data.humdata.org/dataset/wfp-food-prices-for-madagascar,2026-09-27
6863:Rice (local):2026-03-15,2026-03-15,Androy,Beloha,Marolinta,6863,Rice (local),KG,Retail,MGA,3500,0.84,840000,https://data.humdata.org/dataset/wfp-food-prices-for-madagascar,2026-09-27
"6863:Oil (vegetable, packaged):2026-03-15",2026-03-15,Androy,Beloha,Marolinta,6863,"Oil (vegetable, packaged)",L,Retail,MGA,10000,2.41,2410000,https://data.humdata.org/dataset/wfp-food-prices-for-madagascar,2026-09-27
"6863:Beans (niebe, red):2026-03-15",2026-03-15,Androy,Beloha,Marolinta,6863,"Beans (niebe, red)",KG,Retail,MGA,2000,0.48,480000,https://data.humdata.org/dataset/wfp-food-prices-for-madagascar,2026-09-27
11281:Rice (imported):2026-03-15,2026-03-15,Androy,Beloha,Soamagnitse,11281,Rice (imported),KG,Retail,MGA,2450,0.59,590000,https://data.humdata.org/dataset/wfp-food-prices-for-madagascar,2026-09-27
11281:Rice (local):2026-03-15,2026-03-15,Androy,Beloha,Soamagnitse,11281,Rice (local),KG,Retail,MGA,3500,0.84,840000,https://data.humdata.org/dataset/wfp-food-prices-for-madagascar,2026-09-27
"11281:Oil (vegetable, packaged):2026-03-15",2026-03-15,Androy,Beloha,Soamagnitse,11281,"Oil (vegetable, packaged)",L,Retail,MGA,10000,2.41,2410000,https://data.humdata.org/dataset/wfp-food-prices-for-madagascar,2026-09-27
"11281:Beans (niebe, red):2026-03-15",2026-03-15,Androy,Beloha,Soamagnitse,11281,"Beans (niebe, red)",KG,Retail,MGA,2000,0.48,480000,https://data.humdata.org/dataset/wfp-food-prices-for-madagascar,2026-09-27
4641:Rice (imported):2026-03-15,2026-03-15,Androy,Beloha,Tranoroa,4641,Rice (imported),KG,Retail,MGA,2450,0.59,590000,https://data.humdata.org/dataset/wfp-food-prices-for-madagascar,2026-09-27
4641:Rice (local):2026-03-15,2026-03-15,Androy,Beloha,Tranoroa,4641,Rice (local),KG,Retail,MGA,3500,0.84,840000,https://data.humdata.org/dataset/wfp-food-prices-for-madagascar,2026-09-27
"4641:Oil (vegetable, packaged):2026-03-15",2026-03-15,Androy,Beloha,Tranoroa,4641,"Oil (vegetable, packaged)",L,Retail,MGA,10000,2.41,2410000,https://data.humdata.org/dataset/wfp-food-prices-for-madagascar,2026-09-27
"4641:Beans (niebe, red):2026-03-15",2026-03-15,Androy,Beloha,Tranoroa,4641,"Beans (niebe, red)",KG,Retail,MGA,2000,0.48,480000,https://data.humdata.org/dataset/wfp-food-prices-for-madagascar,2026-09-27
6866:Rice (imported):2026-03-15,2026-03-15,Androy,Beloha,Tranovaho,6866,Rice (imported),KG,Retail,MGA,2450,0.59,590000,https://data.humdata.org/dataset/wfp-food-prices-for-madagascar,2026-09-27
6866:Rice (local):2026-03-15,2026-03-15,Androy,Beloha,Tranovaho,6866,Rice (local),KG,Retail,MGA,3500,0.84,840000,https://data.humdata.org/dataset/wfp-food-prices-for-madagascar,2026-09-27
"6866:Oil (vegetable, packaged):2026-03-15",2026-03-15,Androy,Beloha,Tranovaho,6866,"Oil (vegetable, packaged)",L,Retail,MGA,10000,2.41,2410000,https://data.humdata.org/dataset/wfp-food-prices-for-madagascar,2026-09-27
"6866:Beans (niebe, red):2026-03-15",2026-03-15,Androy,Beloha,Tranovaho,6866,"Beans (niebe, red)",KG,Retail,MGA,2000,0.48,480000,https://data.humdata.org/dataset/wfp-food-prices-for-madagascar,2026-09-27
735:Rice (imported):2026-03-15,2026-03-15,Androy,Tsihombe,Tsihombe,735,Rice (imported),KG,Retail,MGA,2450,0.59,590000,https://data.humdata.org/dataset/wfp-food-prices-for-madagascar,2026-09-27
735:Rice (local):2026-03-15,2026-03-15,Androy,Tsihombe,Tsihombe,735,Rice (local),KG,Retail,MGA,2800,0.67,670000,https://data.humdata.org/dataset/wfp-food-prices-for-madagascar,2026-09-27
"735:Oil (vegetable, packaged):2026-03-15",2026-03-15,Androy,Tsihombe,Tsihombe,735,"Oil (vegetable, packaged)",L,Retail,MGA,12000,2.89,2890000,https://data.humdata.org/dataset/wfp-food-prices-for-madagascar,2026-09-27
"735:Beans (niebe, red):2026-03-15",2026-03-15,Androy,Tsihombe,Tsihombe,735,"Beans (niebe, red)",KG,Retail,MGA,2400,0.58,580000,https://data.humdata.org/dataset/wfp-food-prices-for-madagascar,2026-09-27
9105:Rice (imported):2026-04-15,2026-04-15,Androy,Ambovombe-Androy,Ambanisarika,9105,Rice (imported),KG,Retail,MGA,2800,0.67,670000,https://data.humdata.org/dataset/wfp-food-prices-for-madagascar,2026-09-27
9105:Rice (local):2026-04-15,2026-04-15,Androy,Ambovombe-Androy,Ambanisarika,9105,Rice (local),KG,Retail,MGA,3150,0.76,760000,https://data.humdata.org/dataset/wfp-food-prices-for-madagascar,2026-09-27
"9105:Oil (vegetable, packaged):2026-04-15",2026-04-15,Androy,Ambovombe-Androy,Ambanisarika,9105,"Oil (vegetable, packaged)",L,Retail,MGA,10000,2.41,2410000,https://data.humdata.org/dataset/wfp-food-prices-for-madagascar,2026-09-27
"9105:Beans (niebe, red):2026-04-15",2026-04-15,Androy,Ambovombe-Androy,Ambanisarika,9105,"Beans (niebe, red)",KG,Retail,MGA,2000,0.48,480000,https://data.humdata.org/dataset/wfp-food-prices-for-madagascar,2026-09-27
10835:Rice (imported):2026-04-15,2026-04-15,Androy,Ambovombe-Androy,Ambazoa,10835,Rice (imported),KG,Retail,MGA,2800,0.67,670000,https://data.humdata.org/dataset/wfp-food-prices-for-madagascar,2026-09-27
"10835:Oil (vegetable, packaged):2026-04-15",2026-04-15,Androy,Ambovombe-Androy,Ambazoa,10835,"Oil (vegetable, packaged)",L,Retail,MGA,10000,2.41,2410000,https://data.humdata.org/dataset/wfp-food-prices-for-madagascar,2026-09-27
"10835:Beans (niebe, red):2026-04-15",2026-04-15,Androy,Ambovombe-Androy,Ambazoa,10835,"Beans (niebe, red)",KG,Retail,MGA,2000,0.48,480000,https://data.humdata.org/dataset/wfp-food-prices-for-madagascar,2026-09-27
10148:Rice (imported):2026-04-15,2026-04-15,Androy,Ambovombe-Androy,Ambohimalaza,10148,Rice (imported),KG,Retail,MGA,2800,0.67,670000,https://data.humdata.org/dataset/wfp-food-prices-for-madagascar,2026-09-27
"10148:Oil (vegetable, packaged):2026-04-15",2026-04-15,Androy,Ambovombe-Androy,Ambohimalaza,10148,"Oil (vegetable, packaged)",L,Retail,MGA,10000,2.41,2410000,https://data.humdata.org/dataset/wfp-food-prices-for-madagascar,2026-09-27
"10148:Beans (niebe, red):2026-04-15",2026-04-15,Androy,Ambovombe-Androy,Ambohimalaza,10148,"Beans (niebe, red)",KG,Retail,MGA,2000,0.48,480000,https://data.humdata.org/dataset/wfp-food-prices-for-madagascar,2026-09-27
9096:Rice (imported):2026-04-15,2026-04-15,Androy,Ambovombe-Androy,Ambonaivo,9096,Rice (imported),KG,Retail,MGA,2800,0.67,670000,https://data.humdata.org/dataset/wfp-food-prices-for-madagascar,2026-09-27
"9096:Oil (vegetable, packaged):2026-04-15",2026-04-15,Androy,Ambovombe-Androy,Ambonaivo,9096,"Oil (vegetable, packaged)",L,Retail,MGA,10000,2.41,2410000,https://data.humdata.org/dataset/wfp-food-prices-for-madagascar,2026-09-27
"9096:Beans (niebe, red):2026-04-15",2026-04-15,Androy,Ambovombe-Androy,Ambonaivo,9096,"Beans (niebe, red)",KG,Retail,MGA,2000,0.48,480000,https://data.humdata.org/dataset/wfp-food-prices-for-madagascar,2026-09-27
4643:Rice (imported):2026-04-15,2026-04-15,Androy,Ambovombe-Androy,Ambondro,4643,Rice (imported),KG,Retail,MGA,2800,0.67,670000,https://data.humdata.org/dataset/wfp-food-prices-for-madagascar,2026-09-27
"4643:Oil (vegetable, packaged):2026-04-15",2026-04-15,Androy,Ambovombe-Androy,Ambondro,4643,"Oil (vegetable, packaged)",L,Retail,MGA,10000,2.41,2410000,https://data.humdata.org/dataset/wfp-food-prices-for-madagascar,2026-09-27
"4643:Beans (niebe, red):2026-04-15",2026-04-15,Androy,Ambovombe-Androy,Ambondro,4643,"Beans (niebe, red)",KG,Retail,MGA,2000,0.48,480000,https://data.humdata.org/dataset/wfp-food-prices-for-madagascar,2026-09-27
736:Rice (imported):2026-04-15,2026-04-15,Androy,Ambovombe-Androy,Ambovombe-androy,736,Rice (imported),KG,Retail,MGA,2712.5,0.65,650000,https://data.humdata.org/dataset/wfp-food-prices-for-madagascar,2026-09-27
736:Rice (local):2026-04-15,2026-04-15,Androy,Ambovombe-Androy,Ambovombe-androy,736,Rice (local),KG,Retail,MGA,3266.67,0.79,790000,https://data.humdata.org/dataset/wfp-food-prices-for-madagascar,2026-09-27
"736:Oil (vegetable, packaged):2026-04-15",2026-04-15,Androy,Ambovombe-Androy,Ambovombe-androy,736,"Oil (vegetable, packaged)",L,Retail,MGA,11000,2.65,2650000,https://data.humdata.org/dataset/wfp-food-prices-for-madagascar,2026-09-27
"736:Beans (niebe, red):2026-04-15",2026-04-15,Androy,Ambovombe-Androy,Ambovombe-androy,736,"Beans (niebe, red)",KG,Retail,MGA,2200,0.53,530000,https://data.humdata.org/dataset/wfp-food-prices-for-madagascar,2026-09-27
6557:Rice (imported):2026-04-15,2026-04-15,Androy,Ambovombe-Androy,Ampamata,6557,Rice (imported),KG,Retail,MGA,2800,0.67,670000,https://data.humdata.org/dataset/wfp-food-prices-for-madagascar,2026-09-27
"6557:Oil (vegetable, packaged):2026-04-15",2026-04-15,Androy,Ambovombe-Androy,Ampamata,6557,"Oil (vegetable, packaged)",L,Retail,MGA,10000,2.41,2410000,https://data.humdata.org/dataset/wfp-food-prices-for-madagascar,2026-09-27
"6557:Beans (niebe, red):2026-04-15",2026-04-15,Androy,Ambovombe-Androy,Ampamata,6557,"Beans (niebe, red)",KG,Retail,MGA,2000,0.48,480000,https://data.humdata.org/dataset/wfp-food-prices-for-madagascar,2026-09-27
4972:Rice (imported):2026-04-15,2026-04-15,Androy,Ambovombe-Androy,Andalatanosy,4972,Rice (imported),KG,Retail,MGA,2800,0.67,670000,https://data.humdata.org/dataset/wfp-food-prices-for-madagascar,2026-09-27
4972:Rice (local):2026-04-15,2026-04-15,Androy,Ambovombe-Androy,Andalatanosy,4972,Rice (local),KG,Retail,MGA,3150,0.76,760000,https://data.humdata.org/dataset/wfp-food-prices-for-madagascar,2026-09-27
"4972:Oil (vegetable, packaged):2026-04-15",2026-04-15,Androy,Ambovombe-Androy,Andalatanosy,4972,"Oil (vegetable, packaged)",L,Retail,MGA,10000,2.41,2410000,https://data.humdata.org/dataset/wfp-food-prices-for-madagascar,2026-09-27
"4972:Beans (niebe, red):2026-04-15",2026-04-15,Androy,Ambovombe-Androy,Andalatanosy,4972,"Beans (niebe, red)",KG,Retail,MGA,2000,0.48,480000,https://data.humdata.org/dataset/wfp-food-prices-for-madagascar,2026-09-27
9104:Rice (imported):2026-04-15,2026-04-15,Androy,Ambovombe-Androy,Andragnanivo,9104,Rice (imported),KG,Retail,MGA,2800,0.67,670000,https://data.humdata.org/dataset/wfp-food-prices-for-madagascar,2026-09-27
"9104:Oil (vegetable, packaged):2026-04-15",2026-04-15,Androy,Ambovombe-Androy,Andragnanivo,9104,"Oil (vegetable, packaged)",L,Retail,MGA,10000,2.41,2410000,https://data.humdata.org/dataset/wfp-food-prices-for-madagascar,2026-09-27
10836:Rice (imported):2026-04-15,2026-04-15,Androy,Ambovombe-Androy,Anjeky Ankilikira,10836,Rice (imported),KG,Retail,MGA,2800,0.67,670000,https://data.humdata.org/dataset/wfp-food-prices-for-madagascar,2026-09-27
"10836:Oil (vegetable, packaged):2026-04-15",2026-04-15,Androy,Ambovombe-Androy,Anjeky Ankilikira,10836,"Oil (vegetable, packaged)",L,Retail,MGA,10000,2.41,2410000,https://data.humdata.org/dataset/wfp-food-prices-for-madagascar,2026-09-27
"10836:Beans (niebe, red):2026-04-15",2026-04-15,Androy,Ambovombe-Androy,Anjeky Ankilikira,10836,"Beans (niebe, red)",KG,Retail,MGA,2000,0.48,480000,https://data.humdata.org/dataset/wfp-food-prices-for-madagascar,2026-09-27
4644:Rice (imported):2026-04-15,2026-04-15,Androy,Ambovombe-Androy,Antanimora Atsimo,4644,Rice (imported),KG,Retail,MGA,2566.67,0.62,620000,https://data.humdata.org/dataset/wfp-food-prices-for-madagascar,2026-09-27
4644:Rice (local):2026-04-15,2026-04-15,Androy,Ambovombe-Androy,Antanimora Atsimo,4644,Rice (local),KG,Retail,MGA,3500,0.84,840000,https://data.humdata.org/dataset/wfp-food-prices-for-madagascar,2026-09-27
"4644:Oil (vegetable, packaged):2026-04-15",2026-04-15,Androy,Ambovombe-Androy,Antanimora Atsimo,4644,"Oil (vegetable, packaged)",L,Retail,MGA,10000,2.41,2410000,https://data.humdata.org/dataset/wfp-food-prices-for-madagascar,2026-09-27
"4644:Beans (niebe, red):2026-04-15",2026-04-15,Androy,Ambovombe-Androy,Antanimora Atsimo,4644,"Beans (niebe, red)",KG,Retail,MGA,2000,0.48,480000,https://data.humdata.org/dataset/wfp-food-prices-for-madagascar,2026-09-27
9097:Rice (imported):2026-04-15,2026-04-15,Androy,Ambovombe-Androy,Erada,9097,Rice (imported),KG,Retail,MGA,2800,0.67,670000,https://data.humdata.org/dataset/wfp-food-prices-for-madagascar,2026-09-27
"9097:Oil (vegetable, packaged):2026-04-15",2026-04-15,Androy,Ambovombe-Androy,Erada,9097,"Oil (vegetable, packaged)",L,Retail,MGA,10000,2.41,2410000,https://data.humdata.org/dataset/wfp-food-prices-for-madagascar,2026-09-27
"9097:Beans (niebe, red):2026-04-15",2026-04-15,Androy,Ambovombe-Androy,Erada,9097,"Beans (niebe, red)",KG,Retail,MGA,2000,0.48,480000,https://data.humdata.org/dataset/wfp-food-prices-for-madagascar,2026-09-27
6558:Rice (imported):2026-04-15,2026-04-15,Androy,Ambovombe-Androy,Imanombo,6558,Rice (imported),KG,Retail,MGA,2800,0.67,670000,https://data.humdata.org/dataset/wfp-food-prices-for-madagascar,2026-09-27
"6558:Oil (vegetable, packaged):2026-04-15",2026-04-15,Androy,Ambovombe-Androy,Imanombo,6558,"Oil (vegetable, packaged)",L,Retail,MGA,10000,2.41,2410000,https://data.humdata.org/dataset/wfp-food-prices-for-madagascar,2026-09-27
"6558:Beans (niebe, red):2026-04-15",2026-04-15,Androy,Ambovombe-Androy,Imanombo,6558,"Beans (niebe, red)",KG,Retail,MGA,2000,0.48,480000,https://data.humdata.org/dataset/wfp-food-prices-for-madagascar,2026-09-27
6559:Rice (imported):2026-04-15,2026-04-15,Androy,Ambovombe-Androy,Jafaro,6559,Rice (imported),KG,Retail,MGA,2800,0.67,670000,https://data.humdata.org/dataset/wfp-food-prices-for-madagascar,2026-09-27
"6559:Oil (vegetable, packaged):2026-04-15",2026-04-15,Androy,Ambovombe-Androy,Jafaro,6559,"Oil (vegetable, packaged)",L,Retail,MGA,10000,2.41,2410000,https://data.humdata.org/dataset/wfp-food-prices-for-madagascar,2026-09-27
"6559:Beans (niebe, red):2026-04-15",2026-04-15,Androy,Ambovombe-Androy,Jafaro,6559,"Beans (niebe, red)",KG,Retail,MGA,2000,0.48,480000,https://data.humdata.org/dataset/wfp-food-prices-for-madagascar,2026-09-27
7537:Rice (imported):2026-04-15,2026-04-15,Androy,Ambovombe-Androy,Maroalomainty,7537,Rice (imported),KG,Retail,MGA,2800,0.67,670000,https://data.humdata.org/dataset/wfp-food-prices-for-madagascar,2026-09-27
"7537:Oil (vegetable, packaged):2026-04-15",2026-04-15,Androy,Ambovombe-Androy,Maroalomainty,7537,"Oil (vegetable, packaged)",L,Retail,MGA,10000,2.41,2410000,https://data.humdata.org/dataset/wfp-food-prices-for-madagascar,2026-09-27
"7537:Beans (niebe, red):2026-04-15",2026-04-15,Androy,Ambovombe-Androy,Maroalomainty,7537,"Beans (niebe, red)",KG,Retail,MGA,2000,0.48,480000,https://data.humdata.org/dataset/wfp-food-prices-for-madagascar,2026-09-27
7207:Rice (imported):2026-04-15,2026-04-15,Androy,Ambovombe-Androy,Maroalopoty,7207,Rice (imported),KG,Retail,MGA,2800,0.67,670000,https://data.humdata.org/dataset/wfp-food-prices-for-madagascar,2026-09-27
"7207:Oil (vegetable, packaged):2026-04-15",2026-04-15,Androy,Ambovombe-Androy,Maroalopoty,7207,"Oil (vegetable, packaged)",L,Retail,MGA,10000,2.41,2410000,https://data.humdata.org/dataset/wfp-food-prices-for-madagascar,2026-09-27
"7207:Beans (niebe, red):2026-04-15",2026-04-15,Androy,Ambovombe-Androy,Maroalopoty,7207,"Beans (niebe, red)",KG,Retail,MGA,2000,0.48,480000,https://data.humdata.org/dataset/wfp-food-prices-for-madagascar,2026-09-27
10837:Rice (imported):2026-04-15,2026-04-15,Androy,Ambovombe-Androy,Sihanamaro,10837,Rice (imported),KG,Retail,MGA,2800,0.67,670000,https://data.humdata.org/dataset/wfp-food-prices-for-madagascar,2026-09-27
"10837:Oil (vegetable, packaged):2026-04-15",2026-04-15,Androy,Ambovombe-Androy,Sihanamaro,10837,"Oil (vegetable, packaged)",L,Retail,MGA,10000,2.41,2410000,https://data.humdata.org/dataset/wfp-food-prices-for-madagascar,2026-09-27
"10837:Beans (niebe, red):2026-04-15",2026-04-15,Androy,Ambovombe-Androy,Sihanamaro,10837,"Beans (niebe, red)",KG,Retail,MGA,2000,0.48,480000,https://data.humdata.org/dataset/wfp-food-prices-for-madagascar,2026-09-27
10149:Rice (imported):2026-04-15,2026-04-15,Androy,Ambovombe-Androy,Soatsifa,10149,Rice (imported),KG,Retail,MGA,2800,0.67,670000,https://data.humdata.org/dataset/wfp-food-prices-for-madagascar,2026-09-27
"10149:Oil (vegetable, packaged):2026-04-15",2026-04-15,Androy,Ambovombe-Androy,Soatsifa,10149,"Oil (vegetable, packaged)",L,Retail,MGA,10000,2.41,2410000,https://data.humdata.org/dataset/wfp-food-prices-for-madagascar,2026-09-27
"10149:Beans (niebe, red):2026-04-15",2026-04-15,Androy,Ambovombe-Androy,Soatsifa,10149,"Beans (niebe, red)",KG,Retail,MGA,2000,0.48,480000,https://data.humdata.org/dataset/wfp-food-prices-for-madagascar,2026-09-27
10838:Rice (imported):2026-04-15,2026-04-15,Androy,Ambovombe-Androy,Tsimananada,10838,Rice (imported),KG,Retail,MGA,2800,0.67,670000,https://data.humdata.org/dataset/wfp-food-prices-for-madagascar,2026-09-27
"10838:Oil (vegetable, packaged):2026-04-15",2026-04-15,Androy,Ambovombe-Androy,Tsimananada,10838,"Oil (vegetable, packaged)",L,Retail,MGA,10000,2.41,2410000,https://data.humdata.org/dataset/wfp-food-prices-for-madagascar,2026-09-27
"10838:Beans (niebe, red):2026-04-15",2026-04-15,Androy,Ambovombe-Androy,Tsimananada,10838,"Beans (niebe, red)",KG,Retail,MGA,2000,0.48,480000,https://data.humdata.org/dataset/wfp-food-prices-for-madagascar,2026-09-27
10153:Rice (imported):2026-04-15,2026-04-15,Androy,Beloha,Ambatotsivala,10153,Rice (imported),KG,Retail,MGA,2450,0.59,590000,https://data.humdata.org/dataset/wfp-food-prices-for-madagascar,2026-09-27
10153:Rice (local):2026-04-15,2026-04-15,Androy,Beloha,Ambatotsivala,10153,Rice (local),KG,Retail,MGA,3500,0.84,840000,https://data.humdata.org/dataset/wfp-food-prices-for-madagascar,2026-09-27
"10153:Oil (vegetable, packaged):2026-04-15",2026-04-15,Androy,Beloha,Ambatotsivala,10153,"Oil (vegetable, packaged)",L,Retail,MGA,10000,2.41,2410000,https://data.humdata.org/dataset/wfp-food-prices-for-madagascar,2026-09-27
"10153:Beans (niebe, red):2026-04-15",2026-04-15,Androy,Beloha,Ambatotsivala,10153,"Beans (niebe, red)",KG,Retail,MGA,2000,0.48,480000,https://data.humdata.org/dataset/wfp-food-prices-for-madagascar,2026-09-27
10910:Rice (imported):2026-04-15,2026-04-15,Androy,Beloha,Behabobo,10910,Rice (imported),KG,Retail,MGA,2450,0.59,590000,https://data.humdata.org/dataset/wfp-food-prices-for-madagascar,2026-09-27
10910:Rice (local):2026-04-15,2026-04-15,Androy,Beloha,Behabobo,10910,Rice (local),KG,Retail,MGA,3500,0.84,840000,https://data.humdata.org/dataset/wfp-food-prices-for-madagascar,2026-09-27
"10910:Oil (vegetable, packaged):2026-04-15",2026-04-15,Androy,Beloha,Behabobo,10910,"Oil (vegetable, packaged)",L,Retail,MGA,10000,2.41,2410000,https://data.humdata.org/dataset/wfp-food-prices-for-madagascar,2026-09-27
"10910:Beans (niebe, red):2026-04-15",2026-04-15,Androy,Beloha,Behabobo,10910,"Beans (niebe, red)",KG,Retail,MGA,2000,0.48,480000,https://data.humdata.org/dataset/wfp-food-prices-for-madagascar,2026-09-27
734:Rice (imported):2026-04-15,2026-04-15,Androy,Beloha,Beloha,734,Rice (imported),KG,Retail,MGA,2450,0.59,590000,https://data.humdata.org/dataset/wfp-food-prices-for-madagascar,2026-09-27
734:Rice (local):2026-04-15,2026-04-15,Androy,Beloha,Beloha,734,Rice (local),KG,Retail,MGA,3500,0.84,840000,https://data.humdata.org/dataset/wfp-food-prices-for-madagascar,2026-09-27
"734:Oil (vegetable, packaged):2026-04-15",2026-04-15,Androy,Beloha,Beloha,734,"Oil (vegetable, packaged)",L,Retail,MGA,11000,2.65,2650000,https://data.humdata.org/dataset/wfp-food-prices-for-madagascar,2026-09-27
"734:Beans (niebe, red):2026-04-15",2026-04-15,Androy,Beloha,Beloha,734,"Beans (niebe, red)",KG,Retail,MGA,2000,0.48,480000,https://data.humdata.org/dataset/wfp-food-prices-for-madagascar,2026-09-27
10911:Rice (imported):2026-04-15,2026-04-15,Androy,Beloha,Kopoky,10911,Rice (imported),KG,Retail,MGA,2450,0.59,590000,https://data.humdata.org/dataset/wfp-food-prices-for-madagascar,2026-09-27
10911:Rice (local):2026-04-15,2026-04-15,Androy,Beloha,Kopoky,10911,Rice (local),KG,Retail,MGA,3500,0.84,840000,https://data.humdata.org/dataset/wfp-food-prices-for-madagascar,2026-09-27
"10911:Oil (vegetable, packaged):2026-04-15",2026-04-15,Androy,Beloha,Kopoky,10911,"Oil (vegetable, packaged)",L,Retail,MGA,10000,2.41,2410000,https://data.humdata.org/dataset/wfp-food-prices-for-madagascar,2026-09-27
"10911:Beans (niebe, red):2026-04-15",2026-04-15,Androy,Beloha,Kopoky,10911,"Beans (niebe, red)",KG,Retail,MGA,2000,0.48,480000,https://data.humdata.org/dataset/wfp-food-prices-for-madagascar,2026-09-27
6859:Rice (imported):2026-04-15,2026-04-15,Androy,Beloha,Mahahegne,6859,Rice (imported),KG,Retail,MGA,2450,0.59,590000,https://data.humdata.org/dataset/wfp-food-prices-for-madagascar,2026-09-27
6859:Rice (local):2026-04-15,2026-04-15,Androy,Beloha,Mahahegne,6859,Rice (local),KG,Retail,MGA,3500,0.84,840000,https://data.humdata.org/dataset/wfp-food-prices-for-madagascar,2026-09-27
"6859:Oil (vegetable, packaged):2026-04-15",2026-04-15,Androy,Beloha,Mahahegne,6859,"Oil (vegetable, packaged)",L,Retail,MGA,10000,2.41,2410000,https://data.humdata.org/dataset/wfp-food-prices-for-madagascar,2026-09-27
"6859:Beans (niebe, red):2026-04-15",2026-04-15,Androy,Beloha,Mahahegne,6859,"Beans (niebe, red)",KG,Retail,MGA,2000,0.48,480000,https://data.humdata.org/dataset/wfp-food-prices-for-madagascar,2026-09-27
6863:Rice (imported):2026-04-15,2026-04-15,Androy,Beloha,Marolinta,6863,Rice (imported),KG,Retail,MGA,2450,0.59,590000,https://data.humdata.org/dataset/wfp-food-prices-for-madagascar,2026-09-27
6863:Rice (local):2026-04-15,2026-04-15,Androy,Beloha,Marolinta,6863,Rice (local),KG,Retail,MGA,3500,0.84,840000,https://data.humdata.org/dataset/wfp-food-prices-for-madagascar,2026-09-27
"6863:Oil (vegetable, packaged):2026-04-15",2026-04-15,Androy,Beloha,Marolinta,6863,"Oil (vegetable, packaged)",L,Retail,MGA,10000,2.41,2410000,https://data.humdata.org/dataset/wfp-food-prices-for-madagascar,2026-09-27
"6863:Beans (niebe, red):2026-04-15",2026-04-15,Androy,Beloha,Marolinta,6863,"Beans (niebe, red)",KG,Retail,MGA,2000,0.48,480000,https://data.humdata.org/dataset/wfp-food-prices-for-madagascar,2026-09-27
11281:Rice (imported):2026-04-15,2026-04-15,Androy,Beloha,Soamagnitse,11281,Rice (imported),KG,Retail,MGA,2450,0.59,590000,https://data.humdata.org/dataset/wfp-food-prices-for-madagascar,2026-09-27
11281:Rice (local):2026-04-15,2026-04-15,Androy,Beloha,Soamagnitse,11281,Rice (local),KG,Retail,MGA,3500,0.84,840000,https://data.humdata.org/dataset/wfp-food-prices-for-madagascar,2026-09-27
"11281:Oil (vegetable, packaged):2026-04-15",2026-04-15,Androy,Beloha,Soamagnitse,11281,"Oil (vegetable, packaged)",L,Retail,MGA,10000,2.41,2410000,https://data.humdata.org/dataset/wfp-food-prices-for-madagascar,2026-09-27
"11281:Beans (niebe, red):2026-04-15",2026-04-15,Androy,Beloha,Soamagnitse,11281,"Beans (niebe, red)",KG,Retail,MGA,2000,0.48,480000,https://data.humdata.org/dataset/wfp-food-prices-for-madagascar,2026-09-27
4641:Rice (imported):2026-04-15,2026-04-15,Androy,Beloha,Tranoroa,4641,Rice (imported),KG,Retail,MGA,2450,0.59,590000,https://data.humdata.org/dataset/wfp-food-prices-for-madagascar,2026-09-27
4641:Rice (local):2026-04-15,2026-04-15,Androy,Beloha,Tranoroa,4641,Rice (local),KG,Retail,MGA,3500,0.84,840000,https://data.humdata.org/dataset/wfp-food-prices-for-madagascar,2026-09-27
"4641:Oil (vegetable, packaged):2026-04-15",2026-04-15,Androy,Beloha,Tranoroa,4641,"Oil (vegetable, packaged)",L,Retail,MGA,10000,2.41,2410000,https://data.humdata.org/dataset/wfp-food-prices-for-madagascar,2026-09-27
"4641:Beans (niebe, red):2026-04-15",2026-04-15,Androy,Beloha,Tranoroa,4641,"Beans (niebe, red)",KG,Retail,MGA,2000,0.48,480000,https://data.humdata.org/dataset/wfp-food-prices-for-madagascar,2026-09-27
6866:Rice (imported):2026-04-15,2026-04-15,Androy,Beloha,Tranovaho,6866,Rice (imported),KG,Retail,MGA,2450,0.59,590000,https://data.humdata.org/dataset/wfp-food-prices-for-madagascar,2026-09-27
6866:Rice (local):2026-04-15,2026-04-15,Androy,Beloha,Tranovaho,6866,Rice (local),KG,Retail,MGA,3500,0.84,840000,https://data.humdata.org/dataset/wfp-food-prices-for-madagascar,2026-09-27
"6866:Oil (vegetable, packaged):2026-04-15",2026-04-15,Androy,Beloha,Tranovaho,6866,"Oil (vegetable, packaged)",L,Retail,MGA,10000,2.41,2410000,https://data.humdata.org/dataset/wfp-food-prices-for-madagascar,2026-09-27
"6866:Beans (niebe, red):2026-04-15",2026-04-15,Androy,Beloha,Tranovaho,6866,"Beans (niebe, red)",KG,Retail,MGA,2000,0.48,480000,https://data.humdata.org/dataset/wfp-food-prices-for-madagascar,2026-09-27
735:Rice (imported):2026-04-15,2026-04-15,Androy,Tsihombe,Tsihombe,735,Rice (imported),KG,Retail,MGA,2450,0.59,590000,https://data.humdata.org/dataset/wfp-food-prices-for-madagascar,2026-09-27
735:Rice (local):2026-04-15,2026-04-15,Androy,Tsihombe,Tsihombe,735,Rice (local),KG,Retail,MGA,3500,0.84,840000,https://data.humdata.org/dataset/wfp-food-prices-for-madagascar,2026-09-27
"735:Oil (vegetable, packaged):2026-04-15",2026-04-15,Androy,Tsihombe,Tsihombe,735,"Oil (vegetable, packaged)",L,Retail,MGA,11500,2.77,2770000,https://data.humdata.org/dataset/wfp-food-prices-for-madagascar,2026-09-27
"735:Beans (niebe, red):2026-04-15",2026-04-15,Androy,Tsihombe,Tsihombe,735,"Beans (niebe, red)",KG,Retail,MGA,2400,0.58,580000,https://data.humdata.org/dataset/wfp-food-prices-for-madagascar,2026-09-27
9105:Rice (imported):2026-05-15,2026-05-15,Androy,Ambovombe-Androy,Ambanisarika,9105,Rice (imported),KG,Retail,MGA,2100,0.5,500000,https://data.humdata.org/dataset/wfp-food-prices-for-madagascar,2026-09-27
"9105:Beans (niebe, red):2026-05-15",2026-05-15,Androy,Ambovombe-Androy,Ambanisarika,9105,"Beans (niebe, red)",KG,Retail,MGA,3200,0.77,770000,https://data.humdata.org/dataset/wfp-food-prices-for-madagascar,2026-09-27
10835:Rice (imported):2026-05-15,2026-05-15,Androy,Ambovombe-Androy,Ambazoa,10835,Rice (imported),KG,Retail,MGA,2100,0.5,500000,https://data.humdata.org/dataset/wfp-food-prices-for-madagascar,2026-09-27
"10835:Oil (vegetable, packaged):2026-05-15",2026-05-15,Androy,Ambovombe-Androy,Ambazoa,10835,"Oil (vegetable, packaged)",L,Retail,MGA,10000,2.39,2390000,https://data.humdata.org/dataset/wfp-food-prices-for-madagascar,2026-09-27
"10835:Beans (niebe, red):2026-05-15",2026-05-15,Androy,Ambovombe-Androy,Ambazoa,10835,"Beans (niebe, red)",KG,Retail,MGA,2800,0.67,670000,https://data.humdata.org/dataset/wfp-food-prices-for-madagascar,2026-09-27
736:Rice (imported):2026-05-15,2026-05-15,Androy,Ambovombe-Androy,Ambovombe-androy,736,Rice (imported),KG,Retail,MGA,2450,0.59,590000,https://data.humdata.org/dataset/wfp-food-prices-for-madagascar,2026-09-27
736:Rice (local):2026-05-15,2026-05-15,Androy,Ambovombe-Androy,Ambovombe-androy,736,Rice (local),KG,Retail,MGA,2800,0.67,670000,https://data.humdata.org/dataset/wfp-food-prices-for-madagascar,2026-09-27
"736:Oil (vegetable, packaged):2026-05-15",2026-05-15,Androy,Ambovombe-Androy,Ambovombe-androy,736,"Oil (vegetable, packaged)",L,Retail,MGA,11000,2.63,2630000,https://data.humdata.org/dataset/wfp-food-prices-for-madagascar,2026-09-27
"736:Beans (niebe, red):2026-05-15",2026-05-15,Androy,Ambovombe-Androy,Ambovombe-androy,736,"Beans (niebe, red)",KG,Retail,MGA,2600,0.62,620000,https://data.humdata.org/dataset/wfp-food-prices-for-madagascar,2026-09-27
6557:Rice (imported):2026-05-15,2026-05-15,Androy,Ambovombe-Androy,Ampamata,6557,Rice (imported),KG,Retail,MGA,2100,0.5,500000,https://data.humdata.org/dataset/wfp-food-prices-for-madagascar,2026-09-27
6557:Rice (local):2026-05-15,2026-05-15,Androy,Ambovombe-Androy,Ampamata,6557,Rice (local),KG,Retail,MGA,3500,0.84,840000,https://data.humdata.org/dataset/wfp-food-prices-for-madagascar,2026-09-27
"6557:Oil (vegetable, packaged):2026-05-15",2026-05-15,Androy,Ambovombe-Androy,Ampamata,6557,"Oil (vegetable, packaged)",L,Retail,MGA,10000,2.39,2390000,https://data.humdata.org/dataset/wfp-food-prices-for-madagascar,2026-09-27
"6557:Beans (niebe, red):2026-05-15",2026-05-15,Androy,Ambovombe-Androy,Ampamata,6557,"Beans (niebe, red)",KG,Retail,MGA,2400,0.57,570000,https://data.humdata.org/dataset/wfp-food-prices-for-madagascar,2026-09-27
4972:Rice (imported):2026-05-15,2026-05-15,Androy,Ambovombe-Androy,Andalatanosy,4972,Rice (imported),KG,Retail,MGA,2100,0.5,500000,https://data.humdata.org/dataset/wfp-food-prices-for-madagascar,2026-09-27
4972:Rice (local):2026-05-15,2026-05-15,Androy,Ambovombe-Androy,Andalatanosy,4972,Rice (local),KG,Retail,MGA,3500,0.84,840000,https://data.humdata.org/dataset/wfp-food-prices-for-madagascar,2026-09-27
"4972:Oil (vegetable, packaged):2026-05-15",2026-05-15,Androy,Ambovombe-Androy,Andalatanosy,4972,"Oil (vegetable, packaged)",L,Retail,MGA,10000,2.39,2390000,https://data.humdata.org/dataset/wfp-food-prices-for-madagascar,2026-09-27
"4972:Beans (niebe, red):2026-05-15",2026-05-15,Androy,Ambovombe-Androy,Andalatanosy,4972,"Beans (niebe, red)",KG,Retail,MGA,2400,0.57,570000,https://data.humdata.org/dataset/wfp-food-prices-for-madagascar,2026-09-27
9104:Rice (imported):2026-05-15,2026-05-15,Androy,Ambovombe-Androy,Andragnanivo,9104,Rice (imported),KG,Retail,MGA,2100,0.5,500000,https://data.humdata.org/dataset/wfp-food-prices-for-madagascar,2026-09-27
9104:Rice (local):2026-05-15,2026-05-15,Androy,Ambovombe-Androy,Andragnanivo,9104,Rice (local),KG,Retail,MGA,3500,0.84,840000,https://data.humdata.org/dataset/wfp-food-prices-for-madagascar,2026-09-27
"9104:Oil (vegetable, packaged):2026-05-15",2026-05-15,Androy,Ambovombe-Androy,Andragnanivo,9104,"Oil (vegetable, packaged)",L,Retail,MGA,10000,2.39,2390000,https://data.humdata.org/dataset/wfp-food-prices-for-madagascar,2026-09-27
"9104:Beans (niebe, red):2026-05-15",2026-05-15,Androy,Ambovombe-Androy,Andragnanivo,9104,"Beans (niebe, red)",KG,Retail,MGA,2400,0.57,570000,https://data.humdata.org/dataset/wfp-food-prices-for-madagascar,2026-09-27
749:Rice (imported):2026-05-15,2026-05-15,Androy,Ambovombe-Androy,Androy (Region),749,Rice (imported),KG,Retail,MGA,2450,0.59,590000,https://data.humdata.org/dataset/wfp-food-prices-for-madagascar,2026-09-27
749:Rice (local):2026-05-15,2026-05-15,Androy,Ambovombe-Androy,Androy (Region),749,Rice (local),KG,Retail,MGA,3150,0.75,750000,https://data.humdata.org/dataset/wfp-food-prices-for-madagascar,2026-09-27
"749:Oil (vegetable, packaged):2026-05-15",2026-05-15,Androy,Ambovombe-Androy,Androy (Region),749,"Oil (vegetable, packaged)",L,Retail,MGA,9166.67,2.19,2190000,https://data.humdata.org/dataset/wfp-food-prices-for-madagascar,2026-09-27
"749:Beans (niebe, red):2026-05-15",2026-05-15,Androy,Ambovombe-Androy,Androy (Region),749,"Beans (niebe, red)",KG,Retail,MGA,2400,0.57,570000,https://data.humdata.org/dataset/wfp-food-prices-for-madagascar,2026-09-27
4644:Rice (imported):2026-05-15,2026-05-15,Androy,Ambovombe-Androy,Antanimora Atsimo,4644,Rice (imported),KG,Retail,MGA,2100,0.5,500000,https://data.humdata.org/dataset/wfp-food-prices-for-madagascar,2026-09-27
4644:Rice (local):2026-05-15,2026-05-15,Androy,Ambovombe-Androy,Antanimora Atsimo,4644,Rice (local),KG,Retail,MGA,3033.33,0.73,730000,https://data.humdata.org/dataset/wfp-food-prices-for-madagascar,2026-09-27
"4644:Oil (vegetable, packaged):2026-05-15",2026-05-15,Androy,Ambovombe-Androy,Antanimora Atsimo,4644,"Oil (vegetable, packaged)",L,Retail,MGA,10000,2.39,2390000,https://data.humdata.org/dataset/wfp-food-prices-for-madagascar,2026-09-27
"4644:Beans (niebe, red):2026-05-15",2026-05-15,Androy,Ambovombe-Androy,Antanimora Atsimo,4644,"Beans (niebe, red)",KG,Retail,MGA,2400,0.57,570000,https://data.humdata.org/dataset/wfp-food-prices-for-madagascar,2026-09-27
9097:Rice (imported):2026-05-15,2026-05-15,Androy,Ambovombe-Androy,Erada,9097,Rice (imported),KG,Retail,MGA,2100,0.5,500000,https://data.humdata.org/dataset/wfp-food-prices-for-madagascar,2026-09-27
"9097:Oil (vegetable, packaged):2026-05-15",2026-05-15,Androy,Ambovombe-Androy,Erada,9097,"Oil (vegetable, packaged)",L,Retail,MGA,12000,2.87,2870000,https://data.humdata.org/dataset/wfp-food-prices-for-madagascar,2026-09-27
"9097:Beans (niebe, red):2026-05-15",2026-05-15,Androy,Ambovombe-Androy,Erada,9097,"Beans (niebe, red)",KG,Retail,MGA,3200,0.77,770000,https://data.humdata.org/dataset/wfp-food-prices-for-madagascar,2026-09-27
6558:Rice (imported):2026-05-15,2026-05-15,Androy,Ambovombe-Androy,Imanombo,6558,Rice (imported),KG,Retail,MGA,2100,0.5,500000,https://data.humdata.org/dataset/wfp-food-prices-for-madagascar,2026-09-27
6558:Rice (local):2026-05-15,2026-05-15,Androy,Ambovombe-Androy,Imanombo,6558,Rice (local),KG,Retail,MGA,3500,0.84,840000,https://data.humdata.org/dataset/wfp-food-prices-for-madagascar,2026-09-27
"6558:Oil (vegetable, packaged):2026-05-15",2026-05-15,Androy,Ambovombe-Androy,Imanombo,6558,"Oil (vegetable, packaged)",L,Retail,MGA,10000,2.39,2390000,https://data.humdata.org/dataset/wfp-food-prices-for-madagascar,2026-09-27
"6558:Beans (niebe, red):2026-05-15",2026-05-15,Androy,Ambovombe-Androy,Imanombo,6558,"Beans (niebe, red)",KG,Retail,MGA,2400,0.57,570000,https://data.humdata.org/dataset/wfp-food-prices-for-madagascar,2026-09-27
6559:Rice (imported):2026-05-15,2026-05-15,Androy,Ambovombe-Androy,Jafaro,6559,Rice (imported),KG,Retail,MGA,2100,0.5,500000,https://data.humdata.org/dataset/wfp-food-prices-for-madagascar,2026-09-27
6559:Rice (local):2026-05-15,2026-05-15,Androy,Ambovombe-Androy,Jafaro,6559,Rice (local),KG,Retail,MGA,3500,0.84,840000,https://data.humdata.org/dataset/wfp-food-prices-for-madagascar,2026-09-27
"6559:Oil (vegetable, packaged):2026-05-15",2026-05-15,Androy,Ambovombe-Androy,Jafaro,6559,"Oil (vegetable, packaged)",L,Retail,MGA,10000,2.39,2390000,https://data.humdata.org/dataset/wfp-food-prices-for-madagascar,2026-09-27
"6559:Beans (niebe, red):2026-05-15",2026-05-15,Androy,Ambovombe-Androy,Jafaro,6559,"Beans (niebe, red)",KG,Retail,MGA,2400,0.57,570000,https://data.humdata.org/dataset/wfp-food-prices-for-madagascar,2026-09-27
7537:Rice (imported):2026-05-15,2026-05-15,Androy,Ambovombe-Androy,Maroalomainty,7537,Rice (imported),KG,Retail,MGA,2100,0.5,500000,https://data.humdata.org/dataset/wfp-food-prices-for-madagascar,2026-09-27
"7537:Oil (vegetable, packaged):2026-05-15",2026-05-15,Androy,Ambovombe-Androy,Maroalomainty,7537,"Oil (vegetable, packaged)",L,Retail,MGA,12000,2.87,2870000,https://data.humdata.org/dataset/wfp-food-prices-for-madagascar,2026-09-27
"7537:Beans (niebe, red):2026-05-15",2026-05-15,Androy,Ambovombe-Androy,Maroalomainty,7537,"Beans (niebe, red)",KG,Retail,MGA,3200,0.77,770000,https://data.humdata.org/dataset/wfp-food-prices-for-madagascar,2026-09-27
7207:Rice (imported):2026-05-15,2026-05-15,Androy,Ambovombe-Androy,Maroalopoty,7207,Rice (imported),KG,Retail,MGA,2100,0.5,500000,https://data.humdata.org/dataset/wfp-food-prices-for-madagascar,2026-09-27
"7207:Oil (vegetable, packaged):2026-05-15",2026-05-15,Androy,Ambovombe-Androy,Maroalopoty,7207,"Oil (vegetable, packaged)",L,Retail,MGA,12000,2.87,2870000,https://data.humdata.org/dataset/wfp-food-prices-for-madagascar,2026-09-27
"7207:Beans (niebe, red):2026-05-15",2026-05-15,Androy,Ambovombe-Androy,Maroalopoty,7207,"Beans (niebe, red)",KG,Retail,MGA,3200,0.77,770000,https://data.humdata.org/dataset/wfp-food-prices-for-madagascar,2026-09-27
10837:Rice (imported):2026-05-15,2026-05-15,Androy,Ambovombe-Androy,Sihanamaro,10837,Rice (imported),KG,Retail,MGA,2450,0.59,590000,https://data.humdata.org/dataset/wfp-food-prices-for-madagascar,2026-09-27
"10837:Oil (vegetable, packaged):2026-05-15",2026-05-15,Androy,Ambovombe-Androy,Sihanamaro,10837,"Oil (vegetable, packaged)",L,Retail,MGA,12000,2.87,2870000,https://data.humdata.org/dataset/wfp-food-prices-for-madagascar,2026-09-27
"10837:Beans (niebe, red):2026-05-15",2026-05-15,Androy,Ambovombe-Androy,Sihanamaro,10837,"Beans (niebe, red)",KG,Retail,MGA,3200,0.77,770000,https://data.humdata.org/dataset/wfp-food-prices-for-madagascar,2026-09-27
10149:Rice (imported):2026-05-15,2026-05-15,Androy,Ambovombe-Androy,Soatsifa,10149,Rice (imported),KG,Retail,MGA,2100,0.5,500000,https://data.humdata.org/dataset/wfp-food-prices-for-madagascar,2026-09-27
"10149:Oil (vegetable, packaged):2026-05-15",2026-05-15,Androy,Ambovombe-Androy,Soatsifa,10149,"Oil (vegetable, packaged)",L,Retail,MGA,12000,2.87,2870000,https://data.humdata.org/dataset/wfp-food-prices-for-madagascar,2026-09-27
"10149:Beans (niebe, red):2026-05-15",2026-05-15,Androy,Ambovombe-Androy,Soatsifa,10149,"Beans (niebe, red)",KG,Retail,MGA,2800,0.67,670000,https://data.humdata.org/dataset/wfp-food-prices-for-madagascar,2026-09-27
10838:Rice (imported):2026-05-15,2026-05-15,Androy,Ambovombe-Androy,Tsimananada,10838,Rice (imported),KG,Retail,MGA,2100,0.5,500000,https://data.humdata.org/dataset/wfp-food-prices-for-madagascar,2026-09-27
"10838:Oil (vegetable, packaged):2026-05-15",2026-05-15,Androy,Ambovombe-Androy,Tsimananada,10838,"Oil (vegetable, packaged)",L,Retail,MGA,12000,2.87,2870000,https://data.humdata.org/dataset/wfp-food-prices-for-madagascar,2026-09-27
"10838:Beans (niebe, red):2026-05-15",2026-05-15,Androy,Ambovombe-Androy,Tsimananada,10838,"Beans (niebe, red)",KG,Retail,MGA,3200,0.77,770000,https://data.humdata.org/dataset/wfp-food-prices-for-madagascar,2026-09-27
6839:Rice (imported):2026-05-15,2026-05-15,Androy,Bekily,Ambahita,6839,Rice (imported),KG,Retail,MGA,2450,0.59,590000,https://data.humdata.org/dataset/wfp-food-prices-for-madagascar,2026-09-27
6839:Rice (local):2026-05-15,2026-05-15,Androy,Bekily,Ambahita,6839,Rice (local),KG,Retail,MGA,2800,0.67,670000,https://data.humdata.org/dataset/wfp-food-prices-for-madagascar,2026-09-27
"6839:Oil (vegetable, packaged):2026-05-15",2026-05-15,Androy,Bekily,Ambahita,6839,"Oil (vegetable, packaged)",L,Retail,MGA,10000,2.39,2390000,https://data.humdata.org/dataset/wfp-food-prices-for-madagascar,2026-09-27
"6839:Beans (niebe, red):2026-05-15",2026-05-15,Androy,Bekily,Ambahita,6839,"Beans (niebe, red)",KG,Retail,MGA,4000,0.96,960000,https://data.humdata.org/dataset/wfp-food-prices-for-madagascar,2026-09-27
10151:Rice (imported):2026-05-15,2026-05-15,Androy,Bekily,Beraketa,10151,Rice (imported),KG,Retail,MGA,2362.5,0.56,560000,https://data.humdata.org/dataset/wfp-food-prices-for-madagascar,2026-09-27
10151:Rice (local):2026-05-15,2026-05-15,Androy,Bekily,Beraketa,10151,Rice (local),KG,Retail,MGA,2275,0.54,540000,https://data.humdata.org/dataset/wfp-food-prices-for-madagascar,2026-09-27
"10151:Oil (vegetable, packaged):2026-05-15",2026-05-15,Androy,Bekily,Beraketa,10151,"Oil (vegetable, packaged)",L,Retail,MGA,9000,2.15,2150000,https://data.humdata.org/dataset/wfp-food-prices-for-madagascar,2026-09-27
"10151:Beans (niebe, red):2026-05-15",2026-05-15,Androy,Bekily,Beraketa,10151,"Beans (niebe, red)",KG,Retail,MGA,4000,0.96,960000,https://data.humdata.org/dataset/wfp-food-prices-for-madagascar,2026-09-27
4645:Rice (imported):2026-05-15,2026-05-15,Androy,Bekily,Manambahy Bekitro,4645,Rice (imported),KG,Retail,MGA,2534,0.61,610000,https://data.humdata.org/dataset/wfp-food-prices-for-madagascar,2026-09-27
4645:Rice (local):2026-05-15,2026-05-15,Androy,Bekily,Manambahy Bekitro,4645,Rice (local),KG,Retail,MGA,2761.11,0.66,660000,https://data.humdata.org/dataset/wfp-food-prices-for-madagascar,2026-09-27
"4645:Oil (vegetable, packaged):2026-05-15",2026-05-15,Androy,Bekily,Manambahy Bekitro,4645,"Oil (vegetable, packaged)",L,Retail,MGA,12461.54,2.98,2980000,https://data.humdata.org/dataset/wfp-food-prices-for-madagascar,2026-09-27
"4645:Beans (niebe, red):2026-05-15",2026-05-15,Androy,Bekily,Manambahy Bekitro,4645,"Beans (niebe, red)",KG,Retail,MGA,3350,0.8,800000,https://data.humdata.org/dataset/wfp-food-prices-for-madagascar,2026-09-27
7208:Rice (imported):2026-05-15,2026-05-15,Androy,Bekily,Mikaikarivo Ambatomainty,7208,Rice (imported),KG,Retail,MGA,2450,0.59,590000,https://data.humdata.org/dataset/wfp-food-prices-for-madagascar,2026-09-27
7208:Rice (local):2026-05-15,2026-05-15,Androy,Bekily,Mikaikarivo Ambatomainty,7208,Rice (local),KG,Retail,MGA,2187.5,0.52,520000,https://data.humdata.org/dataset/wfp-food-prices-for-madagascar,2026-09-27
"7208:Oil (vegetable, packaged):2026-05-15",2026-05-15,Androy,Bekily,Mikaikarivo Ambatomainty,7208,"Oil (vegetable, packaged)",L,Retail,MGA,10428.57,2.49,2490000,https://data.humdata.org/dataset/wfp-food-prices-for-madagascar,2026-09-27
"7208:Beans (niebe, red):2026-05-15",2026-05-15,Androy,Bekily,Mikaikarivo Ambatomainty,7208,"Beans (niebe, red)",KG,Retail,MGA,2700,0.65,650000,https://data.humdata.org/dataset/wfp-food-prices-for-madagascar,2026-09-27
738:Rice (imported):2026-05-15,2026-05-15,Androy,Bekily,Morafeno Bekily,738,Rice (imported),KG,Retail,MGA,2430.56,0.58,580000,https://data.humdata.org/dataset/wfp-food-prices-for-madagascar,2026-09-27
738:Rice (local):2026-05-15,2026-05-15,Androy,Bekily,Morafeno Bekily,738,Rice (local),KG,Retail,MGA,2625,0.63,630000,https://data.humdata.org/dataset/wfp-food-prices-for-madagascar,2026-09-27
"738:Oil (vegetable, packaged):2026-05-15",2026-05-15,Androy,Bekily,Morafeno Bekily,738,"Oil (vegetable, packaged)",L,Retail,MGA,11200,2.68,2680000,https://data.humdata.org/dataset/wfp-food-prices-for-madagascar,2026-09-27
"738:Beans (niebe, red):2026-05-15",2026-05-15,Androy,Bekily,Morafeno Bekily,738,"Beans (niebe, red)",KG,Retail,MGA,3066.67,0.73,730000,https://data.humdata.org/dataset/wfp-food-prices-for-madagascar,2026-09-27
10909:Rice (imported):2026-05-15,2026-05-15,Androy,Bekily,Vohimanga,10909,Rice (imported),KG,Retail,MGA,2275,0.54,540000,https://data.humdata.org/dataset/wfp-food-prices-for-madagascar,2026-09-27
10909:Rice (local):2026-05-15,2026-05-15,Androy,Bekily,Vohimanga,10909,Rice (local),KG,Retail,MGA,2450,0.59,590000,https://data.humdata.org/dataset/wfp-food-prices-for-madagascar,2026-09-27
"10909:Oil (vegetable, packaged):2026-05-15",2026-05-15,Androy,Bekily,Vohimanga,10909,"Oil (vegetable, packaged)",L,Retail,MGA,10000,2.39,2390000,https://data.humdata.org/dataset/wfp-food-prices-for-madagascar,2026-09-27
"10909:Beans (niebe, red):2026-05-15",2026-05-15,Androy,Bekily,Vohimanga,10909,"Beans (niebe, red)",KG,Retail,MGA,3800,0.91,910000,https://data.humdata.org/dataset/wfp-food-prices-for-madagascar,2026-09-27
10153:Rice (imported):2026-05-15,2026-05-15,Androy,Beloha,Ambatotsivala,10153,Rice (imported),KG,Retail,MGA,2100,0.5,500000,https://data.humdata.org/dataset/wfp-food-prices-for-madagascar,2026-09-27
10153:Rice (local):2026-05-15,2026-05-15,Androy,Beloha,Ambatotsivala,10153,Rice (local),KG,Retail,MGA,3500,0.84,840000,https://data.humdata.org/dataset/wfp-food-prices-for-madagascar,2026-09-27
"10153:Oil (vegetable, packaged):2026-05-15",2026-05-15,Androy,Beloha,Ambatotsivala,10153,"Oil (vegetable, packaged)",L,Retail,MGA,10000,2.39,2390000,https://data.humdata.org/dataset/wfp-food-prices-for-madagascar,2026-09-27
"10153:Beans (niebe, red):2026-05-15",2026-05-15,Androy,Beloha,Ambatotsivala,10153,"Beans (niebe, red)",KG,Retail,MGA,2000,0.48,480000,https://data.humdata.org/dataset/wfp-food-prices-for-madagascar,2026-09-27
10910:Rice (imported):2026-05-15,2026-05-15,Androy,Beloha,Behabobo,10910,Rice (imported),KG,Retail,MGA,2275,0.54,540000,https://data.humdata.org/dataset/wfp-food-prices-for-madagascar,2026-09-27
10910:Rice (local):2026-05-15,2026-05-15,Androy,Beloha,Behabobo,10910,Rice (local),KG,Retail,MGA,3500,0.84,840000,https://data.humdata.org/dataset/wfp-food-prices-for-madagascar,2026-09-27
"10910:Oil (vegetable, packaged):2026-05-15",2026-05-15,Androy,Beloha,Behabobo,10910,"Oil (vegetable, packaged)",L,Retail,MGA,10000,2.39,2390000,https://data.humdata.org/dataset/wfp-food-prices-for-madagascar,2026-09-27
"10910:Beans (niebe, red):2026-05-15",2026-05-15,Androy,Beloha,Behabobo,10910,"Beans (niebe, red)",KG,Retail,MGA,2000,0.48,480000,https://data.humdata.org/dataset/wfp-food-prices-for-madagascar,2026-09-27
734:Rice (imported):2026-05-15,2026-05-15,Androy,Beloha,Beloha,734,Rice (imported),KG,Retail,MGA,2275,0.54,540000,https://data.humdata.org/dataset/wfp-food-prices-for-madagascar,2026-09-27
734:Rice (local):2026-05-15,2026-05-15,Androy,Beloha,Beloha,734,Rice (local),KG,Retail,MGA,3500,0.84,840000,https://data.humdata.org/dataset/wfp-food-prices-for-madagascar,2026-09-27
"734:Oil (vegetable, packaged):2026-05-15",2026-05-15,Androy,Beloha,Beloha,734,"Oil (vegetable, packaged)",L,Retail,MGA,10666.67,2.55,2550000,https://data.humdata.org/dataset/wfp-food-prices-for-madagascar,2026-09-27
"734:Beans (niebe, red):2026-05-15",2026-05-15,Androy,Beloha,Beloha,734,"Beans (niebe, red)",KG,Retail,MGA,2000,0.48,480000,https://data.humdata.org/dataset/wfp-food-prices-for-madagascar,2026-09-27
10911:Rice (imported):2026-05-15,2026-05-15,Androy,Beloha,Kopoky,10911,Rice (imported),KG,Retail,MGA,2275,0.54,540000,https://data.humdata.org/dataset/wfp-food-prices-for-madagascar,2026-09-27
10911:Rice (local):2026-05-15,2026-05-15,Androy,Beloha,Kopoky,10911,Rice (local),KG,Retail,MGA,3500,0.84,840000,https://data.humdata.org/dataset/wfp-food-prices-for-madagascar,2026-09-27
"10911:Oil (vegetable, packaged):2026-05-15",2026-05-15,Androy,Beloha,Kopoky,10911,"Oil (vegetable, packaged)",L,Retail,MGA,10000,2.39,2390000,https://data.humdata.org/dataset/wfp-food-prices-for-madagascar,2026-09-27
"10911:Beans (niebe, red):2026-05-15",2026-05-15,Androy,Beloha,Kopoky,10911,"Beans (niebe, red)",KG,Retail,MGA,2000,0.48,480000,https://data.humdata.org/dataset/wfp-food-prices-for-madagascar,2026-09-27
6859:Rice (imported):2026-05-15,2026-05-15,Androy,Beloha,Mahahegne,6859,Rice (imported),KG,Retail,MGA,2100,0.5,500000,https://data.humdata.org/dataset/wfp-food-prices-for-madagascar,2026-09-27
6859:Rice (local):2026-05-15,2026-05-15,Androy,Beloha,Mahahegne,6859,Rice (local),KG,Retail,MGA,3325,0.79,790000,https://data.humdata.org/dataset/wfp-food-prices-for-madagascar,2026-09-27
"6859:Oil (vegetable, packaged):2026-05-15",2026-05-15,Androy,Beloha,Mahahegne,6859,"Oil (vegetable, packaged)",L,Retail,MGA,10000,2.39,2390000,https://data.humdata.org/dataset/wfp-food-prices-for-madagascar,2026-09-27
"6859:Beans (niebe, red):2026-05-15",2026-05-15,Androy,Beloha,Mahahegne,6859,"Beans (niebe, red)",KG,Retail,MGA,2000,0.48,480000,https://data.humdata.org/dataset/wfp-food-prices-for-madagascar,2026-09-27
6863:Rice (imported):2026-05-15,2026-05-15,Androy,Beloha,Marolinta,6863,Rice (imported),KG,Retail,MGA,2450,0.59,590000,https://data.humdata.org/dataset/wfp-food-prices-for-madagascar,2026-09-27
6863:Rice (local):2026-05-15,2026-05-15,Androy,Beloha,Marolinta,6863,Rice (local),KG,Retail,MGA,3325,0.79,790000,https://data.humdata.org/dataset/wfp-food-prices-for-madagascar,2026-09-27
"6863:Oil (vegetable, packaged):2026-05-15",2026-05-15,Androy,Beloha,Marolinta,6863,"Oil (vegetable, packaged)",L,Retail,MGA,9666.67,2.31,2310000,https://data.humdata.org/dataset/wfp-food-prices-for-madagascar,2026-09-27
"6863:Beans (niebe, red):2026-05-15",2026-05-15,Androy,Beloha,Marolinta,6863,"Beans (niebe, red)",KG,Retail,MGA,2266.67,0.54,540000,https://data.humdata.org/dataset/wfp-food-prices-for-madagascar,2026-09-27
11281:Rice (imported):2026-05-15,2026-05-15,Androy,Beloha,Soamagnitse,11281,Rice (imported),KG,Retail,MGA,2100,0.5,500000,https://data.humdata.org/dataset/wfp-food-prices-for-madagascar,2026-09-27
11281:Rice (local):2026-05-15,2026-05-15,Androy,Beloha,Soamagnitse,11281,Rice (local),KG,Retail,MGA,3325,0.79,790000,https://data.humdata.org/dataset/wfp-food-prices-for-madagascar,2026-09-27
"11281:Oil (vegetable, packaged):2026-05-15",2026-05-15,Androy,Beloha,Soamagnitse,11281,"Oil (vegetable, packaged)",L,Retail,MGA,10000,2.39,2390000,https://data.humdata.org/dataset/wfp-food-prices-for-madagascar,2026-09-27
"11281:Beans (niebe, red):2026-05-15",2026-05-15,Androy,Beloha,Soamagnitse,11281,"Beans (niebe, red)",KG,Retail,MGA,2000,0.48,480000,https://data.humdata.org/dataset/wfp-food-prices-for-madagascar,2026-09-27
4641:Rice (imported):2026-05-15,2026-05-15,Androy,Beloha,Tranoroa,4641,Rice (imported),KG,Retail,MGA,2100,0.5,500000,https://data.humdata.org/dataset/wfp-food-prices-for-madagascar,2026-09-27
4641:Rice (local):2026-05-15,2026-05-15,Androy,Beloha,Tranoroa,4641,Rice (local),KG,Retail,MGA,3325,0.79,790000,https://data.humdata.org/dataset/wfp-food-prices-for-madagascar,2026-09-27
"4641:Oil (vegetable, packaged):2026-05-15",2026-05-15,Androy,Beloha,Tranoroa,4641,"Oil (vegetable, packaged)",L,Retail,MGA,10000,2.39,2390000,https://data.humdata.org/dataset/wfp-food-prices-for-madagascar,2026-09-27
"4641:Beans (niebe, red):2026-05-15",2026-05-15,Androy,Beloha,Tranoroa,4641,"Beans (niebe, red)",KG,Retail,MGA,2000,0.48,480000,https://data.humdata.org/dataset/wfp-food-prices-for-madagascar,2026-09-27
6866:Rice (imported):2026-05-15,2026-05-15,Androy,Beloha,Tranovaho,6866,Rice (imported),KG,Retail,MGA,2100,0.5,500000,https://data.humdata.org/dataset/wfp-food-prices-for-madagascar,2026-09-27
6866:Rice (local):2026-05-15,2026-05-15,Androy,Beloha,Tranovaho,6866,Rice (local),KG,Retail,MGA,3325,0.79,790000,https://data.humdata.org/dataset/wfp-food-prices-for-madagascar,2026-09-27
"6866:Oil (vegetable, packaged):2026-05-15",2026-05-15,Androy,Beloha,Tranovaho,6866,"Oil (vegetable, packaged)",L,Retail,MGA,10000,2.39,2390000,https://data.humdata.org/dataset/wfp-food-prices-for-madagascar,2026-09-27
"6866:Beans (niebe, red):2026-05-15",2026-05-15,Androy,Beloha,Tranovaho,6866,"Beans (niebe, red)",KG,Retail,MGA,2000,0.48,480000,https://data.humdata.org/dataset/wfp-food-prices-for-madagascar,2026-09-27
735:Rice (imported):2026-05-15,2026-05-15,Androy,Tsihombe,Tsihombe,735,Rice (imported),KG,Retail,MGA,2187.5,0.52,520000,https://data.humdata.org/dataset/wfp-food-prices-for-madagascar,2026-09-27
735:Rice (local):2026-05-15,2026-05-15,Androy,Tsihombe,Tsihombe,735,Rice (local),KG,Retail,MGA,3500,0.84,840000,https://data.humdata.org/dataset/wfp-food-prices-for-madagascar,2026-09-27
"735:Oil (vegetable, packaged):2026-05-15",2026-05-15,Androy,Tsihombe,Tsihombe,735,"Oil (vegetable, packaged)",L,Retail,MGA,12250,2.93,2930000,https://data.humdata.org/dataset/wfp-food-prices-for-madagascar,2026-09-27
"735:Beans (niebe, red):2026-05-15",2026-05-15,Androy,Tsihombe,Tsihombe,735,"Beans (niebe, red)",KG,Retail,MGA,2400,0.57,570000,https://data.humdata.org/dataset/wfp-food-prices-for-madagascar,2026-09-27
"9096:Oil (vegetable, packaged):2026-06-15",2026-06-15,Androy,Ambovombe-Androy,Ambonaivo,9096,"Oil (vegetable, packaged)",L,Retail,MGA,10000,2.38,2380000,https://data.humdata.org/dataset/wfp-food-prices-for-madagascar,2026-09-27
"9096:Beans (niebe, red):2026-06-15",2026-06-15,Androy,Ambovombe-Androy,Ambonaivo,9096,"Beans (niebe, red)",KG,Retail,MGA,2800,0.67,670000,https://data.humdata.org/dataset/wfp-food-prices-for-madagascar,2026-09-27
6557:Rice (imported):2026-06-15,2026-06-15,Androy,Ambovombe-Androy,Ampamata,6557,Rice (imported),KG,Retail,MGA,2100,0.5,500000,https://data.humdata.org/dataset/wfp-food-prices-for-madagascar,2026-09-27
6557:Rice (local):2026-06-15,2026-06-15,Androy,Ambovombe-Androy,Ampamata,6557,Rice (local),KG,Retail,MGA,3150,0.75,750000,https://data.humdata.org/dataset/wfp-food-prices-for-madagascar,2026-09-27
"6557:Oil (vegetable, packaged):2026-06-15",2026-06-15,Androy,Ambovombe-Androy,Ampamata,6557,"Oil (vegetable, packaged)",L,Retail,MGA,10000,2.38,2380000,https://data.humdata.org/dataset/wfp-food-prices-for-madagascar,2026-09-27
"6557:Beans (niebe, red):2026-06-15",2026-06-15,Androy,Ambovombe-Androy,Ampamata,6557,"Beans (niebe, red)",KG,Retail,MGA,2400,0.57,570000,https://data.humdata.org/dataset/wfp-food-prices-for-madagascar,2026-09-27
4972:Rice (imported):2026-06-15,2026-06-15,Androy,Ambovombe-Androy,Andalatanosy,4972,Rice (imported),KG,Retail,MGA,2216.67,0.53,530000,https://data.humdata.org/dataset/wfp-food-prices-for-madagascar,2026-09-27
4972:Rice (local):2026-06-15,2026-06-15,Androy,Ambovombe-Androy,Andalatanosy,4972,Rice (local),KG,Retail,MGA,3266.67,0.78,780000,https://data.humdata.org/dataset/wfp-food-prices-for-madagascar,2026-09-27
"4972:Oil (vegetable, packaged):2026-06-15",2026-06-15,Androy,Ambovombe-Androy,Andalatanosy,4972,"Oil (vegetable, packaged)",L,Retail,MGA,10250,2.44,2440000,https://data.humdata.org/dataset/wfp-food-prices-for-madagascar,2026-09-27
"4972:Beans (niebe, red):2026-06-15",2026-06-15,Androy,Ambovombe-Androy,Andalatanosy,4972,"Beans (niebe, red)",KG,Retail,MGA,2933.33,0.7,700000,https://data.humdata.org/dataset/wfp-food-prices-for-madagascar,2026-09-27
9104:Rice (imported):2026-06-15,2026-06-15,Androy,Ambovombe-Androy,Andragnanivo,9104,Rice (imported),KG,Retail,MGA,2100,0.5,500000,https://data.humdata.org/dataset/wfp-food-prices-for-madagascar,2026-09-27
9104:Rice (local):2026-06-15,2026-06-15,Androy,Ambovombe-Androy,Andragnanivo,9104,Rice (local),KG,Retail,MGA,3150,0.75,750000,https://data.humdata.org/dataset/wfp-food-prices-for-madagascar,2026-09-27
"9104:Oil (vegetable, packaged):2026-06-15",2026-06-15,Androy,Ambovombe-Androy,Andragnanivo,9104,"Oil (vegetable, packaged)",L,Retail,MGA,10000,2.38,2380000,https://data.humdata.org/dataset/wfp-food-prices-for-madagascar,2026-09-27
"9104:Beans (niebe, red):2026-06-15",2026-06-15,Androy,Ambovombe-Androy,Andragnanivo,9104,"Beans (niebe, red)",KG,Retail,MGA,2400,0.57,570000,https://data.humdata.org/dataset/wfp-food-prices-for-madagascar,2026-09-27
4644:Rice (imported):2026-06-15,2026-06-15,Androy,Ambovombe-Androy,Antanimora Atsimo,4644,Rice (imported),KG,Retail,MGA,2275,0.54,540000,https://data.humdata.org/dataset/wfp-food-prices-for-madagascar,2026-09-27
4644:Rice (local):2026-06-15,2026-06-15,Androy,Ambovombe-Androy,Antanimora Atsimo,4644,Rice (local),KG,Retail,MGA,3266.67,0.78,780000,https://data.humdata.org/dataset/wfp-food-prices-for-madagascar,2026-09-27
"4644:Oil (vegetable, packaged):2026-06-15",2026-06-15,Androy,Ambovombe-Androy,Antanimora Atsimo,4644,"Oil (vegetable, packaged)",L,Retail,MGA,10250,2.44,2440000,https://data.humdata.org/dataset/wfp-food-prices-for-madagascar,2026-09-27
"4644:Beans (niebe, red):2026-06-15",2026-06-15,Androy,Ambovombe-Androy,Antanimora Atsimo,4644,"Beans (niebe, red)",KG,Retail,MGA,2933.33,0.7,700000,https://data.humdata.org/dataset/wfp-food-prices-for-madagascar,2026-09-27
6558:Rice (imported):2026-06-15,2026-06-15,Androy,Ambovombe-Androy,Imanombo,6558,Rice (imported),KG,Retail,MGA,2100,0.5,500000,https://data.humdata.org/dataset/wfp-food-prices-for-madagascar,2026-09-27
6558:Rice (local):2026-06-15,2026-06-15,Androy,Ambovombe-Androy,Imanombo,6558,Rice (local),KG,Retail,MGA,3150,0.75,750000,https://data.humdata.org/dataset/wfp-food-prices-for-madagascar,2026-09-27
"6558:Oil (vegetable, packaged):2026-06-15",2026-06-15,Androy,Ambovombe-Androy,Imanombo,6558,"Oil (vegetable, packaged)",L,Retail,MGA,10000,2.38,2380000,https://data.humdata.org/dataset/wfp-food-prices-for-madagascar,2026-09-27
"6558:Beans (niebe, red):2026-06-15",2026-06-15,Androy,Ambovombe-Androy,Imanombo,6558,"Beans (niebe, red)",KG,Retail,MGA,2400,0.57,570000,https://data.humdata.org/dataset/wfp-food-prices-for-madagascar,2026-09-27
6559:Rice (imported):2026-06-15,2026-06-15,Androy,Ambovombe-Androy,Jafaro,6559,Rice (imported),KG,Retail,MGA,2100,0.5,500000,https://data.humdata.org/dataset/wfp-food-prices-for-madagascar,2026-09-27
6559:Rice (local):2026-06-15,2026-06-15,Androy,Ambovombe-Androy,Jafaro,6559,Rice (local),KG,Retail,MGA,3150,0.75,750000,https://data.humdata.org/dataset/wfp-food-prices-for-madagascar,2026-09-27
"6559:Oil (vegetable, packaged):2026-06-15",2026-06-15,Androy,Ambovombe-Androy,Jafaro,6559,"Oil (vegetable, packaged)",L,Retail,MGA,10000,2.38,2380000,https://data.humdata.org/dataset/wfp-food-prices-for-madagascar,2026-09-27
"6559:Beans (niebe, red):2026-06-15",2026-06-15,Androy,Ambovombe-Androy,Jafaro,6559,"Beans (niebe, red)",KG,Retail,MGA,2400,0.57,570000,https://data.humdata.org/dataset/wfp-food-prices-for-madagascar,2026-09-27
9136:Rice (imported):2026-06-15,2026-06-15,Androy,Bekily,Ambatomainty,9136,Rice (imported),KG,Retail,MGA,2362.5,0.56,560000,https://data.humdata.org/dataset/wfp-food-prices-for-madagascar,2026-09-27
9136:Rice (local):2026-06-15,2026-06-15,Androy,Bekily,Ambatomainty,9136,Rice (local),KG,Retail,MGA,2450,0.58,580000,https://data.humdata.org/dataset/wfp-food-prices-for-madagascar,2026-09-27
"9136:Oil (vegetable, packaged):2026-06-15",2026-06-15,Androy,Bekily,Ambatomainty,9136,"Oil (vegetable, packaged)",L,Retail,MGA,8500,2.02,2020000,https://data.humdata.org/dataset/wfp-food-prices-for-madagascar,2026-09-27
"9136:Beans (niebe, red):2026-06-15",2026-06-15,Androy,Bekily,Ambatomainty,9136,"Beans (niebe, red)",KG,Retail,MGA,2400,0.57,570000,https://data.humdata.org/dataset/wfp-food-prices-for-madagascar,2026-09-27
7208:Rice (imported):2026-06-15,2026-06-15,Androy,Bekily,Mikaikarivo Ambatomainty,7208,Rice (imported),KG,Retail,MGA,2625,0.62,620000,https://data.humdata.org/dataset/wfp-food-prices-for-madagascar,2026-09-27
7208:Rice (local):2026-06-15,2026-06-15,Androy,Bekily,Mikaikarivo Ambatomainty,7208,Rice (local),KG,Retail,MGA,2450,0.58,580000,https://data.humdata.org/dataset/wfp-food-prices-for-madagascar,2026-09-27
"7208:Oil (vegetable, packaged):2026-06-15",2026-06-15,Androy,Bekily,Mikaikarivo Ambatomainty,7208,"Oil (vegetable, packaged)",L,Retail,MGA,10000,2.38,2380000,https://data.humdata.org/dataset/wfp-food-prices-for-madagascar,2026-09-27
"7208:Beans (niebe, red):2026-06-15",2026-06-15,Androy,Bekily,Mikaikarivo Ambatomainty,7208,"Beans (niebe, red)",KG,Retail,MGA,2800,0.67,670000,https://data.humdata.org/dataset/wfp-food-prices-for-madagascar,2026-09-27
738:Rice (imported):2026-06-15,2026-06-15,Androy,Bekily,Morafeno Bekily,738,Rice (imported),KG,Retail,MGA,2275,0.54,540000,https://data.humdata.org/dataset/wfp-food-prices-for-madagascar,2026-09-27
738:Rice (local):2026-06-15,2026-06-15,Androy,Bekily,Morafeno Bekily,738,Rice (local),KG,Retail,MGA,2450,0.58,580000,https://data.humdata.org/dataset/wfp-food-prices-for-madagascar,2026-09-27
"738:Oil (vegetable, packaged):2026-06-15",2026-06-15,Androy,Bekily,Morafeno Bekily,738,"Oil (vegetable, packaged)",L,Retail,MGA,11750,2.79,2790000,https://data.humdata.org/dataset/wfp-food-prices-for-madagascar,2026-09-27
"738:Beans (niebe, red):2026-06-15",2026-06-15,Androy,Bekily,Morafeno Bekily,738,"Beans (niebe, red)",KG,Retail,MGA,2800,0.67,670000,https://data.humdata.org/dataset/wfp-food-prices-for-madagascar,2026-09-27
10153:Rice (imported):2026-06-15,2026-06-15,Androy,Beloha,Ambatotsivala,10153,Rice (imported),KG,Retail,MGA,2100,0.5,500000,https://data.humdata.org/dataset/wfp-food-prices-for-madagascar,2026-09-27
10153:Rice (local):2026-06-15,2026-06-15,Androy,Beloha,Ambatotsivala,10153,Rice (local),KG,Retail,MGA,3500,0.83,830000,https://data.humdata.org/dataset/wfp-food-prices-for-madagascar,2026-09-27
"10153:Oil (vegetable, packaged):2026-06-15",2026-06-15,Androy,Beloha,Ambatotsivala,10153,"Oil (vegetable, packaged)",L,Retail,MGA,10000,2.38,2380000,https://data.humdata.org/dataset/wfp-food-prices-for-madagascar,2026-09-27
"10153:Beans (niebe, red):2026-06-15",2026-06-15,Androy,Beloha,Ambatotsivala,10153,"Beans (niebe, red)",KG,Retail,MGA,2200,0.52,520000,https://data.humdata.org/dataset/wfp-food-prices-for-madagascar,2026-09-27
10910:Rice (imported):2026-06-15,2026-06-15,Androy,Beloha,Behabobo,10910,Rice (imported),KG,Retail,MGA,2100,0.5,500000,https://data.humdata.org/dataset/wfp-food-prices-for-madagascar,2026-09-27
10910:Rice (local):2026-06-15,2026-06-15,Androy,Beloha,Behabobo,10910,Rice (local),KG,Retail,MGA,3500,0.83,830000,https://data.humdata.org/dataset/wfp-food-prices-for-madagascar,2026-09-27
"10910:Oil (vegetable, packaged):2026-06-15",2026-06-15,Androy,Beloha,Behabobo,10910,"Oil (vegetable, packaged)",L,Retail,MGA,10000,2.38,2380000,https://data.humdata.org/dataset/wfp-food-prices-for-madagascar,2026-09-27
"10910:Beans (niebe, red):2026-06-15",2026-06-15,Androy,Beloha,Behabobo,10910,"Beans (niebe, red)",KG,Retail,MGA,2200,0.52,520000,https://data.humdata.org/dataset/wfp-food-prices-for-madagascar,2026-09-27
734:Rice (imported):2026-06-15,2026-06-15,Androy,Beloha,Beloha,734,Rice (imported),KG,Retail,MGA,2100,0.5,500000,https://data.humdata.org/dataset/wfp-food-prices-for-madagascar,2026-09-27
734:Rice (local):2026-06-15,2026-06-15,Androy,Beloha,Beloha,734,Rice (local),KG,Retail,MGA,3500,0.83,830000,https://data.humdata.org/dataset/wfp-food-prices-for-madagascar,2026-09-27
"734:Oil (vegetable, packaged):2026-06-15",2026-06-15,Androy,Beloha,Beloha,734,"Oil (vegetable, packaged)",L,Retail,MGA,11000,2.62,2620000,https://data.humdata.org/dataset/wfp-food-prices-for-madagascar,2026-09-27
"734:Beans (niebe, red):2026-06-15",2026-06-15,Androy,Beloha,Beloha,734,"Beans (niebe, red)",KG,Retail,MGA,2200,0.52,520000,https://data.humdata.org/dataset/wfp-food-prices-for-madagascar,2026-09-27
10911:Rice (imported):2026-06-15,2026-06-15,Androy,Beloha,Kopoky,10911,Rice (imported),KG,Retail,MGA,2100,0.5,500000,https://data.humdata.org/dataset/wfp-food-prices-for-madagascar,2026-09-27
10911:Rice (local):2026-06-15,2026-06-15,Androy,Beloha,Kopoky,10911,Rice (local),KG,Retail,MGA,3500,0.83,830000,https://data.humdata.org/dataset/wfp-food-prices-for-madagascar,2026-09-27
"10911:Oil (vegetable, packaged):2026-06-15",2026-06-15,Androy,Beloha,Kopoky,10911,"Oil (vegetable, packaged)",L,Retail,MGA,10000,2.38,2380000,https://data.humdata.org/dataset/wfp-food-prices-for-madagascar,2026-09-27
"10911:Beans (niebe, red):2026-06-15",2026-06-15,Androy,Beloha,Kopoky,10911,"Beans (niebe, red)",KG,Retail,MGA,2200,0.52,520000,https://data.humdata.org/dataset/wfp-food-prices-for-madagascar,2026-09-27
6859:Rice (imported):2026-06-15,2026-06-15,Androy,Beloha,Mahahegne,6859,Rice (imported),KG,Retail,MGA,2100,0.5,500000,https://data.humdata.org/dataset/wfp-food-prices-for-madagascar,2026-09-27
6859:Rice (local):2026-06-15,2026-06-15,Androy,Beloha,Mahahegne,6859,Rice (local),KG,Retail,MGA,3500,0.83,830000,https://data.humdata.org/dataset/wfp-food-prices-for-madagascar,2026-09-27
"6859:Oil (vegetable, packaged):2026-06-15",2026-06-15,Androy,Beloha,Mahahegne,6859,"Oil (vegetable, packaged)",L,Retail,MGA,10000,2.38,2380000,https://data.humdata.org/dataset/wfp-food-prices-for-madagascar,2026-09-27
"6859:Beans (niebe, red):2026-06-15",2026-06-15,Androy,Beloha,Mahahegne,6859,"Beans (niebe, red)",KG,Retail,MGA,2200,0.52,520000,https://data.humdata.org/dataset/wfp-food-prices-for-madagascar,2026-09-27
6863:Rice (imported):2026-06-15,2026-06-15,Androy,Beloha,Marolinta,6863,Rice (imported),KG,Retail,MGA,2100,0.5,500000,https://data.humdata.org/dataset/wfp-food-prices-for-madagascar,2026-09-27
6863:Rice (local):2026-06-15,2026-06-15,Androy,Beloha,Marolinta,6863,Rice (local),KG,Retail,MGA,3500,0.83,830000,https://data.humdata.org/dataset/wfp-food-prices-for-madagascar,2026-09-27
"6863:Oil (vegetable, packaged):2026-06-15",2026-06-15,Androy,Beloha,Marolinta,6863,"Oil (vegetable, packaged)",L,Retail,MGA,10000,2.38,2380000,https://data.humdata.org/dataset/wfp-food-prices-for-madagascar,2026-09-27
"6863:Beans (niebe, red):2026-06-15",2026-06-15,Androy,Beloha,Marolinta,6863,"Beans (niebe, red)",KG,Retail,MGA,2200,0.52,520000,https://data.humdata.org/dataset/wfp-food-prices-for-madagascar,2026-09-27
11281:Rice (imported):2026-06-15,2026-06-15,Androy,Beloha,Soamagnitse,11281,Rice (imported),KG,Retail,MGA,2100,0.5,500000,https://data.humdata.org/dataset/wfp-food-prices-for-madagascar,2026-09-27
11281:Rice (local):2026-06-15,2026-06-15,Androy,Beloha,Soamagnitse,11281,Rice (local),KG,Retail,MGA,3500,0.83,830000,https://data.humdata.org/dataset/wfp-food-prices-for-madagascar,2026-09-27
"11281:Oil (vegetable, packaged):2026-06-15",2026-06-15,Androy,Beloha,Soamagnitse,11281,"Oil (vegetable, packaged)",L,Retail,MGA,10000,2.38,2380000,https://data.humdata.org/dataset/wfp-food-prices-for-madagascar,2026-09-27
"11281:Beans (niebe, red):2026-06-15",2026-06-15,Androy,Beloha,Soamagnitse,11281,"Beans (niebe, red)",KG,Retail,MGA,2200,0.52,520000,https://data.humdata.org/dataset/wfp-food-prices-for-madagascar,2026-09-27
4641:Rice (imported):2026-06-15,2026-06-15,Androy,Beloha,Tranoroa,4641,Rice (imported),KG,Retail,MGA,2100,0.5,500000,https://data.humdata.org/dataset/wfp-food-prices-for-madagascar,2026-09-27
4641:Rice (local):2026-06-15,2026-06-15,Androy,Beloha,Tranoroa,4641,Rice (local),KG,Retail,MGA,3500,0.83,830000,https://data.humdata.org/dataset/wfp-food-prices-for-madagascar,2026-09-27
"4641:Oil (vegetable, packaged):2026-06-15",2026-06-15,Androy,Beloha,Tranoroa,4641,"Oil (vegetable, packaged)",L,Retail,MGA,10666.67,2.54,2540000,https://data.humdata.org/dataset/wfp-food-prices-for-madagascar,2026-09-27
"4641:Beans (niebe, red):2026-06-15",2026-06-15,Androy,Beloha,Tranoroa,4641,"Beans (niebe, red)",KG,Retail,MGA,2200,0.52,520000,https://data.humdata.org/dataset/wfp-food-prices-for-madagascar,2026-09-27
6866:Rice (imported):2026-06-15,2026-06-15,Androy,Beloha,Tranovaho,6866,Rice (imported),KG,Retail,MGA,2100,0.5,500000,https://data.humdata.org/dataset/wfp-food-prices-for-madagascar,2026-09-27
6866:Rice (local):2026-06-15,2026-06-15,Androy,Beloha,Tranovaho,6866,Rice (local),KG,Retail,MGA,3500,0.83,830000,https://data.humdata.org/dataset/wfp-food-prices-for-madagascar,2026-09-27
"6866:Oil (vegetable, packaged):2026-06-15",2026-06-15,Androy,Beloha,Tranovaho,6866,"Oil (vegetable, packaged)",L,Retail,MGA,10000,2.38,2380000,https://data.humdata.org/dataset/wfp-food-prices-for-madagascar,2026-09-27
"6866:Beans (niebe, red):2026-06-15",2026-06-15,Androy,Beloha,Tranovaho,6866,"Beans (niebe, red)",KG,Retail,MGA,2200,0.52,520000,https://data.humdata.org/dataset/wfp-food-prices-for-madagascar,2026-09-27
735:Rice (imported):2026-06-15,2026-06-15,Androy,Tsihombe,Tsihombe,735,Rice (imported),KG,Retail,MGA,2187.5,0.52,520000,https://data.humdata.org/dataset/wfp-food-prices-for-madagascar,2026-09-27
735:Rice (local):2026-06-15,2026-06-15,Androy,Tsihombe,Tsihombe,735,Rice (local),KG,Retail,MGA,3500,0.83,830000,https://data.humdata.org/dataset/wfp-food-prices-for-madagascar,2026-09-27
"735:Oil (vegetable, packaged):2026-06-15",2026-06-15,Androy,Tsihombe,Tsihombe,735,"Oil (vegetable, packaged)",L,Retail,MGA,12000,2.85,2850000,https://data.humdata.org/dataset/wfp-food-prices-for-madagascar,2026-09-27
"735:Beans (niebe, red):2026-06-15",2026-06-15,Androy,Tsihombe,Tsihombe,735,"Beans (niebe, red)",KG,Retail,MGA,2600,0.62,620000,https://data.humdata.org/dataset/wfp-food-prices-for-madagascar,2026-09-27
9105:Rice (imported):2026-07-15,2026-07-15,Androy,Ambovombe-Androy,Ambanisarika,9105,Rice (imported),KG,Retail,MGA,2625,0.61,610000,https://data.humdata.org/dataset/wfp-food-prices-for-madagascar,2026-09-27
"9105:Oil (vegetable, packaged):2026-07-15",2026-07-15,Androy,Ambovombe-Androy,Ambanisarika,9105,"Oil (vegetable, packaged)",L,Retail,MGA,10000,2.32,2320000,https://data.humdata.org/dataset/wfp-food-prices-for-madagascar,2026-09-27
"9105:Beans (niebe, red):2026-07-15",2026-07-15,Androy,Ambovombe-Androy,Ambanisarika,9105,"Beans (niebe, red)",KG,Retail,MGA,3600,0.84,840000,https://data.humdata.org/dataset/wfp-food-prices-for-madagascar,2026-09-27
4643:Rice (imported):2026-07-15,2026-07-15,Androy,Ambovombe-Androy,Ambondro,4643,Rice (imported),KG,Retail,MGA,2625,0.61,610000,https://data.humdata.org/dataset/wfp-food-prices-for-madagascar,2026-09-27
4643:Rice (local):2026-07-15,2026-07-15,Androy,Ambovombe-Androy,Ambondro,4643,Rice (local),KG,Retail,MGA,3150,0.73,730000,https://data.humdata.org/dataset/wfp-food-prices-for-madagascar,2026-09-27
"4643:Oil (vegetable, packaged):2026-07-15",2026-07-15,Androy,Ambovombe-Androy,Ambondro,4643,"Oil (vegetable, packaged)",L,Retail,MGA,10000,2.32,2320000,https://data.humdata.org/dataset/wfp-food-prices-for-madagascar,2026-09-27
"4643:Beans (niebe, red):2026-07-15",2026-07-15,Androy,Ambovombe-Androy,Ambondro,4643,"Beans (niebe, red)",KG,Retail,MGA,3200,0.74,740000,https://data.humdata.org/dataset/wfp-food-prices-for-madagascar,2026-09-27
736:Rice (imported):2026-07-15,2026-07-15,Androy,Ambovombe-Androy,Ambovombe-androy,736,Rice (imported),KG,Retail,MGA,2931.25,0.68,680000,https://data.humdata.org/dataset/wfp-food-prices-for-madagascar,2026-09-27
736:Rice (local):2026-07-15,2026-07-15,Androy,Ambovombe-Androy,Ambovombe-androy,736,Rice (local),KG,Retail,MGA,3150,0.73,730000,https://data.humdata.org/dataset/wfp-food-prices-for-madagascar,2026-09-27
"736:Oil (vegetable, packaged):2026-07-15",2026-07-15,Androy,Ambovombe-Androy,Ambovombe-androy,736,"Oil (vegetable, packaged)",L,Retail,MGA,10375,2.41,2410000,https://data.humdata.org/dataset/wfp-food-prices-for-madagascar,2026-09-27
"736:Beans (niebe, red):2026-07-15",2026-07-15,Androy,Ambovombe-Androy,Ambovombe-androy,736,"Beans (niebe, red)",KG,Retail,MGA,4000,0.93,930000,https://data.humdata.org/dataset/wfp-food-prices-for-madagascar,2026-09-27
6557:Rice (imported):2026-07-15,2026-07-15,Androy,Ambovombe-Androy,Ampamata,6557,Rice (imported),KG,Retail,MGA,2450,0.57,570000,https://data.humdata.org/dataset/wfp-food-prices-for-madagascar,2026-09-27
6557:Rice (local):2026-07-15,2026-07-15,Androy,Ambovombe-Androy,Ampamata,6557,Rice (local),KG,Retail,MGA,3500,0.81,810000,https://data.humdata.org/dataset/wfp-food-prices-for-madagascar,2026-09-27
"6557:Oil (vegetable, packaged):2026-07-15",2026-07-15,Androy,Ambovombe-Androy,Ampamata,6557,"Oil (vegetable, packaged)",L,Retail,MGA,10000,2.32,2320000,https://data.humdata.org/dataset/wfp-food-prices-for-madagascar,2026-09-27
"6557:Beans (niebe, red):2026-07-15",2026-07-15,Androy,Ambovombe-Androy,Ampamata,6557,"Beans (niebe, red)",KG,Retail,MGA,2400,0.56,560000,https://data.humdata.org/dataset/wfp-food-prices-for-madagascar,2026-09-27
4972:Rice (imported):2026-07-15,2026-07-15,Androy,Ambovombe-Androy,Andalatanosy,4972,Rice (imported),KG,Retail,MGA,2450,0.57,570000,https://data.humdata.org/dataset/wfp-food-prices-for-madagascar,2026-09-27
4972:Rice (local):2026-07-15,2026-07-15,Androy,Ambovombe-Androy,Andalatanosy,4972,Rice (local),KG,Retail,MGA,3150,0.73,730000,https://data.humdata.org/dataset/wfp-food-prices-for-madagascar,2026-09-27
"4972:Oil (vegetable, packaged):2026-07-15",2026-07-15,Androy,Ambovombe-Androy,Andalatanosy,4972,"Oil (vegetable, packaged)",L,Retail,MGA,10000,2.32,2320000,https://data.humdata.org/dataset/wfp-food-prices-for-madagascar,2026-09-27
"4972:Beans (niebe, red):2026-07-15",2026-07-15,Androy,Ambovombe-Androy,Andalatanosy,4972,"Beans (niebe, red)",KG,Retail,MGA,3200,0.74,740000,https://data.humdata.org/dataset/wfp-food-prices-for-madagascar,2026-09-27
9104:Rice (imported):2026-07-15,2026-07-15,Androy,Ambovombe-Androy,Andragnanivo,9104,Rice (imported),KG,Retail,MGA,2450,0.57,570000,https://data.humdata.org/dataset/wfp-food-prices-for-madagascar,2026-09-27
9104:Rice (local):2026-07-15,2026-07-15,Androy,Ambovombe-Androy,Andragnanivo,9104,Rice (local),KG,Retail,MGA,3500,0.81,810000,https://data.humdata.org/dataset/wfp-food-prices-for-madagascar,2026-09-27
"9104:Oil (vegetable, packaged):2026-07-15",2026-07-15,Androy,Ambovombe-Androy,Andragnanivo,9104,"Oil (vegetable, packaged)",L,Retail,MGA,10000,2.32,2320000,https://data.humdata.org/dataset/wfp-food-prices-for-madagascar,2026-09-27
"9104:Beans (niebe, red):2026-07-15",2026-07-15,Androy,Ambovombe-Androy,Andragnanivo,9104,"Beans (niebe, red)",KG,Retail,MGA,2400,0.56,560000,https://data.humdata.org/dataset/wfp-food-prices-for-madagascar,2026-09-27
4644:Rice (imported):2026-07-15,2026-07-15,Androy,Ambovombe-Androy,Antanimora Atsimo,4644,Rice (imported),KG,Retail,MGA,3062.5,0.71,710000,https://data.humdata.org/dataset/wfp-food-prices-for-madagascar,2026-09-27
4644:Rice (local):2026-07-15,2026-07-15,Androy,Ambovombe-Androy,Antanimora Atsimo,4644,Rice (local),KG,Retail,MGA,3500,0.81,810000,https://data.humdata.org/dataset/wfp-food-prices-for-madagascar,2026-09-27
"4644:Oil (vegetable, packaged):2026-07-15",2026-07-15,Androy,Ambovombe-Androy,Antanimora Atsimo,4644,"Oil (vegetable, packaged)",L,Retail,MGA,10571.43,2.46,2460000,https://data.humdata.org/dataset/wfp-food-prices-for-madagascar,2026-09-27
"4644:Beans (niebe, red):2026-07-15",2026-07-15,Androy,Ambovombe-Androy,Antanimora Atsimo,4644,"Beans (niebe, red)",KG,Retail,MGA,3600,0.84,840000,https://data.humdata.org/dataset/wfp-food-prices-for-madagascar,2026-09-27
6558:Rice (imported):2026-07-15,2026-07-15,Androy,Ambovombe-Androy,Imanombo,6558,Rice (imported),KG,Retail,MGA,2450,0.57,570000,https://data.humdata.org/dataset/wfp-food-prices-for-madagascar,2026-09-27
6558:Rice (local):2026-07-15,2026-07-15,Androy,Ambovombe-Androy,Imanombo,6558,Rice (local),KG,Retail,MGA,3500,0.81,810000,https://data.humdata.org/dataset/wfp-food-prices-for-madagascar,2026-09-27
"6558:Oil (vegetable, packaged):2026-07-15",2026-07-15,Androy,Ambovombe-Androy,Imanombo,6558,"Oil (vegetable, packaged)",L,Retail,MGA,10000,2.32,2320000,https://data.humdata.org/dataset/wfp-food-prices-for-madagascar,2026-09-27
"6558:Beans (niebe, red):2026-07-15",2026-07-15,Androy,Ambovombe-Androy,Imanombo,6558,"Beans (niebe, red)",KG,Retail,MGA,2400,0.56,560000,https://data.humdata.org/dataset/wfp-food-prices-for-madagascar,2026-09-27
6559:Rice (imported):2026-07-15,2026-07-15,Androy,Ambovombe-Androy,Jafaro,6559,Rice (imported),KG,Retail,MGA,2450,0.57,570000,https://data.humdata.org/dataset/wfp-food-prices-for-madagascar,2026-09-27
6559:Rice (local):2026-07-15,2026-07-15,Androy,Ambovombe-Androy,Jafaro,6559,Rice (local),KG,Retail,MGA,3500,0.81,810000,https://data.humdata.org/dataset/wfp-food-prices-for-madagascar,2026-09-27
"6559:Oil (vegetable, packaged):2026-07-15",2026-07-15,Androy,Ambovombe-Androy,Jafaro,6559,"Oil (vegetable, packaged)",L,Retail,MGA,10000,2.32,2320000,https://data.humdata.org/dataset/wfp-food-prices-for-madagascar,2026-09-27
"6559:Beans (niebe, red):2026-07-15",2026-07-15,Androy,Ambovombe-Androy,Jafaro,6559,"Beans (niebe, red)",KG,Retail,MGA,2400,0.56,560000,https://data.humdata.org/dataset/wfp-food-prices-for-madagascar,2026-09-27
6839:Rice (imported):2026-07-15,2026-07-15,Androy,Bekily,Ambahita,6839,Rice (imported),KG,Retail,MGA,2566.67,0.6,600000,https://data.humdata.org/dataset/wfp-food-prices-for-madagascar,2026-09-27
6839:Rice (local):2026-07-15,2026-07-15,Androy,Bekily,Ambahita,6839,Rice (local),KG,Retail,MGA,2800,0.65,650000,https://data.humdata.org/dataset/wfp-food-prices-for-madagascar,2026-09-27
"6839:Oil (vegetable, packaged):2026-07-15",2026-07-15,Androy,Bekily,Ambahita,6839,"Oil (vegetable, packaged)",L,Retail,MGA,9625,2.24,2240000,https://data.humdata.org/dataset/wfp-food-prices-for-madagascar,2026-09-27
9136:Rice (imported):2026-07-15,2026-07-15,Androy,Bekily,Ambatomainty,9136,Rice (imported),KG,Retail,MGA,2800,0.65,650000,https://data.humdata.org/dataset/wfp-food-prices-for-madagascar,2026-09-27
9136:Rice (local):2026-07-15,2026-07-15,Androy,Bekily,Ambatomainty,9136,Rice (local),KG,Retail,MGA,3150,0.73,730000,https://data.humdata.org/dataset/wfp-food-prices-for-madagascar,2026-09-27
"9136:Oil (vegetable, packaged):2026-07-15",2026-07-15,Androy,Bekily,Ambatomainty,9136,"Oil (vegetable, packaged)",L,Retail,MGA,10000,2.32,2320000,https://data.humdata.org/dataset/wfp-food-prices-for-madagascar,2026-09-27
10151:Rice (imported):2026-07-15,2026-07-15,Androy,Bekily,Beraketa,10151,Rice (imported),KG,Retail,MGA,2450,0.57,570000,https://data.humdata.org/dataset/wfp-food-prices-for-madagascar,2026-09-27
10151:Rice (local):2026-07-15,2026-07-15,Androy,Bekily,Beraketa,10151,Rice (local),KG,Retail,MGA,2275,0.53,530000,https://data.humdata.org/dataset/wfp-food-prices-for-madagascar,2026-09-27
"10151:Oil (vegetable, packaged):2026-07-15",2026-07-15,Androy,Bekily,Beraketa,10151,"Oil (vegetable, packaged)",L,Retail,MGA,10777.78,2.51,2510000,https://data.humdata.org/dataset/wfp-food-prices-for-madagascar,2026-09-27
"10151:Beans (niebe, red):2026-07-15",2026-07-15,Androy,Bekily,Beraketa,10151,"Beans (niebe, red)",KG,Retail,MGA,5700,1.33,1330000,https://data.humdata.org/dataset/wfp-food-prices-for-madagascar,2026-09-27
6849:Rice (imported):2026-07-15,2026-07-15,Androy,Bekily,Bevitiky,6849,Rice (imported),KG,Retail,MGA,2450,0.57,570000,https://data.humdata.org/dataset/wfp-food-prices-for-madagascar,2026-09-27
6849:Rice (local):2026-07-15,2026-07-15,Androy,Bekily,Bevitiky,6849,Rice (local),KG,Retail,MGA,2800,0.65,650000,https://data.humdata.org/dataset/wfp-food-prices-for-madagascar,2026-09-27
"6849:Beans (niebe, red):2026-07-15",2026-07-15,Androy,Bekily,Bevitiky,6849,"Beans (niebe, red)",KG,Retail,MGA,2800,0.65,650000,https://data.humdata.org/dataset/wfp-food-prices-for-madagascar,2026-09-27
4645:Rice (imported):2026-07-15,2026-07-15,Androy,Bekily,Manambahy Bekitro,4645,Rice (imported),KG,Retail,MGA,2500,0.58,580000,https://data.humdata.org/dataset/wfp-food-prices-for-madagascar,2026-09-27
4645:Rice (local):2026-07-15,2026-07-15,Androy,Bekily,Manambahy Bekitro,4645,Rice (local),KG,Retail,MGA,2400,0.56,560000,https://data.humdata.org/dataset/wfp-food-prices-for-madagascar,2026-09-27
"4645:Oil (vegetable, packaged):2026-07-15",2026-07-15,Androy,Bekily,Manambahy Bekitro,4645,"Oil (vegetable, packaged)",L,Retail,MGA,8500,1.98,1980000,https://data.humdata.org/dataset/wfp-food-prices-for-madagascar,2026-09-27
738:Rice (imported):2026-07-15,2026-07-15,Androy,Bekily,Morafeno Bekily,738,Rice (imported),KG,Retail,MGA,2800,0.65,650000,https://data.humdata.org/dataset/wfp-food-prices-for-madagascar,2026-09-27
738:Rice (local):2026-07-15,2026-07-15,Androy,Bekily,Morafeno Bekily,738,Rice (local),KG,Retail,MGA,2800,0.65,650000,https://data.humdata.org/dataset/wfp-food-prices-for-madagascar,2026-09-27
"738:Oil (vegetable, packaged):2026-07-15",2026-07-15,Androy,Bekily,Morafeno Bekily,738,"Oil (vegetable, packaged)",L,Retail,MGA,9000,2.09,2090000,https://data.humdata.org/dataset/wfp-food-prices-for-madagascar,2026-09-27
"738:Beans (niebe, red):2026-07-15",2026-07-15,Androy,Bekily,Morafeno Bekily,738,"Beans (niebe, red)",KG,Retail,MGA,3600,0.84,840000,https://data.humdata.org/dataset/wfp-food-prices-for-madagascar,2026-09-27
10153:Rice (imported):2026-07-15,2026-07-15,Androy,Beloha,Ambatotsivala,10153,Rice (imported),KG,Retail,MGA,2450,0.57,570000,https://data.humdata.org/dataset/wfp-food-prices-for-madagascar,2026-09-27
10153:Rice (local):2026-07-15,2026-07-15,Androy,Beloha,Ambatotsivala,10153,Rice (local),KG,Retail,MGA,3500,0.81,810000,https://data.humdata.org/dataset/wfp-food-prices-for-madagascar,2026-09-27
"10153:Oil (vegetable, packaged):2026-07-15",2026-07-15,Androy,Beloha,Ambatotsivala,10153,"Oil (vegetable, packaged)",L,Retail,MGA,10000,2.32,2320000,https://data.humdata.org/dataset/wfp-food-prices-for-madagascar,2026-09-27
"10153:Beans (niebe, red):2026-07-15",2026-07-15,Androy,Beloha,Ambatotsivala,10153,"Beans (niebe, red)",KG,Retail,MGA,3400,0.79,790000,https://data.humdata.org/dataset/wfp-food-prices-for-madagascar,2026-09-27
10910:Rice (imported):2026-07-15,2026-07-15,Androy,Beloha,Behabobo,10910,Rice (imported),KG,Retail,MGA,2450,0.57,570000,https://data.humdata.org/dataset/wfp-food-prices-for-madagascar,2026-09-27
10910:Rice (local):2026-07-15,2026-07-15,Androy,Beloha,Behabobo,10910,Rice (local),KG,Retail,MGA,3500,0.81,810000,https://data.humdata.org/dataset/wfp-food-prices-for-madagascar,2026-09-27
"10910:Oil (vegetable, packaged):2026-07-15",2026-07-15,Androy,Beloha,Behabobo,10910,"Oil (vegetable, packaged)",L,Retail,MGA,10000,2.32,2320000,https://data.humdata.org/dataset/wfp-food-prices-for-madagascar,2026-09-27
"10910:Beans (niebe, red):2026-07-15",2026-07-15,Androy,Beloha,Behabobo,10910,"Beans (niebe, red)",KG,Retail,MGA,3400,0.79,790000,https://data.humdata.org/dataset/wfp-food-prices-for-madagascar,2026-09-27
734:Rice (imported):2026-07-15,2026-07-15,Androy,Beloha,Beloha,734,Rice (imported),KG,Retail,MGA,2537.5,0.59,590000,https://data.humdata.org/dataset/wfp-food-prices-for-madagascar,2026-09-27
734:Rice (local):2026-07-15,2026-07-15,Androy,Beloha,Beloha,734,Rice (local),KG,Retail,MGA,3500,0.81,810000,https://data.humdata.org/dataset/wfp-food-prices-for-madagascar,2026-09-27
"734:Oil (vegetable, packaged):2026-07-15",2026-07-15,Androy,Beloha,Beloha,734,"Oil (vegetable, packaged)",L,Retail,MGA,11200,2.6,2600000,https://data.humdata.org/dataset/wfp-food-prices-for-madagascar,2026-09-27
"734:Beans (niebe, red):2026-07-15",2026-07-15,Androy,Beloha,Beloha,734,"Beans (niebe, red)",KG,Retail,MGA,3400,0.79,790000,https://data.humdata.org/dataset/wfp-food-prices-for-madagascar,2026-09-27
10911:Rice (imported):2026-07-15,2026-07-15,Androy,Beloha,Kopoky,10911,Rice (imported),KG,Retail,MGA,2450,0.57,570000,https://data.humdata.org/dataset/wfp-food-prices-for-madagascar,2026-09-27
10911:Rice (local):2026-07-15,2026-07-15,Androy,Beloha,Kopoky,10911,Rice (local),KG,Retail,MGA,3500,0.81,810000,https://data.humdata.org/dataset/wfp-food-prices-for-madagascar,2026-09-27
"10911:Oil (vegetable, packaged):2026-07-15",2026-07-15,Androy,Beloha,Kopoky,10911,"Oil (vegetable, packaged)",L,Retail,MGA,10000,2.32,2320000,https://data.humdata.org/dataset/wfp-food-prices-for-madagascar,2026-09-27
"10911:Beans (niebe, red):2026-07-15",2026-07-15,Androy,Beloha,Kopoky,10911,"Beans (niebe, red)",KG,Retail,MGA,3400,0.79,790000,https://data.humdata.org/dataset/wfp-food-prices-for-madagascar,2026-09-27
6859:Rice (imported):2026-07-15,2026-07-15,Androy,Beloha,Mahahegne,6859,Rice (imported),KG,Retail,MGA,2450,0.57,570000,https://data.humdata.org/dataset/wfp-food-prices-for-madagascar,2026-09-27
6859:Rice (local):2026-07-15,2026-07-15,Androy,Beloha,Mahahegne,6859,Rice (local),KG,Retail,MGA,3500,0.81,810000,https://data.humdata.org/dataset/wfp-food-prices-for-madagascar,2026-09-27
"6859:Oil (vegetable, packaged):2026-07-15",2026-07-15,Androy,Beloha,Mahahegne,6859,"Oil (vegetable, packaged)",L,Retail,MGA,10000,2.32,2320000,https://data.humdata.org/dataset/wfp-food-prices-for-madagascar,2026-09-27
"6859:Beans (niebe, red):2026-07-15",2026-07-15,Androy,Beloha,Mahahegne,6859,"Beans (niebe, red)",KG,Retail,MGA,3400,0.79,790000,https://data.humdata.org/dataset/wfp-food-prices-for-madagascar,2026-09-27
6863:Rice (imported):2026-07-15,2026-07-15,Androy,Beloha,Marolinta,6863,Rice (imported),KG,Retail,MGA,2450,0.57,570000,https://data.humdata.org/dataset/wfp-food-prices-for-madagascar,2026-09-27
6863:Rice (local):2026-07-15,2026-07-15,Androy,Beloha,Marolinta,6863,Rice (local),KG,Retail,MGA,3500,0.81,810000,https://data.humdata.org/dataset/wfp-food-prices-for-madagascar,2026-09-27
"6863:Oil (vegetable, packaged):2026-07-15",2026-07-15,Androy,Beloha,Marolinta,6863,"Oil (vegetable, packaged)",L,Retail,MGA,10000,2.32,2320000,https://data.humdata.org/dataset/wfp-food-prices-for-madagascar,2026-09-27
"6863:Beans (niebe, red):2026-07-15",2026-07-15,Androy,Beloha,Marolinta,6863,"Beans (niebe, red)",KG,Retail,MGA,3400,0.79,790000,https://data.humdata.org/dataset/wfp-food-prices-for-madagascar,2026-09-27
11281:Rice (imported):2026-07-15,2026-07-15,Androy,Beloha,Soamagnitse,11281,Rice (imported),KG,Retail,MGA,2450,0.57,570000,https://data.humdata.org/dataset/wfp-food-prices-for-madagascar,2026-09-27
11281:Rice (local):2026-07-15,2026-07-15,Androy,Beloha,Soamagnitse,11281,Rice (local),KG,Retail,MGA,3500,0.81,810000,https://data.humdata.org/dataset/wfp-food-prices-for-madagascar,2026-09-27
"11281:Oil (vegetable, packaged):2026-07-15",2026-07-15,Androy,Beloha,Soamagnitse,11281,"Oil (vegetable, packaged)",L,Retail,MGA,10000,2.32,2320000,https://data.humdata.org/dataset/wfp-food-prices-for-madagascar,2026-09-27
"11281:Beans (niebe, red):2026-07-15",2026-07-15,Androy,Beloha,Soamagnitse,11281,"Beans (niebe, red)",KG,Retail,MGA,3400,0.79,790000,https://data.humdata.org/dataset/wfp-food-prices-for-madagascar,2026-09-27
4641:Rice (imported):2026-07-15,2026-07-15,Androy,Beloha,Tranoroa,4641,Rice (imported),KG,Retail,MGA,2450,0.57,570000,https://data.humdata.org/dataset/wfp-food-prices-for-madagascar,2026-09-27
4641:Rice (local):2026-07-15,2026-07-15,Androy,Beloha,Tranoroa,4641,Rice (local),KG,Retail,MGA,3500,0.81,810000,https://data.humdata.org/dataset/wfp-food-prices-for-madagascar,2026-09-27
"4641:Oil (vegetable, packaged):2026-07-15",2026-07-15,Androy,Beloha,Tranoroa,4641,"Oil (vegetable, packaged)",L,Retail,MGA,10000,2.32,2320000,https://data.humdata.org/dataset/wfp-food-prices-for-madagascar,2026-09-27
"4641:Beans (niebe, red):2026-07-15",2026-07-15,Androy,Beloha,Tranoroa,4641,"Beans (niebe, red)",KG,Retail,MGA,3400,0.79,790000,https://data.humdata.org/dataset/wfp-food-prices-for-madagascar,2026-09-27
6866:Rice (imported):2026-07-15,2026-07-15,Androy,Beloha,Tranovaho,6866,Rice (imported),KG,Retail,MGA,2450,0.57,570000,https://data.humdata.org/dataset/wfp-food-prices-for-madagascar,2026-09-27
6866:Rice (local):2026-07-15,2026-07-15,Androy,Beloha,Tranovaho,6866,Rice (local),KG,Retail,MGA,3500,0.81,810000,https://data.humdata.org/dataset/wfp-food-prices-for-madagascar,2026-09-27
"6866:Oil (vegetable, packaged):2026-07-15",2026-07-15,Androy,Beloha,Tranovaho,6866,"Oil (vegetable, packaged)",L,Retail,MGA,10000,2.32,2320000,https://data.humdata.org/dataset/wfp-food-prices-for-madagascar,2026-09-27
"6866:Beans (niebe, red):2026-07-15",2026-07-15,Androy,Beloha,Tranovaho,6866,"Beans (niebe, red)",KG,Retail,MGA,3400,0.79,790000,https://data.humdata.org/dataset/wfp-food-prices-for-madagascar,2026-09-27
735:Rice (imported):2026-07-15,2026-07-15,Androy,Tsihombe,Tsihombe,735,Rice (imported),KG,Retail,MGA,2625,0.61,610000,https://data.humdata.org/dataset/wfp-food-prices-for-madagascar,2026-09-27
735:Rice (local):2026-07-15,2026-07-15,Androy,Tsihombe,Tsihombe,735,Rice (local),KG,Retail,MGA,3500,0.81,810000,https://data.humdata.org/dataset/wfp-food-prices-for-madagascar,2026-09-27
"735:Oil (vegetable, packaged):2026-07-15",2026-07-15,Androy,Tsihombe,Tsihombe,735,"Oil (vegetable, packaged)",L,Retail,MGA,11500,2.67,2670000,https://data.humdata.org/dataset/wfp-food-prices-for-madagascar,2026-09-27
"735:Beans (niebe, red):2026-07-15",2026-07-15,Androy,Tsihombe,Tsihombe,735,"Beans (niebe, red)",KG,Retail,MGA,3400,0.79,790000,https://data.humdata.org/dataset/wfp-food-prices-for-madagascar,2026-09-27
736:Rice (imported):2026-08-15,2026-08-15,Androy,Ambovombe-Androy,Ambovombe-androy,736,Rice (imported),KG,Retail,MGA,2916.67,0.68,680000,https://data.humdata.org/dataset/wfp-food-prices-for-madagascar,2026-09-27
736:Rice (local):2026-08-15,2026-08-15,Androy,Ambovombe-Androy,Ambovombe-androy,736,Rice (local),KG,Retail,MGA,3150,0.73,730000,https://data.humdata.org/dataset/wfp-food-prices-for-madagascar,2026-09-27
"736:Oil (vegetable, packaged):2026-08-15",2026-08-15,Androy,Ambovombe-Androy,Ambovombe-androy,736,"Oil (vegetable, packaged)",L,Retail,MGA,9750,2.26,2260000,https://data.humdata.org/dataset/wfp-food-prices-for-madagascar,2026-09-27
"736:Beans (niebe, red):2026-08-15",2026-08-15,Androy,Ambovombe-Androy,Ambovombe-androy,736,"Beans (niebe, red)",KG,Retail,MGA,5000,1.16,1160000,https://data.humdata.org/dataset/wfp-food-prices-for-madagascar,2026-09-27
6557:Rice (imported):2026-08-15,2026-08-15,Androy,Ambovombe-Androy,Ampamata,6557,Rice (imported),KG,Retail,MGA,2800,0.65,650000,https://data.humdata.org/dataset/wfp-food-prices-for-madagascar,2026-09-27
6557:Rice (local):2026-08-15,2026-08-15,Androy,Ambovombe-Androy,Ampamata,6557,Rice (local),KG,Retail,MGA,3500,0.81,810000,https://data.humdata.org/dataset/wfp-food-prices-for-madagascar,2026-09-27
"6557:Oil (vegetable, packaged):2026-08-15",2026-08-15,Androy,Ambovombe-Androy,Ampamata,6557,"Oil (vegetable, packaged)",L,Retail,MGA,10000,2.32,2320000,https://data.humdata.org/dataset/wfp-food-prices-for-madagascar,2026-09-27
"6557:Beans (niebe, red):2026-08-15",2026-08-15,Androy,Ambovombe-Androy,Ampamata,6557,"Beans (niebe, red)",KG,Retail,MGA,2400,0.56,560000,https://data.humdata.org/dataset/wfp-food-prices-for-madagascar,2026-09-27
4972:Rice (imported):2026-08-15,2026-08-15,Androy,Ambovombe-Androy,Andalatanosy,4972,Rice (imported),KG,Retail,MGA,2800,0.65,650000,https://data.humdata.org/dataset/wfp-food-prices-for-madagascar,2026-09-27
4972:Rice (local):2026-08-15,2026-08-15,Androy,Ambovombe-Androy,Andalatanosy,4972,Rice (local),KG,Retail,MGA,3500,0.81,810000,https://data.humdata.org/dataset/wfp-food-prices-for-madagascar,2026-09-27
"4972:Oil (vegetable, packaged):2026-08-15",2026-08-15,Androy,Ambovombe-Androy,Andalatanosy,4972,"Oil (vegetable, packaged)",L,Retail,MGA,10666.67,2.47,2470000,https://data.humdata.org/dataset/wfp-food-prices-for-madagascar,2026-09-27
"4972:Beans (niebe, red):2026-08-15",2026-08-15,Androy,Ambovombe-Androy,Andalatanosy,4972,"Beans (niebe, red)",KG,Retail,MGA,2400,0.56,560000,https://data.humdata.org/dataset/wfp-food-prices-for-madagascar,2026-09-27
9104:Rice (imported):2026-08-15,2026-08-15,Androy,Ambovombe-Androy,Andragnanivo,9104,Rice (imported),KG,Retail,MGA,2800,0.65,650000,https://data.humdata.org/dataset/wfp-food-prices-for-madagascar,2026-09-27
9104:Rice (local):2026-08-15,2026-08-15,Androy,Ambovombe-Androy,Andragnanivo,9104,Rice (local),KG,Retail,MGA,3500,0.81,810000,https://data.humdata.org/dataset/wfp-food-prices-for-madagascar,2026-09-27
"9104:Oil (vegetable, packaged):2026-08-15",2026-08-15,Androy,Ambovombe-Androy,Andragnanivo,9104,"Oil (vegetable, packaged)",L,Retail,MGA,10000,2.32,2320000,https://data.humdata.org/dataset/wfp-food-prices-for-madagascar,2026-09-27
"9104:Beans (niebe, red):2026-08-15",2026-08-15,Androy,Ambovombe-Androy,Andragnanivo,9104,"Beans (niebe, red)",KG,Retail,MGA,2400,0.56,560000,https://data.humdata.org/dataset/wfp-food-prices-for-madagascar,2026-09-27
4644:Rice (imported):2026-08-15,2026-08-15,Androy,Ambovombe-Androy,Antanimora Atsimo,4644,Rice (imported),KG,Retail,MGA,2625,0.61,610000,https://data.humdata.org/dataset/wfp-food-prices-for-madagascar,2026-09-27
4644:Rice (local):2026-08-15,2026-08-15,Androy,Ambovombe-Androy,Antanimora Atsimo,4644,Rice (local),KG,Retail,MGA,3500,0.81,810000,https://data.humdata.org/dataset/wfp-food-prices-for-madagascar,2026-09-27
"4644:Oil (vegetable, packaged):2026-08-15",2026-08-15,Androy,Ambovombe-Androy,Antanimora Atsimo,4644,"Oil (vegetable, packaged)",L,Retail,MGA,10944.44,2.54,2540000,https://data.humdata.org/dataset/wfp-food-prices-for-madagascar,2026-09-27
"4644:Beans (niebe, red):2026-08-15",2026-08-15,Androy,Ambovombe-Androy,Antanimora Atsimo,4644,"Beans (niebe, red)",KG,Retail,MGA,3200,0.74,740000,https://data.humdata.org/dataset/wfp-food-prices-for-madagascar,2026-09-27
6558:Rice (imported):2026-08-15,2026-08-15,Androy,Ambovombe-Androy,Imanombo,6558,Rice (imported),KG,Retail,MGA,2800,0.65,650000,https://data.humdata.org/dataset/wfp-food-prices-for-madagascar,2026-09-27
6558:Rice (local):2026-08-15,2026-08-15,Androy,Ambovombe-Androy,Imanombo,6558,Rice (local),KG,Retail,MGA,3500,0.81,810000,https://data.humdata.org/dataset/wfp-food-prices-for-madagascar,2026-09-27
"6558:Oil (vegetable, packaged):2026-08-15",2026-08-15,Androy,Ambovombe-Androy,Imanombo,6558,"Oil (vegetable, packaged)",L,Retail,MGA,10000,2.32,2320000,https://data.humdata.org/dataset/wfp-food-prices-for-madagascar,2026-09-27
"6558:Beans (niebe, red):2026-08-15",2026-08-15,Androy,Ambovombe-Androy,Imanombo,6558,"Beans (niebe, red)",KG,Retail,MGA,2400,0.56,560000,https://data.humdata.org/dataset/wfp-food-prices-for-madagascar,2026-09-27
6559:Rice (imported):2026-08-15,2026-08-15,Androy,Ambovombe-Androy,Jafaro,6559,Rice (imported),KG,Retail,MGA,2625,0.61,610000,https://data.humdata.org/dataset/wfp-food-prices-for-madagascar,2026-09-27
6559:Rice (local):2026-08-15,2026-08-15,Androy,Ambovombe-Androy,Jafaro,6559,Rice (local),KG,Retail,MGA,3500,0.81,810000,https://data.humdata.org/dataset/wfp-food-prices-for-madagascar,2026-09-27
"6559:Oil (vegetable, packaged):2026-08-15",2026-08-15,Androy,Ambovombe-Androy,Jafaro,6559,"Oil (vegetable, packaged)",L,Retail,MGA,10000,2.32,2320000,https://data.humdata.org/dataset/wfp-food-prices-for-madagascar,2026-09-27
"6559:Beans (niebe, red):2026-08-15",2026-08-15,Androy,Ambovombe-Androy,Jafaro,6559,"Beans (niebe, red)",KG,Retail,MGA,2400,0.56,560000,https://data.humdata.org/dataset/wfp-food-prices-for-madagascar,2026-09-27
"6839:Oil (vegetable, packaged):2026-08-15",2026-08-15,Androy,Bekily,Ambahita,6839,"Oil (vegetable, packaged)",L,Retail,MGA,9000,2.09,2090000,https://data.humdata.org/dataset/wfp-food-prices-for-madagascar,2026-09-27
9136:Rice (imported):2026-08-15,2026-08-15,Androy,Bekily,Ambatomainty,9136,Rice (imported),KG,Retail,MGA,2800,0.65,650000,https://data.humdata.org/dataset/wfp-food-prices-for-madagascar,2026-09-27
"9136:Oil (vegetable, packaged):2026-08-15",2026-08-15,Androy,Bekily,Ambatomainty,9136,"Oil (vegetable, packaged)",L,Retail,MGA,11500,2.67,2670000,https://data.humdata.org/dataset/wfp-food-prices-for-madagascar,2026-09-27
"9136:Beans (niebe, red):2026-08-15",2026-08-15,Androy,Bekily,Ambatomainty,9136,"Beans (niebe, red)",KG,Retail,MGA,2800,0.65,650000,https://data.humdata.org/dataset/wfp-food-prices-for-madagascar,2026-09-27
10151:Rice (imported):2026-08-15,2026-08-15,Androy,Bekily,Beraketa,10151,Rice (imported),KG,Retail,MGA,2362.5,0.55,550000,https://data.humdata.org/dataset/wfp-food-prices-for-madagascar,2026-09-27
10151:Rice (local):2026-08-15,2026-08-15,Androy,Bekily,Beraketa,10151,Rice (local),KG,Retail,MGA,2216.67,0.51,510000,https://data.humdata.org/dataset/wfp-food-prices-for-madagascar,2026-09-27
"10151:Oil (vegetable, packaged):2026-08-15",2026-08-15,Androy,Bekily,Beraketa,10151,"Oil (vegetable, packaged)",L,Retail,MGA,10000,2.32,2320000,https://data.humdata.org/dataset/wfp-food-prices-for-madagascar,2026-09-27
"10151:Beans (niebe, red):2026-08-15",2026-08-15,Androy,Bekily,Beraketa,10151,"Beans (niebe, red)",KG,Retail,MGA,4800,1.11,1110000,https://data.humdata.org/dataset/wfp-food-prices-for-madagascar,2026-09-27
9112:Rice (imported):2026-08-15,2026-08-15,Androy,Bekily,Manakompy,9112,Rice (imported),KG,Retail,MGA,3150,0.73,730000,https://data.humdata.org/dataset/wfp-food-prices-for-madagascar,2026-09-27
"9112:Oil (vegetable, packaged):2026-08-15",2026-08-15,Androy,Bekily,Manakompy,9112,"Oil (vegetable, packaged)",L,Retail,MGA,11000,2.55,2550000,https://data.humdata.org/dataset/wfp-food-prices-for-madagascar,2026-09-27
4645:Rice (imported):2026-08-15,2026-08-15,Androy,Bekily,Manambahy Bekitro,4645,Rice (imported),KG,Retail,MGA,2800,0.65,650000,https://data.humdata.org/dataset/wfp-food-prices-for-madagascar,2026-09-27
4645:Rice (local):2026-08-15,2026-08-15,Androy,Bekily,Manambahy Bekitro,4645,Rice (local),KG,Retail,MGA,3255,0.75,750000,https://data.humdata.org/dataset/wfp-food-prices-for-madagascar,2026-09-27
"4645:Oil (vegetable, packaged):2026-08-15",2026-08-15,Androy,Bekily,Manambahy Bekitro,4645,"Oil (vegetable, packaged)",L,Retail,MGA,10600,2.46,2460000,https://data.humdata.org/dataset/wfp-food-prices-for-madagascar,2026-09-27
"4645:Beans (niebe, red):2026-08-15",2026-08-15,Androy,Bekily,Manambahy Bekitro,4645,"Beans (niebe, red)",KG,Retail,MGA,3771.43,0.87,870000,https://data.humdata.org/dataset/wfp-food-prices-for-madagascar,2026-09-27
7208:Rice (imported):2026-08-15,2026-08-15,Androy,Bekily,Mikaikarivo Ambatomainty,7208,Rice (imported),KG,Retail,MGA,2975,0.69,690000,https://data.humdata.org/dataset/wfp-food-prices-for-madagascar,2026-09-27
"7208:Oil (vegetable, packaged):2026-08-15",2026-08-15,Androy,Bekily,Mikaikarivo Ambatomainty,7208,"Oil (vegetable, packaged)",L,Retail,MGA,12000,2.78,2780000,https://data.humdata.org/dataset/wfp-food-prices-for-madagascar,2026-09-27
"7208:Beans (niebe, red):2026-08-15",2026-08-15,Androy,Bekily,Mikaikarivo Ambatomainty,7208,"Beans (niebe, red)",KG,Retail,MGA,3200,0.74,740000,https://data.humdata.org/dataset/wfp-food-prices-for-madagascar,2026-09-27
738:Rice (imported):2026-08-15,2026-08-15,Androy,Bekily,Morafeno Bekily,738,Rice (imported),KG,Retail,MGA,2756.25,0.64,640000,https://data.humdata.org/dataset/wfp-food-prices-for-madagascar,2026-09-27
738:Rice (local):2026-08-15,2026-08-15,Androy,Bekily,Morafeno Bekily,738,Rice (local),KG,Retail,MGA,2800,0.65,650000,https://data.humdata.org/dataset/wfp-food-prices-for-madagascar,2026-09-27
"738:Oil (vegetable, packaged):2026-08-15",2026-08-15,Androy,Bekily,Morafeno Bekily,738,"Oil (vegetable, packaged)",L,Retail,MGA,9500,2.2,2200000,https://data.humdata.org/dataset/wfp-food-prices-for-madagascar,2026-09-27
"738:Beans (niebe, red):2026-08-15",2026-08-15,Androy,Bekily,Morafeno Bekily,738,"Beans (niebe, red)",KG,Retail,MGA,2750,0.64,640000,https://data.humdata.org/dataset/wfp-food-prices-for-madagascar,2026-09-27
10909:Rice (local):2026-08-15,2026-08-15,Androy,Bekily,Vohimanga,10909,Rice (local),KG,Retail,MGA,2625,0.61,610000,https://data.humdata.org/dataset/wfp-food-prices-for-madagascar,2026-09-27
"10909:Beans (niebe, red):2026-08-15",2026-08-15,Androy,Bekily,Vohimanga,10909,"Beans (niebe, red)",KG,Retail,MGA,4000,0.93,930000,https://data.humdata.org/dataset/wfp-food-prices-for-madagascar,2026-09-27
10153:Rice (imported):2026-08-15,2026-08-15,Androy,Beloha,Ambatotsivala,10153,Rice (imported),KG,Retail,MGA,2800,0.65,650000,https://data.humdata.org/dataset/wfp-food-prices-for-madagascar,2026-09-27
10153:Rice (local):2026-08-15,2026-08-15,Androy,Beloha,Ambatotsivala,10153,Rice (local),KG,Retail,MGA,3500,0.81,810000,https://data.humdata.org/dataset/wfp-food-prices-for-madagascar,2026-09-27
"10153:Oil (vegetable, packaged):2026-08-15",2026-08-15,Androy,Beloha,Ambatotsivala,10153,"Oil (vegetable, packaged)",L,Retail,MGA,10000,2.32,2320000,https://data.humdata.org/dataset/wfp-food-prices-for-madagascar,2026-09-27
"10153:Beans (niebe, red):2026-08-15",2026-08-15,Androy,Beloha,Ambatotsivala,10153,"Beans (niebe, red)",KG,Retail,MGA,2400,0.56,560000,https://data.humdata.org/dataset/wfp-food-prices-for-madagascar,2026-09-27
10910:Rice (imported):2026-08-15,2026-08-15,Androy,Beloha,Behabobo,10910,Rice (imported),KG,Retail,MGA,2800,0.65,650000,https://data.humdata.org/dataset/wfp-food-prices-for-madagascar,2026-09-27
10910:Rice (local):2026-08-15,2026-08-15,Androy,Beloha,Behabobo,10910,Rice (local),KG,Retail,MGA,3500,0.81,810000,https://data.humdata.org/dataset/wfp-food-prices-for-madagascar,2026-09-27
"10910:Oil (vegetable, packaged):2026-08-15",2026-08-15,Androy,Beloha,Behabobo,10910,"Oil (vegetable, packaged)",L,Retail,MGA,10000,2.32,2320000,https://data.humdata.org/dataset/wfp-food-prices-for-madagascar,2026-09-27
"10910:Beans (niebe, red):2026-08-15",2026-08-15,Androy,Beloha,Behabobo,10910,"Beans (niebe, red)",KG,Retail,MGA,2400,0.56,560000,https://data.humdata.org/dataset/wfp-food-prices-for-madagascar,2026-09-27
734:Rice (imported):2026-08-15,2026-08-15,Androy,Beloha,Beloha,734,Rice (imported),KG,Retail,MGA,2800,0.65,650000,https://data.humdata.org/dataset/wfp-food-prices-for-madagascar,2026-09-27
734:Rice (local):2026-08-15,2026-08-15,Androy,Beloha,Beloha,734,Rice (local),KG,Retail,MGA,3500,0.81,810000,https://data.humdata.org/dataset/wfp-food-prices-for-madagascar,2026-09-27
"734:Oil (vegetable, packaged):2026-08-15",2026-08-15,Androy,Beloha,Beloha,734,"Oil (vegetable, packaged)",L,Retail,MGA,10333.33,2.4,2400000,https://data.humdata.org/dataset/wfp-food-prices-for-madagascar,2026-09-27
"734:Beans (niebe, red):2026-08-15",2026-08-15,Androy,Beloha,Beloha,734,"Beans (niebe, red)",KG,Retail,MGA,2800,0.65,650000,https://data.humdata.org/dataset/wfp-food-prices-for-madagascar,2026-09-27
10911:Rice (imported):2026-08-15,2026-08-15,Androy,Beloha,Kopoky,10911,Rice (imported),KG,Retail,MGA,2800,0.65,650000,https://data.humdata.org/dataset/wfp-food-prices-for-madagascar,2026-09-27
10911:Rice (local):2026-08-15,2026-08-15,Androy,Beloha,Kopoky,10911,Rice (local),KG,Retail,MGA,3500,0.81,810000,https://data.humdata.org/dataset/wfp-food-prices-for-madagascar,2026-09-27
"10911:Oil (vegetable, packaged):2026-08-15",2026-08-15,Androy,Beloha,Kopoky,10911,"Oil (vegetable, packaged)",L,Retail,MGA,10000,2.32,2320000,https://data.humdata.org/dataset/wfp-food-prices-for-madagascar,2026-09-27
"10911:Beans (niebe, red):2026-08-15",2026-08-15,Androy,Beloha,Kopoky,10911,"Beans (niebe, red)",KG,Retail,MGA,2400,0.56,560000,https://data.humdata.org/dataset/wfp-food-prices-for-madagascar,2026-09-27
6859:Rice (imported):2026-08-15,2026-08-15,Androy,Beloha,Mahahegne,6859,Rice (imported),KG,Retail,MGA,2800,0.65,650000,https://data.humdata.org/dataset/wfp-food-prices-for-madagascar,2026-09-27
6859:Rice (local):2026-08-15,2026-08-15,Androy,Beloha,Mahahegne,6859,Rice (local),KG,Retail,MGA,3500,0.81,810000,https://data.humdata.org/dataset/wfp-food-prices-for-madagascar,2026-09-27
"6859:Oil (vegetable, packaged):2026-08-15",2026-08-15,Androy,Beloha,Mahahegne,6859,"Oil (vegetable, packaged)",L,Retail,MGA,10000,2.32,2320000,https://data.humdata.org/dataset/wfp-food-prices-for-madagascar,2026-09-27
"6859:Beans (niebe, red):2026-08-15",2026-08-15,Androy,Beloha,Mahahegne,6859,"Beans (niebe, red)",KG,Retail,MGA,2400,0.56,560000,https://data.humdata.org/dataset/wfp-food-prices-for-madagascar,2026-09-27
6863:Rice (imported):2026-08-15,2026-08-15,Androy,Beloha,Marolinta,6863,Rice (imported),KG,Retail,MGA,2800,0.65,650000,https://data.humdata.org/dataset/wfp-food-prices-for-madagascar,2026-09-27
6863:Rice (local):2026-08-15,2026-08-15,Androy,Beloha,Marolinta,6863,Rice (local),KG,Retail,MGA,3500,0.81,810000,https://data.humdata.org/dataset/wfp-food-prices-for-madagascar,2026-09-27
"6863:Oil (vegetable, packaged):2026-08-15",2026-08-15,Androy,Beloha,Marolinta,6863,"Oil (vegetable, packaged)",L,Retail,MGA,10000,2.32,2320000,https://data.humdata.org/dataset/wfp-food-prices-for-madagascar,2026-09-27
"6863:Beans (niebe, red):2026-08-15",2026-08-15,Androy,Beloha,Marolinta,6863,"Beans (niebe, red)",KG,Retail,MGA,2400,0.56,560000,https://data.humdata.org/dataset/wfp-food-prices-for-madagascar,2026-09-27
11281:Rice (imported):2026-08-15,2026-08-15,Androy,Beloha,Soamagnitse,11281,Rice (imported),KG,Retail,MGA,2800,0.65,650000,https://data.humdata.org/dataset/wfp-food-prices-for-madagascar,2026-09-27
11281:Rice (local):2026-08-15,2026-08-15,Androy,Beloha,Soamagnitse,11281,Rice (local),KG,Retail,MGA,3500,0.81,810000,https://data.humdata.org/dataset/wfp-food-prices-for-madagascar,2026-09-27
"11281:Oil (vegetable, packaged):2026-08-15",2026-08-15,Androy,Beloha,Soamagnitse,11281,"Oil (vegetable, packaged)",L,Retail,MGA,10000,2.32,2320000,https://data.humdata.org/dataset/wfp-food-prices-for-madagascar,2026-09-27
"11281:Beans (niebe, red):2026-08-15",2026-08-15,Androy,Beloha,Soamagnitse,11281,"Beans (niebe, red)",KG,Retail,MGA,2400,0.56,560000,https://data.humdata.org/dataset/wfp-food-prices-for-madagascar,2026-09-27
4641:Rice (imported):2026-08-15,2026-08-15,Androy,Beloha,Tranoroa,4641,Rice (imported),KG,Retail,MGA,2800,0.65,650000,https://data.humdata.org/dataset/wfp-food-prices-for-madagascar,2026-09-27
4641:Rice (local):2026-08-15,2026-08-15,Androy,Beloha,Tranoroa,4641,Rice (local),KG,Retail,MGA,3500,0.81,810000,https://data.humdata.org/dataset/wfp-food-prices-for-madagascar,2026-09-27
"4641:Oil (vegetable, packaged):2026-08-15",2026-08-15,Androy,Beloha,Tranoroa,4641,"Oil (vegetable, packaged)",L,Retail,MGA,10000,2.32,2320000,https://data.humdata.org/dataset/wfp-food-prices-for-madagascar,2026-09-27
"4641:Beans (niebe, red):2026-08-15",2026-08-15,Androy,Beloha,Tranoroa,4641,"Beans (niebe, red)",KG,Retail,MGA,2400,0.56,560000,https://data.humdata.org/dataset/wfp-food-prices-for-madagascar,2026-09-27
6866:Rice (imported):2026-08-15,2026-08-15,Androy,Beloha,Tranovaho,6866,Rice (imported),KG,Retail,MGA,2800,0.65,650000,https://data.humdata.org/dataset/wfp-food-prices-for-madagascar,2026-09-27
6866:Rice (local):2026-08-15,2026-08-15,Androy,Beloha,Tranovaho,6866,Rice (local),KG,Retail,MGA,3500,0.81,810000,https://data.humdata.org/dataset/wfp-food-prices-for-madagascar,2026-09-27
"6866:Oil (vegetable, packaged):2026-08-15",2026-08-15,Androy,Beloha,Tranovaho,6866,"Oil (vegetable, packaged)",L,Retail,MGA,10000,2.32,2320000,https://data.humdata.org/dataset/wfp-food-prices-for-madagascar,2026-09-27
"6866:Beans (niebe, red):2026-08-15",2026-08-15,Androy,Beloha,Tranovaho,6866,"Beans (niebe, red)",KG,Retail,MGA,2400,0.56,560000,https://data.humdata.org/dataset/wfp-food-prices-for-madagascar,2026-09-27
735:Rice (imported):2026-08-15,2026-08-15,Androy,Tsihombe,Tsihombe,735,Rice (imported),KG,Retail,MGA,2625,0.61,610000,https://data.humdata.org/dataset/wfp-food-prices-for-madagascar,2026-09-27
735:Rice (local):2026-08-15,2026-08-15,Androy,Tsihombe,Tsihombe,735,Rice (local),KG,Retail,MGA,3500,0.81,810000,https://data.humdata.org/dataset/wfp-food-prices-for-madagascar,2026-09-27
"735:Oil (vegetable, packaged):2026-08-15",2026-08-15,Androy,Tsihombe,Tsihombe,735,"Oil (vegetable, packaged)",L,Retail,MGA,11500,2.67,2670000,https://data.humdata.org/dataset/wfp-food-prices-for-madagascar,2026-09-27
"735:Beans (niebe, red):2026-08-15",2026-08-15,Androy,Tsihombe,Tsihombe,735,"Beans (niebe, red)",KG,Retail,MGA,3800,0.88,880000,https://data.humdata.org/dataset/wfp-food-prices-for-madagascar,2026-09-27
